{"stats":{"minecraft:killed":{"minecraft:skeleton":1,"minecraft:iron_golem":4,"minecraft:villager":6},"minecraft:custom":{"minecraft:time_since_rest":42212,"minecraft:sprint_one_cm":52456,"minecraft:damage_taken":695,"minecraft:walk_one_cm":42962,"minecraft:mob_kills":12,"minecraft:drop":4,"minecraft:inspect_hopper":1,"minecraft:damage_dealt":5617,"minecraft:talked_to_villager":1,"minecraft:swim_one_cm":5316,"minecraft:fly_one_cm":198502,"minecraft:open_chest":3,"minecraft:crouch_one_cm":8569,"minecraft:play_time":46748,"minecraft:deaths":2,"minecraft:sneak_time":3684,"minecraft:walk_under_water_one_cm":7506,"minecraft:boat_one_cm":4208,"minecraft:jump":462,"minecraft:leave_game":5,"minecraft:walk_on_water_one_cm":3504,"minecraft:time_since_death":42185,"minecraft:total_world_time":46748,"minecraft:fall_one_cm":13326},"minecraft:killed_by":{"minecraft:player":1,"minecraft:polar_bear":1},"minecraft:used":{"minecraft:water_bucket":9,"minecraft:lava_bucket":5,"minecraft:cobblestone_stairs":28,"minecraft:villager_spawn_egg":12,"minecraft:stone_shovel":594,"minecraft:oak_button":162,"minecraft:oak_sign":33,"minecraft:chest":4,"minecraft:iron_sword":24,"minecraft:zombie_spawn_egg":3,"minecraft:bell":2,"minecraft:barrel":9,"minecraft:stone_axe":38,"minecraft:stripped_mangrove_wood":1,"minecraft:dirt":567,"minecraft:oak_slab":11,"minecraft:tnt":2,"minecraft:hopper":3,"minecraft:oak_boat":3,"minecraft:white_bed":10},"minecraft:mined":{"minecraft:short_grass":1,"minecraft:grass_block":1,"minecraft:oak_leaves":2},"minecraft:dropped":{"minecraft:iron_ingot":3,"minecraft:poppy":1},"minecraft:picked_up":{"minecraft:dandelion":1,"minecraft:cornflower":1,"minecraft:dirt":26,"minecraft:arrow":2,"minecraft:bone":1,"minecraft:oak_sign":3,"minecraft:wheat_seeds":1,"minecraft:bell":1,"minecraft:iron_ingot":3,"minecraft:poppy":3,"minecraft:oak_button":2}},"DataVersion":3953}