{"stats":{"minecraft:dropped":{"minecraft:iron_ingot":1,"minecraft:wheat_seeds":2,"minecraft:glass_bottle":1,"minecraft:tropical_fish":2,"minecraft:dirt":2,"minecraft:rabbit":1,"minecraft:sweet_berries":1,"minecraft:sugar_cane":3,"minecraft:rotten_flesh":3,"minecraft:poppy":3,"minecraft:rabbit_hide":1,"minecraft:oak_button":62,"minecraft:wooden_shovel":1},"minecraft:killed":{"minecraft:tadpole":1,"minecraft:pig":4,"minecraft:iron_golem":2,"minecraft:creeper":1,"minecraft:sheep":5,"minecraft:zombie":8,"minecraft:stray":1,"minecraft:cow":6},"minecraft:custom":{"minecraft:interact_with_anvil":2,"minecraft:mob_kills":28,"minecraft:interact_with_crafting_table":28,"minecraft:open_barrel":2,"minecraft:leave_game":7,"minecraft:time_since_death":68812,"minecraft:climb_one_cm":10805,"minecraft:sprint_one_cm":630213,"minecraft:walk_one_cm":279667,"minecraft:drop":22,"minecraft:talked_to_villager":6,"minecraft:play_time":160856,"minecraft:deaths":2,"minecraft:sneak_time":18179,"minecraft:walk_under_water_one_cm":6006,"minecraft:boat_one_cm":325760,"minecraft:jump":3322,"minecraft:interact_with_brewingstand":1,"minecraft:walk_on_water_one_cm":23430,"minecraft:total_world_time":160856,"minecraft:interact_with_furnace":15,"minecraft:sleep_in_bed":2,"minecraft:time_since_rest":68839,"minecraft:damage_taken":2002,"minecraft:damage_dealt":6291,"minecraft:swim_one_cm":23674,"minecraft:fly_one_cm":805109,"minecraft:player_kills":3,"minecraft:open_chest":66,"minecraft:crouch_one_cm":58467,"minecraft:fish_caught":4,"minecraft:fall_one_cm":104762},"minecraft:used":{"minecraft:iron_shovel":512,"minecraft:flint_and_steel":1,"minecraft:spruce_slab":37,"minecraft:ladder":10,"minecraft:poppy":3,"minecraft:spruce_planks":12,"minecraft:chest":6,"minecraft:white_terracotta":5,"minecraft:wooden_shovel":36,"minecraft:bell":1,"minecraft:iron_chestplate":1,"minecraft:dirt":442,"minecraft:mutton":1,"minecraft:hopper":1,"minecraft:golden_shovel":28,"minecraft:snowball":27,"minecraft:spruce_fence":4,"minecraft:wooden_axe":10,"minecraft:lava_bucket":12,"minecraft:villager_spawn_egg":3,"minecraft:lantern":1,"minecraft:iron_axe":49,"minecraft:spruce_button":53,"minecraft:iron_helmet":1,"minecraft:barrel":7,"minecraft:bamboo":126,"minecraft:basalt":7,"minecraft:sweet_berries":76,"minecraft:furnace":4,"minecraft:cooked_beef":12,"minecraft:powder_snow_bucket":2,"minecraft:golden_axe":21,"minecraft:wheat_seeds":1,"minecraft:cooked_mutton":5,"minecraft:water_bucket":56,"minecraft:snow_block":42,"minecraft:stone_pickaxe":61,"minecraft:oak_planks":3,"minecraft:wooden_pickaxe":9,"minecraft:composter":6,"minecraft:spruce_sign":9,"minecraft:cobblestone_slab":22,"minecraft:blue_bed":2,"minecraft:fletching_table":1,"minecraft:sugar_cane":61,"minecraft:oak_leaves":20,"minecraft:tnt":1,"minecraft:crafting_table":4,"minecraft:red_bed":2,"minecraft:white_bed":26,"minecraft:cod":2,"minecraft:shears":21,"minecraft:diamond_shovel":589,"minecraft:bread":3,"minecraft:iron_pickaxe":26,"minecraft:spruce_sapling":12,"minecraft:stone_axe":110,"minecraft:fishing_rod":7,"minecraft:cobblestone":1,"minecraft:potion":1,"minecraft:cooked_porkchop":11,"minecraft:bucket":71,"minecraft:oak_boat":16},"minecraft:mined":{"minecraft:diamond_ore":1,"minecraft:spruce_planks":3,"minecraft:white_bed":16,"minecraft:brewing_stand":1,"minecraft:grass_block":198,"minecraft:spruce_fence":4,"minecraft:spruce_leaves":20,"minecraft:composter":6,"minecraft:tall_seagrass":1,"minecraft:spruce_sapling":5,"minecraft:furnace":4,"minecraft:fire":1,"minecraft:iron_ore":5,"minecraft:snow":197,"minecraft:pumpkin":30,"minecraft:bell":1,"minecraft:dirt_path":23,"minecraft:potatoes":18,"minecraft:vine":3,"minecraft:water_cauldron":5,"minecraft:iron_bars":1,"minecraft:bamboo_sapling":2,"minecraft:bamboo":12,"minecraft:stone":23,"minecraft:light_gray_carpet":1,"minecraft:brown_mushroom":5,"minecraft:red_bed":2,"minecraft:kelp_plant":2,"minecraft:snow_block":4,"minecraft:basalt":8,"minecraft:dandelion":3,"minecraft:crafting_table":2,"minecraft:short_grass":52,"minecraft:poppy":5,"minecraft:melon":1,"minecraft:chest":2,"minecraft:tall_grass":7,"minecraft:sugar_cane":18,"minecraft:blue_bed":3,"minecraft:sniffer_egg":1,"minecraft:white_terracotta":6,"minecraft:wheat":1,"minecraft:sweet_berry_bush":27,"minecraft:ice":6,"minecraft:white_carpet":1,"minecraft:spruce_log":36,"minecraft:tnt":1,"minecraft:oak_log":14,"minecraft:gravel":17,"minecraft:dirt":112,"minecraft:oak_leaves":37,"minecraft:fern":1},"minecraft:crafted":{"minecraft:oak_planks":56,"minecraft:cobblestone_slab":24,"minecraft:barrel":4,"minecraft:spruce_button":14,"minecraft:cooked_mutton":3,"minecraft:iron_axe":1,"minecraft:ladder":12,"minecraft:spruce_slab":54,"minecraft:stone_pickaxe":2,"minecraft:chest":2,"minecraft:oak_button":62,"minecraft:cooked_beef":12,"minecraft:cooked_porkchop":6,"minecraft:crafting_table":1,"minecraft:spruce_planks":144,"minecraft:iron_helmet":1,"minecraft:wooden_pickaxe":2,"minecraft:fletching_table":1,"minecraft:bucket":2,"minecraft:stone_axe":2,"minecraft:air":0,"minecraft:oak_boat":1,"minecraft:iron_chestplate":1,"minecraft:shield":1,"minecraft:stick":60,"minecraft:iron_pickaxe":1,"minecraft:wooden_axe":1,"minecraft:snow_block":50,"minecraft:iron_shovel":3,"minecraft:white_bed":12,"minecraft:shears":1},"minecraft:picked_up":{"minecraft:fishing_rod":1,"minecraft:crafting_table":2,"minecraft:ominous_bottle":1,"minecraft:leather_leggings":1,"minecraft:brown_mushroom":5,"minecraft:oak_stairs":64,"minecraft:potion":1,"minecraft:brewing_stand":1,"minecraft:red_bed":2,"minecraft:iron_axe":1,"minecraft:white_carpet":1,"minecraft:iron_shovel":1,"minecraft:spruce_planks":71,"minecraft:beef":12,"minecraft:oak_boat":14,"minecraft:wooden_shovel":1,"minecraft:spruce_slab":32,"minecraft:poppy":13,"minecraft:iron_pickaxe":1,"minecraft:melon_slice":4,"minecraft:sugar_cane":101,"minecraft:chest":2,"minecraft:furnace":4,"minecraft:stick":10,"minecraft:raw_iron":5,"minecraft:composter":6,"minecraft:spruce_fence":4,"minecraft:porkchop":6,"minecraft:cauldron":5,"minecraft:sniffer_egg":1,"minecraft:tnt":1,"minecraft:arrow":2,"minecraft:rotten_flesh":8,"minecraft:tropical_fish":2,"minecraft:shears":1,"minecraft:white_terracotta":5,"minecraft:mutton":6,"minecraft:cod":3,"minecraft:snowball":262,"minecraft:white_wool":38,"minecraft:cobblestone":45,"minecraft:basalt":7,"minecraft:cooked_beef":6,"minecraft:water_bucket":1,"minecraft:leather":8,"minecraft:potato":18,"minecraft:flint":3,"minecraft:oak_log":14,"minecraft:lily_pad":15,"minecraft:blue_bed":3,"minecraft:dirt":425,"minecraft:lantern":1,"minecraft:name_tag":2,"minecraft:cooked_mutton":4,"minecraft:bone":1,"minecraft:kelp":12,"minecraft:wheat_seeds":7,"minecraft:rabbit_hide":1,"minecraft:bell":1,"minecraft:iron_ingot":182,"minecraft:rabbit":1,"minecraft:bamboo":126,"minecraft:oak_planks":53,"minecraft:pumpkin":60,"minecraft:sweet_berries":100,"minecraft:dandelion":3,"minecraft:gravel":14,"minecraft:spruce_sapling":12,"minecraft:white_bed":15,"minecraft:spruce_log":36,"minecraft:diamond_shovel":1,"minecraft:slime_ball":8,"minecraft:diamond":1,"minecraft:honey_block":3,"minecraft:spruce_button":6,"minecraft:bread":3,"minecraft:oak_button":49,"minecraft:light_gray_carpet":1,"minecraft:oak_leaves":21},"minecraft:broken":{"minecraft:iron_shovel":1,"minecraft:golden_axe":1,"minecraft:stone_axe":1}},"DataVersion":3953}