{"stats":{"minecraft:killed_by":{"minecraft:player":1,"minecraft:zombie":1},"minecraft:used":{"minecraft:beetroot":3,"minecraft:oak_trapdoor":3,"minecraft:oak_fence":42,"minecraft:iron_shovel":577,"minecraft:stone_shovel":760,"minecraft:poppy":1,"minecraft:oak_sign":3,"minecraft:chest":4,"minecraft:iron_sword":73,"minecraft:bell":2,"minecraft:cooked_chicken":2,"minecraft:iron_chestplate":1,"minecraft:torch":1,"minecraft:dirt":673,"minecraft:mutton":2,"minecraft:white_carpet":3,"minecraft:hopper":1,"minecraft:carrot":14,"minecraft:spruce_fence":1,"minecraft:azure_bluet":1,"minecraft:obsidian":1,"minecraft:iron_hoe":212,"minecraft:sea_lantern":8,"minecraft:lava_bucket":3,"minecraft:warped_hyphae":70,"minecraft:iron_axe":190,"minecraft:grass_block":28,"minecraft:cherry_slab":6,"minecraft:barrel":3,"minecraft:bamboo":213,"minecraft:birch_button":6,"minecraft:birch_trapdoor":2,"minecraft:oak_sapling":6,"minecraft:furnace":5,"minecraft:cooked_beef":2,"minecraft:potato":20,"minecraft:wheat_seeds":24,"minecraft:cooked_mutton":1,"minecraft:water_bucket":15,"minecraft:bamboo_mosaic":66,"minecraft:birch_planks":11,"minecraft:stone_pickaxe":34,"minecraft:oak_planks":77,"minecraft:ender_pearl":2,"minecraft:wooden_pickaxe":4,"minecraft:cherry_planks":1,"minecraft:fletching_table":18,"minecraft:white_wool":3,"minecraft:sand":11,"minecraft:oak_slab":36,"minecraft:crafting_table":2,"minecraft:blast_furnace":1,"minecraft:birch_sign":6,"minecraft:white_bed":19,"minecraft:painting":13,"minecraft:piglin_head":17,"minecraft:birch_fence":18,"minecraft:oak_log":1,"minecraft:cornflower":1,"minecraft:wind_charge":39,"minecraft:bread":42,"minecraft:oak_button":11,"minecraft:iron_pickaxe":193,"minecraft:gravel":8,"minecraft:stone_axe":98,"minecraft:cobblestone":14,"minecraft:end_crystal":3,"minecraft:grindstone":1,"minecraft:porkchop":6,"minecraft:cooked_porkchop":3,"minecraft:smithing_table":2,"minecraft:bucket":19,"minecraft:smooth_stone_slab":1,"minecraft:yellow_bed":1,"minecraft:oak_boat":1,"minecraft:birch_stairs":33},"minecraft:broken":{"minecraft:iron_shovel":2,"minecraft:stone_shovel":5},"minecraft:crafted":{"minecraft:oak_planks":288,"minecraft:oak_sign":6,"minecraft:stone_shovel":10,"minecraft:barrel":4,"minecraft:furnace":1,"minecraft:white_carpet":3,"minecraft:cooked_mutton":5,"minecraft:hopper":1,"minecraft:iron_boots":2,"minecraft:iron_axe":2,"minecraft:iron_hoe":1,"minecraft:stone_pickaxe":1,"minecraft:chest":5,"minecraft:oak_button":9,"minecraft:oak_fence":39,"minecraft:birch_sign":6,"minecraft:wheat":45,"minecraft:oak_slab":48,"minecraft:emerald":9,"minecraft:cooked_porkchop":8,"minecraft:crafting_table":2,"minecraft:wooden_pickaxe":1,"minecraft:iron_helmet":2,"minecraft:iron_sword":2,"minecraft:smithing_table":1,"minecraft:bucket":1,"minecraft:birch_planks":40,"minecraft:stone_axe":1,"minecraft:bread":39,"minecraft:air":0,"minecraft:oak_boat":1,"minecraft:iron_chestplate":1,"minecraft:shield":1,"minecraft:stick":204,"minecraft:iron_ingot":4,"minecraft:iron_pickaxe":3,"minecraft:iron_shovel":3,"minecraft:iron_leggings":2,"minecraft:white_bed":14,"minecraft:shears":1},"minecraft:dropped":{"minecraft:water_bucket":1,"minecraft:bread":3,"minecraft:wheat_seeds":35,"minecraft:golden_helmet":1,"minecraft:oak_log":12,"minecraft:feather":4,"minecraft:cobblestone":6,"minecraft:warped_hyphae":1,"minecraft:grass_block":1,"minecraft:stick":4,"minecraft:flint":2,"minecraft:dirt":8,"minecraft:torch":1,"minecraft:cornflower":1,"minecraft:oak_stairs":1,"minecraft:armadillo_scute":1,"minecraft:birch_log":1,"minecraft:dandelion":1,"minecraft:bone":3,"minecraft:wheat":1,"minecraft:rotten_flesh":3,"minecraft:oak_planks":4,"minecraft:poppy":3,"minecraft:beetroot_seeds":6,"minecraft:spider_eye":1,"minecraft:bamboo":4,"minecraft:arrow":2,"minecraft:stone_pickaxe":1,"minecraft:wooden_pickaxe":3},"minecraft:killed":{"minecraft:spider":3,"minecraft:skeleton":3,"minecraft:chicken":3,"minecraft:turtle":1,"minecraft:wolf":1,"minecraft:pig":11,"minecraft:iron_golem":2,"minecraft:creeper":4,"minecraft:sheep":6,"minecraft:zombie":26,"minecraft:villager":1,"minecraft:enderman":3},"minecraft:mined":{"minecraft:white_bed":5,"minecraft:mossy_cobblestone":17,"minecraft:oak_door":1,"minecraft:cobblestone_stairs":3,"minecraft:brewing_stand":2,"minecraft:grass_block":380,"minecraft:hay_block":5,"minecraft:oak_trapdoor":3,"minecraft:carrots":4,"minecraft:furnace":4,"minecraft:fire":5,"minecraft:azure_bluet":1,"minecraft:bell":2,"minecraft:potatoes":5,"minecraft:dirt_path":37,"minecraft:oak_stairs":64,"minecraft:iron_bars":2,"minecraft:stripped_oak_log":4,"minecraft:bamboo_sapling":1,"minecraft:bamboo":75,"minecraft:stone":19,"minecraft:white_wool":1,"minecraft:smithing_table":1,"minecraft:oak_slab":1,"minecraft:glass_pane":4,"minecraft:dandelion":1,"minecraft:oak_fence":3,"minecraft:crafting_table":1,"minecraft:torch":2,"minecraft:short_grass":300,"minecraft:blast_furnace":1,"minecraft:poppy":4,"minecraft:chest":1,"minecraft:cobblestone":152,"minecraft:oak_planks":67,"minecraft:wall_torch":1,"minecraft:white_terracotta":1,"minecraft:birch_planks":30,"minecraft:cobblestone_wall":1,"minecraft:birch_log":10,"minecraft:wheat":3,"minecraft:yellow_bed":1,"minecraft:smooth_stone_slab":15,"minecraft:coal_ore":1,"minecraft:oak_log":70,"minecraft:beetroots":3,"minecraft:birch_button":1,"minecraft:gravel":6,"minecraft:sand":9,"minecraft:dirt":211,"minecraft:oak_button":2,"minecraft:oak_leaves":16},"minecraft:custom":{"minecraft:mob_kills":66,"minecraft:inspect_hopper":1,"minecraft:interact_with_crafting_table":50,"minecraft:open_barrel":9,"minecraft:bell_ring":1,"minecraft:leave_game":8,"minecraft:time_since_death":141330,"minecraft:climb_one_cm":1161,"minecraft:sprint_one_cm":821904,"minecraft:walk_one_cm":424554,"minecraft:drop":76,"minecraft:talked_to_villager":22,"minecraft:play_time":259263,"minecraft:deaths":4,"minecraft:sneak_time":29461,"minecraft:walk_under_water_one_cm":7838,"minecraft:boat_one_cm":7790,"minecraft:jump":3925,"minecraft:walk_on_water_one_cm":11452,"minecraft:total_world_time":259263,"minecraft:interact_with_furnace":32,"minecraft:traded_with_villager":18,"minecraft:sleep_in_bed":5,"minecraft:time_since_rest":14262,"minecraft:damage_taken":2876,"minecraft:damage_dealt":12883,"minecraft:player_kills":4,"minecraft:swim_one_cm":14439,"minecraft:fly_one_cm":1033644,"minecraft:open_chest":86,"minecraft:crouch_one_cm":112426,"minecraft:fall_one_cm":132165},"minecraft:picked_up":{"minecraft:crafting_table":1,"minecraft:iron_chestplate":1,"minecraft:wheat":2,"minecraft:azure_bluet":2,"minecraft:chicken":3,"minecraft:smithing_table":1,"minecraft:wooden_pickaxe":2,"minecraft:oak_stairs":49,"minecraft:birch_button":6,"minecraft:brewing_stand":2,"minecraft:shield":1,"minecraft:cornflower":4,"minecraft:oak_trapdoor":3,"minecraft:string":1,"minecraft:iron_axe":1,"minecraft:smooth_stone_slab":14,"minecraft:iron_shovel":1,"minecraft:beetroot":3,"minecraft:bucket":2,"minecraft:poppy":5,"minecraft:chest":1,"minecraft:furnace":4,"minecraft:stick":7,"minecraft:sandstone":2,"minecraft:oak_door":1,"minecraft:oak_fence":6,"minecraft:torch":10,"minecraft:porkchop":24,"minecraft:carrot":14,"minecraft:stone_shovel":1,"minecraft:arrow":2,"minecraft:rotten_flesh":29,"minecraft:beetroot_seeds":6,"minecraft:hay_block":5,"minecraft:armadillo_scute":1,"minecraft:mutton":9,"minecraft:iron_bars":2,"minecraft:cobblestone":176,"minecraft:white_wool":49,"minecraft:stripped_oak_log":4,"minecraft:birch_log":11,"minecraft:feather":4,"minecraft:cooked_beef":2,"minecraft:water_bucket":1,"minecraft:potato":20,"minecraft:birch_planks":41,"minecraft:flint":1,"minecraft:oak_log":81,"minecraft:cobblestone_wall":1,"minecraft:yellow_bed":1,"minecraft:gunpowder":4,"minecraft:cobblestone_stairs":3,"minecraft:dirt":753,"minecraft:piglin_head":1,"minecraft:bone":4,"minecraft:wheat_seeds":75,"minecraft:bell":2,"minecraft:iron_ingot":9,"minecraft:cooked_chicken":2,"minecraft:bamboo":153,"minecraft:oak_planks":102,"minecraft:oak_slab":1,"minecraft:dandelion":3,"minecraft:oak_pressure_plate":1,"minecraft:gravel":5,"minecraft:sand":27,"minecraft:blast_furnace":1,"minecraft:white_bed":5,"minecraft:grass_block":3,"minecraft:mossy_cobblestone":17,"minecraft:spider_eye":2,"minecraft:bread":34,"minecraft:oak_button":4,"minecraft:oak_sapling":6,"minecraft:coal":1,"minecraft:ender_pearl":2}},"DataVersion":3953}