{"stats":{"minecraft:dropped":{"minecraft:sweet_berries":1,"minecraft:sugar_cane":3,"minecraft:wheat_seeds":1,"minecraft:rotten_flesh":3,"minecraft:rabbit_hide":1,"minecraft:oak_button":62,"minecraft:rabbit":1},"minecraft:killed":{"minecraft:pig":4,"minecraft:iron_golem":1,"minecraft:creeper":1,"minecraft:sheep":5,"minecraft:zombie":5,"minecraft:cow":6},"minecraft:custom":{"minecraft:interact_with_furnace":13,"minecraft:mob_kills":22,"minecraft:interact_with_crafting_table":13,"minecraft:leave_game":6,"minecraft:time_since_death":85327,"minecraft:sleep_in_bed":2,"minecraft:climb_one_cm":7798,"minecraft:time_since_rest":40681,"minecraft:sprint_one_cm":314855,"minecraft:damage_taken":1047,"minecraft:walk_one_cm":94011,"minecraft:drop":11,"minecraft:damage_dealt":4480,"minecraft:talked_to_villager":6,"minecraft:swim_one_cm":23621,"minecraft:player_kills":3,"minecraft:fly_one_cm":567603,"minecraft:open_chest":24,"minecraft:crouch_one_cm":17813,"minecraft:play_time":88891,"minecraft:deaths":1,"minecraft:sneak_time":6920,"minecraft:walk_under_water_one_cm":4785,"minecraft:boat_one_cm":320472,"minecraft:jump":2163,"minecraft:interact_with_brewingstand":1,"minecraft:walk_on_water_one_cm":20950,"minecraft:total_world_time":88891,"minecraft:fish_caught":1,"minecraft:fall_one_cm":65964},"minecraft:used":{"minecraft:wheat_seeds":1,"minecraft:cooked_mutton":2,"minecraft:stone_pickaxe":61,"minecraft:poppy":1,"minecraft:oak_planks":3,"minecraft:chest":4,"minecraft:spruce_planks":6,"minecraft:wooden_pickaxe":9,"minecraft:composter":6,"minecraft:fletching_table":1,"minecraft:bell":1,"minecraft:blue_bed":1,"minecraft:oak_leaves":20,"minecraft:dirt":12,"minecraft:mutton":1,"minecraft:crafting_table":4,"minecraft:red_bed":2,"minecraft:spruce_fence":3,"minecraft:golden_shovel":28,"minecraft:white_bed":13,"minecraft:shears":21,"minecraft:wooden_axe":10,"minecraft:lantern":1,"minecraft:bread":3,"minecraft:spruce_sapling":6,"minecraft:bamboo":126,"minecraft:stone_axe":109,"minecraft:fishing_rod":1,"minecraft:sweet_berries":57,"minecraft:furnace":4,"minecraft:cooked_porkchop":6,"minecraft:golden_axe":21,"minecraft:oak_boat":14,"minecraft:cooked_beef":6},"minecraft:mined":{"minecraft:light_gray_carpet":1,"minecraft:white_bed":1,"minecraft:brown_mushroom":5,"minecraft:red_bed":2,"minecraft:kelp_plant":2,"minecraft:brewing_stand":1,"minecraft:crafting_table":2,"minecraft:short_grass":10,"minecraft:grass_block":11,"minecraft:spruce_fence":3,"minecraft:melon":1,"minecraft:chest":2,"minecraft:spruce_leaves":20,"minecraft:sugar_cane":15,"minecraft:composter":6,"minecraft:blue_bed":1,"minecraft:tall_seagrass":1,"minecraft:furnace":4,"minecraft:iron_ore":5,"minecraft:wheat":1,"minecraft:sweet_berry_bush":1,"minecraft:ice":5,"minecraft:white_carpet":1,"minecraft:spruce_log":35,"minecraft:pumpkin":30,"minecraft:bell":1,"minecraft:potatoes":18,"minecraft:oak_log":14,"minecraft:water_cauldron":5,"minecraft:vine":3,"minecraft:iron_bars":1,"minecraft:dirt":4,"minecraft:gravel":17,"minecraft:bamboo_sapling":2,"minecraft:bamboo":12,"minecraft:stone":13,"minecraft:oak_leaves":37,"minecraft:fern":1},"minecraft:crafted":{"minecraft:cooked_beef":6,"minecraft:oak_planks":56,"minecraft:cooked_porkchop":6,"minecraft:crafting_table":1,"minecraft:spruce_planks":140,"minecraft:wooden_pickaxe":2,"minecraft:fletching_table":1,"minecraft:stone_axe":2,"minecraft:cooked_mutton":3,"minecraft:air":0,"minecraft:oak_boat":1,"minecraft:stick":16,"minecraft:stone_pickaxe":2,"minecraft:wooden_axe":1,"minecraft:chest":2,"minecraft:oak_button":62,"minecraft:white_bed":12,"minecraft:shears":1},"minecraft:picked_up":{"minecraft:crafting_table":2,"minecraft:leather_leggings":1,"minecraft:leather":8,"minecraft:brown_mushroom":5,"minecraft:potato":18,"minecraft:flint":3,"minecraft:oak_log":14,"minecraft:lily_pad":15,"minecraft:brewing_stand":1,"minecraft:dirt":22,"minecraft:blue_bed":1,"minecraft:red_bed":2,"minecraft:lantern":1,"minecraft:cooked_mutton":2,"minecraft:white_carpet":1,"minecraft:kelp":12,"minecraft:wheat_seeds":2,"minecraft:bell":1,"minecraft:rabbit_hide":1,"minecraft:iron_ingot":58,"minecraft:beef":12,"minecraft:oak_boat":14,"minecraft:rabbit":1,"minecraft:poppy":3,"minecraft:bamboo":126,"minecraft:melon_slice":4,"minecraft:sugar_cane":48,"minecraft:chest":2,"minecraft:oak_planks":53,"minecraft:furnace":4,"minecraft:stick":4,"minecraft:raw_iron":5,"minecraft:pumpkin":30,"minecraft:sweet_berries":58,"minecraft:composter":6,"minecraft:spruce_fence":3,"minecraft:gravel":14,"minecraft:porkchop":6,"minecraft:spruce_sapling":6,"minecraft:white_bed":1,"minecraft:spruce_log":35,"minecraft:cauldron":5,"minecraft:rotten_flesh":6,"minecraft:bread":3,"minecraft:oak_button":49,"minecraft:snowball":3,"minecraft:light_gray_carpet":1,"minecraft:mutton":6,"minecraft:oak_leaves":21,"minecraft:cod":1,"minecraft:white_wool":38,"minecraft:cobblestone":27},"minecraft:broken":{"minecraft:golden_axe":1}},"DataVersion":3953}