{"stats":{"minecraft:killed_by":{"minecraft:zombie":1},"minecraft:used":{"minecraft:oak_fence":1,"minecraft:water_bucket":5,"minecraft:bamboo_mosaic":66,"minecraft:stone_shovel":702,"minecraft:stone_pickaxe":25,"minecraft:oak_planks":67,"minecraft:oak_sign":3,"minecraft:ender_pearl":2,"minecraft:chest":1,"minecraft:wooden_pickaxe":4,"minecraft:cherry_planks":1,"minecraft:fletching_table":18,"minecraft:white_wool":3,"minecraft:mutton":2,"minecraft:dirt":179,"minecraft:sand":11,"minecraft:hopper":1,"minecraft:oak_slab":4,"minecraft:crafting_table":2,"minecraft:birch_sign":6,"minecraft:white_bed":4,"minecraft:painting":13,"minecraft:piglin_head":17,"minecraft:spruce_fence":1,"minecraft:obsidian":1,"minecraft:birch_fence":18,"minecraft:oak_log":1,"minecraft:lava_bucket":1,"minecraft:sea_lantern":8,"minecraft:warped_hyphae":70,"minecraft:wind_charge":39,"minecraft:bread":10,"minecraft:grass_block":28,"minecraft:cherry_slab":6,"minecraft:oak_button":11,"minecraft:barrel":3,"minecraft:stone_axe":72,"minecraft:birch_trapdoor":2,"minecraft:cooked_porkchop":3,"minecraft:end_crystal":3,"minecraft:furnace":5,"minecraft:oak_sapling":4,"minecraft:porkchop":6,"minecraft:bucket":7,"minecraft:oak_boat":1,"minecraft:birch_stairs":33},"minecraft:broken":{"minecraft:stone_shovel":4},"minecraft:dropped":{"minecraft:wheat_seeds":18,"minecraft:feather":4,"minecraft:oak_planks":1,"minecraft:warped_hyphae":1,"minecraft:poppy":3,"minecraft:cornflower":1,"minecraft:spider_eye":1,"minecraft:arrow":2,"minecraft:wooden_pickaxe":3,"minecraft:birch_log":1,"minecraft:dandelion":1,"minecraft:bone":3},"minecraft:crafted":{"minecraft:oak_slab":12,"minecraft:oak_planks":152,"minecraft:oak_sign":6,"minecraft:stone_shovel":5,"minecraft:barrel":4,"minecraft:cooked_porkchop":3,"minecraft:crafting_table":2,"minecraft:wooden_pickaxe":1,"minecraft:furnace":1,"minecraft:stone_axe":1,"minecraft:bread":15,"minecraft:air":0,"minecraft:oak_boat":1,"minecraft:hopper":1,"minecraft:stick":20,"minecraft:stone_pickaxe":1,"minecraft:chest":2,"minecraft:white_bed":1,"minecraft:oak_button":9,"minecraft:birch_sign":6,"minecraft:wheat":45},"minecraft:killed":{"minecraft:wolf":1,"minecraft:pig":10,"minecraft:spider":3,"minecraft:creeper":2,"minecraft:sheep":6,"minecraft:skeleton":3,"minecraft:zombie":20,"minecraft:chicken":3,"minecraft:turtle":1,"minecraft:enderman":2},"minecraft:mined":{"minecraft:white_bed":3,"minecraft:dandelion":1,"minecraft:oak_fence":1,"minecraft:brewing_stand":2,"minecraft:short_grass":160,"minecraft:grass_block":31,"minecraft:poppy":3,"minecraft:oak_planks":17,"minecraft:hay_block":5,"minecraft:birch_planks":16,"minecraft:furnace":4,"minecraft:coal_ore":1,"minecraft:oak_log":35,"minecraft:dirt_path":27,"minecraft:stripped_oak_log":4,"minecraft:sand":9,"minecraft:dirt":21,"minecraft:oak_button":2,"minecraft:stone":19,"minecraft:white_wool":1,"minecraft:oak_leaves":8},"minecraft:custom":{"minecraft:interact_with_furnace":9,"minecraft:mob_kills":52,"minecraft:interact_with_crafting_table":18,"minecraft:leave_game":7,"minecraft:time_since_death":67099,"minecraft:climb_one_cm":1161,"minecraft:time_since_rest":67139,"minecraft:sprint_one_cm":350072,"minecraft:damage_taken":1372,"minecraft:walk_one_cm":175215,"minecraft:drop":22,"minecraft:damage_dealt":8247,"minecraft:swim_one_cm":13041,"minecraft:talked_to_villager":1,"minecraft:fly_one_cm":570495,"minecraft:crouch_one_cm":34090,"minecraft:play_time":91300,"minecraft:deaths":2,"minecraft:sneak_time":10960,"minecraft:walk_under_water_one_cm":4269,"minecraft:boat_one_cm":7790,"minecraft:jump":1782,"minecraft:walk_on_water_one_cm":5148,"minecraft:total_world_time":91300,"minecraft:fall_one_cm":61599},"minecraft:picked_up":{"minecraft:stripped_oak_log":4,"minecraft:birch_log":1,"minecraft:feather":4,"minecraft:chicken":3,"minecraft:wooden_pickaxe":2,"minecraft:birch_planks":15,"minecraft:oak_log":35,"minecraft:brewing_stand":2,"minecraft:gunpowder":1,"minecraft:cornflower":1,"minecraft:dirt":130,"minecraft:string":1,"minecraft:piglin_head":1,"minecraft:bone":4,"minecraft:wheat_seeds":34,"minecraft:bucket":1,"minecraft:iron_ingot":5,"minecraft:poppy":3,"minecraft:oak_planks":18,"minecraft:furnace":4,"minecraft:stick":2,"minecraft:sandstone":2,"minecraft:oak_fence":1,"minecraft:torch":1,"minecraft:dandelion":1,"minecraft:porkchop":22,"minecraft:sand":27,"minecraft:white_bed":3,"minecraft:grass_block":2,"minecraft:spider_eye":2,"minecraft:arrow":2,"minecraft:rotten_flesh":19,"minecraft:hay_block":5,"minecraft:oak_button":2,"minecraft:oak_sapling":4,"minecraft:coal":1,"minecraft:mutton":9,"minecraft:white_wool":7,"minecraft:cobblestone":23,"minecraft:ender_pearl":2}},"DataVersion":3953}