{"stats":{"minecraft:killed_by":{"minecraft:zombie":1,"minecraft:player":1},"minecraft:used":{"minecraft:beetroot":3,"minecraft:tuff_bricks":4,"minecraft:iron_shovel":603,"minecraft:diamond_hoe":6,"minecraft:ladder":24,"minecraft:poppy":4,"minecraft:oak_sign":5,"minecraft:chest":69,"minecraft:shield":15,"minecraft:iron_sword":434,"minecraft:bell":2,"minecraft:iron_chestplate":2,"minecraft:soul_sand":1,"minecraft:mutton":2,"minecraft:carrot":14,"minecraft:azure_bluet":1,"minecraft:obsidian":1,"minecraft:honey_bottle":4,"minecraft:lava_bucket":4,"minecraft:bricks":1,"minecraft:warped_hyphae":70,"minecraft:grass_block":28,"minecraft:birch_sapling":5,"minecraft:crimson_roots":4,"minecraft:birch_button":6,"minecraft:birch_trapdoor":8,"minecraft:ominous_bottle":8,"minecraft:furnace":5,"minecraft:oak_sapling":8,"minecraft:potato":20,"minecraft:diorite":1,"minecraft:bamboo_mosaic":66,"minecraft:birch_leaves":36,"minecraft:stone_pickaxe":34,"minecraft:oak_planks":77,"minecraft:ender_pearl":2,"minecraft:wooden_pickaxe":4,"minecraft:sugar_cane":245,"minecraft:oak_leaves":115,"minecraft:white_wool":3,"minecraft:sand":166,"minecraft:blast_furnace":1,"minecraft:crossbow":15,"minecraft:shears":238,"minecraft:birch_fence":18,"minecraft:bread":178,"minecraft:string":1,"minecraft:gravel":18,"minecraft:diamond_sword":31,"minecraft:grindstone":1,"minecraft:smithing_table":2,"minecraft:andesite":1,"minecraft:smooth_stone_slab":1,"minecraft:oak_boat":3,"minecraft:waxed_cut_copper_stairs":1,"minecraft:oak_trapdoor":5,"minecraft:oak_fence":45,"minecraft:iron_bars":2,"minecraft:stone_shovel":760,"minecraft:cooked_chicken":4,"minecraft:trial_key":6,"minecraft:netherrack":133,"minecraft:torch":144,"minecraft:dirt":1105,"minecraft:white_carpet":5,"minecraft:hopper":2,"minecraft:twisting_vines":1,"minecraft:spruce_fence":1,"minecraft:iron_hoe":213,"minecraft:sea_lantern":8,"minecraft:bookshelf":1,"minecraft:iron_axe":490,"minecraft:oak_stairs":41,"minecraft:cherry_slab":6,"minecraft:barrel":8,"minecraft:bamboo":218,"minecraft:diamond_chestplate":2,"minecraft:golden_carrot":1,"minecraft:observer":1,"minecraft:cooked_beef":2,"minecraft:cobbled_deepslate":130,"minecraft:crimson_stem":4,"minecraft:wheat_seeds":24,"minecraft:cooked_mutton":1,"minecraft:water_bucket":156,"minecraft:birch_planks":13,"minecraft:baked_potato":3,"minecraft:cherry_planks":1,"minecraft:fletching_table":19,"minecraft:cobblestone_slab":140,"minecraft:waxed_copper_block":2,"minecraft:oak_slab":37,"minecraft:crafting_table":6,"minecraft:birch_sign":6,"minecraft:white_bed":19,"minecraft:painting":13,"minecraft:piglin_head":17,"minecraft:cake":1,"minecraft:oak_log":1,"minecraft:diamond_pickaxe":2981,"minecraft:cornflower":1,"minecraft:diamond_shovel":1109,"minecraft:wind_charge":39,"minecraft:oak_button":12,"minecraft:iron_pickaxe":281,"minecraft:stone_axe":98,"minecraft:cobblestone":162,"minecraft:cobbled_deepslate_slab":142,"minecraft:end_crystal":3,"minecraft:cooked_porkchop":3,"minecraft:porkchop":6,"minecraft:bucket":78,"minecraft:yellow_bed":1,"minecraft:kelp":125,"minecraft:dandelion":1,"minecraft:candle":6,"minecraft:birch_stairs":33},"minecraft:broken":{"minecraft:iron_shovel":2,"minecraft:shears":1,"minecraft:stone_shovel":5,"minecraft:iron_pickaxe":1},"minecraft:dropped":{"minecraft:porkchop":5,"minecraft:oak_log":12,"minecraft:glass_bottle":2,"minecraft:diamond":21,"minecraft:crossbow":3,"minecraft:warped_hyphae":1,"minecraft:saddle":1,"minecraft:flint":2,"minecraft:dirt":200,"minecraft:cornflower":1,"minecraft:stripped_oak_wood":1,"minecraft:iron_pickaxe":2,"minecraft:birch_log":1,"minecraft:bone":7,"minecraft:sugar_cane":3,"minecraft:cobbled_deepslate":11,"minecraft:wheat":3,"minecraft:rotten_flesh":11,"minecraft:oak_planks":4,"minecraft:poppy":3,"minecraft:beetroot_seeds":6,"minecraft:arrow":71,"minecraft:scaffolding":3,"minecraft:quartz":6,"minecraft:netherrack":23,"minecraft:iron_ingot":2,"minecraft:water_bucket":1,"minecraft:bread":50,"minecraft:birch_leaves":4,"minecraft:wheat_seeds":47,"minecraft:golden_helmet":1,"minecraft:bookshelf":1,"minecraft:poisonous_potato":1,"minecraft:feather":4,"minecraft:cobblestone":54,"minecraft:iron_helmet":2,"minecraft:polished_tuff":2,"minecraft:grass_block":1,"minecraft:stick":6,"minecraft:diorite":16,"minecraft:torch":6,"minecraft:iron_leggings":1,"minecraft:oak_stairs":1,"minecraft:armadillo_scute":1,"minecraft:dandelion":1,"minecraft:tuff_bricks":5,"minecraft:iron_boots":1,"minecraft:cobblestone_slab":11,"minecraft:shield":1,"minecraft:diamond_chestplate":1,"minecraft:iron_chestplate":1,"minecraft:spider_eye":3,"minecraft:bamboo":4,"minecraft:stone_pickaxe":1,"minecraft:wooden_pickaxe":3,"minecraft:magma_block":2},"minecraft:crafted":{"minecraft:oak_planks":824,"minecraft:barrel":7,"minecraft:oak_sign":9,"minecraft:diamond_shovel":2,"minecraft:cooked_mutton":5,"minecraft:hopper":2,"minecraft:diamond_helmet":2,"minecraft:iron_boots":2,"minecraft:diamond_leggings":2,"minecraft:chest":70,"minecraft:oak_button":10,"minecraft:bricks":1,"minecraft:oak_fence":39,"minecraft:oak_slab":54,"minecraft:emerald":143,"minecraft:cooked_porkchop":8,"minecraft:crafting_table":4,"minecraft:wooden_pickaxe":1,"minecraft:iron_helmet":2,"minecraft:smithing_table":1,"minecraft:birch_planks":156,"minecraft:iron_chestplate":1,"minecraft:diamond_pickaxe":2,"minecraft:shield":2,"minecraft:stick":447,"minecraft:iron_ingot":139,"minecraft:iron_pickaxe":3,"minecraft:shears":2,"minecraft:cobbled_deepslate_slab":132,"minecraft:stone_shovel":10,"minecraft:furnace":1,"minecraft:piston":12,"minecraft:white_carpet":3,"minecraft:iron_axe":2,"minecraft:ladder":24,"minecraft:iron_hoe":1,"minecraft:stone_pickaxe":1,"minecraft:diamond_boots":2,"minecraft:birch_sign":6,"minecraft:observer":6,"minecraft:wheat":45,"minecraft:diamond_sword":1,"minecraft:iron_sword":4,"minecraft:bucket":5,"minecraft:stone_axe":1,"minecraft:bread":267,"minecraft:air":0,"minecraft:oak_boat":3,"minecraft:birch_trapdoor":2,"minecraft:iron_shovel":3,"minecraft:iron_leggings":2,"minecraft:white_bed":14,"minecraft:acacia_planks":28,"minecraft:diamond_chestplate":1},"minecraft:killed":{"minecraft:cave_spider":2,"minecraft:spider":24,"minecraft:skeleton":6,"minecraft:chicken":3,"minecraft:turtle":1,"minecraft:wolf":1,"minecraft:piglin":3,"minecraft:pig":11,"minecraft:iron_golem":4,"minecraft:creeper":6,"minecraft:sheep":7,"minecraft:trader_llama":1,"minecraft:pillager":32,"minecraft:zombie":31,"minecraft:blaze":15,"minecraft:bogged":9,"minecraft:vindicator":11,"minecraft:drowned":1,"minecraft:hoglin":3,"minecraft:squid":1,"minecraft:breeze":4,"minecraft:villager":1,"minecraft:enderman":3},"minecraft:mined":{"minecraft:white_bed":5,"minecraft:cobblestone_stairs":3,"minecraft:brewing_stand":2,"minecraft:acacia_log":7,"minecraft:grass_block":700,"minecraft:tuff_bricks":9,"minecraft:magma_block":2,"minecraft:cobbled_deepslate":18,"minecraft:barrel":2,"minecraft:fire":13,"minecraft:iron_ore":55,"minecraft:polished_tuff":2,"minecraft:fletching_table":1,"minecraft:deepslate_lapis_ore":24,"minecraft:azure_bluet":1,"minecraft:dirt_path":91,"minecraft:oak_stairs":74,"minecraft:iron_bars":4,"minecraft:waxed_cut_copper_stairs":1,"minecraft:deepslate_redstone_ore":45,"minecraft:kelp_plant":30,"minecraft:crimson_nylium":1,"minecraft:torch":4,"minecraft:blast_furnace":1,"minecraft:poppy":6,"minecraft:chest":3,"minecraft:nether_quartz_ore":29,"minecraft:cobblestone":206,"minecraft:sugar_cane":36,"minecraft:oak_planks":71,"minecraft:bricks":14,"minecraft:wall_torch":1,"minecraft:white_terracotta":1,"minecraft:birch_log":39,"minecraft:wheat":3,"minecraft:birch_trapdoor":4,"minecraft:waxed_copper_block":2,"minecraft:stripped_oak_wood":1,"minecraft:smooth_stone_slab":15,"minecraft:oak_log":203,"minecraft:beetroots":3,"minecraft:birch_button":1,"minecraft:sand":166,"minecraft:dirt":790,"minecraft:netherrack":1623,"minecraft:oak_leaves":272,"minecraft:deepslate":237,"minecraft:diamond_ore":1,"minecraft:tuff":16,"minecraft:mossy_cobblestone":17,"minecraft:deepslate_diamond_ore":114,"minecraft:candle":2,"minecraft:oak_door":1,"minecraft:nether_bricks":57,"minecraft:cobbled_deepslate_slab":17,"minecraft:decorated_pot":23,"minecraft:crimson_roots":2,"minecraft:kelp":5,"minecraft:red_mushroom":5,"minecraft:crimson_stem":3,"minecraft:hay_block":5,"minecraft:redstone_ore":3,"minecraft:oak_trapdoor":5,"minecraft:furnace":4,"minecraft:carrots":4,"minecraft:andesite":1,"minecraft:bell":2,"minecraft:nether_brick_fence":27,"minecraft:cobblestone_slab":4,"minecraft:potatoes":5,"minecraft:deepslate_iron_ore":20,"minecraft:stripped_oak_log":4,"minecraft:bamboo_sapling":1,"minecraft:bamboo":159,"minecraft:stone":616,"minecraft:white_wool":1,"minecraft:smithing_table":1,"minecraft:oak_slab":1,"minecraft:scaffolding":2,"minecraft:glass_pane":4,"minecraft:soul_sand":1,"minecraft:observer":1,"minecraft:dandelion":1,"minecraft:oak_fence":6,"minecraft:crafting_table":3,"minecraft:short_grass":319,"minecraft:copper_ore":1,"minecraft:diorite":17,"minecraft:birch_planks":32,"minecraft:cobblestone_wall":1,"minecraft:white_carpet":2,"minecraft:birch_leaves":40,"minecraft:yellow_bed":1,"minecraft:coal_ore":66,"minecraft:gravel":16,"minecraft:cobweb":19,"minecraft:oak_button":2},"minecraft:custom":{"minecraft:interact_with_crafting_table":78,"minecraft:open_barrel":78,"minecraft:bell_ring":31,"minecraft:eat_cake_slice":5,"minecraft:leave_game":11,"minecraft:time_since_death":69963,"minecraft:sprint_one_cm":1868120,"minecraft:damage_blocked_by_shield":473,"minecraft:drop":222,"minecraft:talked_to_villager":87,"minecraft:play_time":579645,"minecraft:deaths":5,"minecraft:jump":8755,"minecraft:walk_on_water_one_cm":75072,"minecraft:interact_with_furnace":50,"minecraft:traded_with_villager":194,"minecraft:sleep_in_bed":7,"minecraft:damage_dealt":32101,"minecraft:player_kills":5,"minecraft:crouch_one_cm":279899,"minecraft:inspect_dispenser":2,"minecraft:mob_kills":192,"minecraft:inspect_hopper":3,"minecraft:climb_one_cm":23762,"minecraft:walk_one_cm":1017685,"minecraft:sneak_time":81304,"minecraft:walk_under_water_one_cm":288566,"minecraft:boat_one_cm":7790,"minecraft:total_world_time":579645,"minecraft:raid_trigger":8,"minecraft:interact_with_grindstone":1,"minecraft:time_since_rest":31904,"minecraft:damage_taken":8321,"minecraft:swim_one_cm":130758,"minecraft:fly_one_cm":1968316,"minecraft:open_chest":275,"minecraft:fall_one_cm":302561},"minecraft:picked_up":{"minecraft:iron_chestplate":2,"minecraft:wheat":6,"minecraft:nether_brick_fence":27,"minecraft:lead":1,"minecraft:smithing_table":1,"minecraft:oak_stairs":59,"minecraft:potion":1,"minecraft:enchanted_book":1,"minecraft:birch_button":6,"minecraft:brewing_stand":2,"minecraft:string":46,"minecraft:raw_copper":2,"minecraft:smooth_stone_slab":14,"minecraft:beetroot":3,"minecraft:cobbled_deepslate":247,"minecraft:bucket":2,"minecraft:trial_key":6,"minecraft:cobblestone_slab":4,"minecraft:iron_pickaxe":2,"minecraft:furnace":4,"minecraft:tipped_arrow":36,"minecraft:stick":7,"minecraft:birch_trapdoor":4,"minecraft:oak_fence":9,"minecraft:torch":91,"minecraft:acacia_log":7,"minecraft:porkchop":29,"minecraft:diorite":17,"minecraft:waxed_cut_copper_stairs":1,"minecraft:honey_bottle":2,"minecraft:rotten_flesh":37,"minecraft:armadillo_scute":1,"minecraft:bookshelf":2,"minecraft:blaze_rod":9,"minecraft:iron_bars":4,"minecraft:cobblestone":817,"minecraft:birch_log":40,"minecraft:magma_block":2,"minecraft:feather":4,"minecraft:cooked_beef":2,"minecraft:water_bucket":1,"minecraft:andesite":1,"minecraft:potato":20,"minecraft:flint":1,"minecraft:tuff":16,"minecraft:dirt":1752,"minecraft:lapis_lazuli":202,"minecraft:bone":25,"minecraft:wheat_seeds":88,"minecraft:cobbled_deepslate_slab":11,"minecraft:bell":2,"minecraft:bolt_armor_trim_smithing_template":2,"minecraft:fletching_table":1,"minecraft:bamboo":500,"minecraft:scrape_pottery_sherd":2,"minecraft:oak_planks":119,"minecraft:oak_pressure_plate":1,"minecraft:poisonous_potato":1,"minecraft:sand":323,"minecraft:ink_sac":3,"minecraft:grass_block":3,"minecraft:barrel":2,"minecraft:mossy_cobblestone":17,"minecraft:diamond":222,"minecraft:crossbow":16,"minecraft:breeze_rod":6,"minecraft:emerald":35,"minecraft:bread":58,"minecraft:oak_sapling":8,"minecraft:netherrack":1606,"minecraft:bricks":14,"minecraft:crimson_roots":4,"minecraft:oak_leaves":197,"minecraft:crafting_table":3,"minecraft:azure_bluet":3,"minecraft:ominous_bottle":10,"minecraft:chicken":3,"minecraft:wooden_pickaxe":3,"minecraft:shield":2,"minecraft:brick":107,"minecraft:wind_charge":4,"minecraft:cornflower":4,"minecraft:oak_trapdoor":5,"minecraft:iron_axe":2,"minecraft:white_carpet":2,"minecraft:iron_shovel":1,"minecraft:candle":6,"minecraft:observer":1,"minecraft:poppy":9,"minecraft:guster_pottery_sherd":4,"minecraft:sugar_cane":56,"minecraft:chest":3,"minecraft:birch_sapling":5,"minecraft:raw_iron":97,"minecraft:sandstone":2,"minecraft:oak_door":1,"minecraft:flow_pottery_sherd":3,"minecraft:carrot":14,"minecraft:redstone":237,"minecraft:stone_shovel":1,"minecraft:arrow":176,"minecraft:diamond_chestplate":2,"minecraft:beetroot_seeds":9,"minecraft:nether_bricks":56,"minecraft:hay_block":5,"minecraft:saddle":1,"minecraft:tuff_bricks":9,"minecraft:mutton":9,"minecraft:white_wool":49,"minecraft:oxeye_daisy":1,"minecraft:stripped_oak_log":4,"minecraft:birch_leaves":44,"minecraft:golden_carrot":1,"minecraft:crimson_stem":11,"minecraft:leather":1,"minecraft:red_mushroom":5,"minecraft:birch_planks":43,"minecraft:oak_log":214,"minecraft:waxed_copper_block":2,"minecraft:gunpowder":4,"minecraft:yellow_bed":1,"minecraft:cobblestone_wall":1,"minecraft:cobblestone_stairs":3,"minecraft:white_banner":2,"minecraft:piglin_head":1,"minecraft:apple":1,"minecraft:kelp":297,"minecraft:iron_ingot":33,"minecraft:cooked_chicken":4,"minecraft:stripped_oak_wood":2,"minecraft:glass_bottle":1,"minecraft:soul_sand":1,"minecraft:scaffolding":3,"minecraft:oak_slab":4,"minecraft:quartz":31,"minecraft:dandelion":13,"minecraft:gravel":15,"minecraft:blast_furnace":1,"minecraft:white_bed":5,"minecraft:polished_tuff":2,"minecraft:spider_eye":13,"minecraft:iron_helmet":1,"minecraft:oak_button":4,"minecraft:baked_potato":3,"minecraft:coal":86,"minecraft:ender_pearl":2}},"DataVersion":3953}