{"stats":{"minecraft:picked_up":{"minecraft:lingering_potion":1,"minecraft:fishing_rod":1,"minecraft:seagrass":4,"minecraft:crafting_table":2,"minecraft:azure_bluet":1,"minecraft:chicken":8,"minecraft:diamond_sword":2,"minecraft:shield":2,"minecraft:music_disc_cat":7,"minecraft:string":10,"minecraft:raw_copper":16,"minecraft:flint_and_steel":1,"minecraft:iron_shovel":8,"minecraft:pufferfish":2,"minecraft:diamond_leggings":2,"minecraft:tnt_minecart":3,"minecraft:cobbled_deepslate":163,"minecraft:bucket":2,"minecraft:beef":32,"minecraft:rose_bush":1,"minecraft:oak_boat":9,"minecraft:ender_eye":2,"minecraft:enchanted_golden_apple":64,"minecraft:melon_slice":68,"minecraft:sugar_cane":5,"minecraft:birch_sapling":1,"minecraft:egg":1,"minecraft:end_stone":21,"minecraft:stick":11,"minecraft:raw_iron":82,"minecraft:sandstone":12,"minecraft:jukebox":3,"minecraft:torch":24,"minecraft:porkchop":14,"minecraft:mace":1,"minecraft:carrot":1,"minecraft:diorite":40,"minecraft:redstone":14,"minecraft:end_crystal":64,"minecraft:tnt":2,"minecraft:diamond_chestplate":2,"minecraft:arrow":26,"minecraft:rotten_flesh":79,"minecraft:diamond_boots":2,"minecraft:totem_of_undying":18,"minecraft:obsidian":74,"minecraft:snowball":134,"minecraft:mutton":23,"minecraft:cod":4,"minecraft:white_wool":15,"minecraft:rail":8,"minecraft:cobblestone":332,"minecraft:birch_log":1,"minecraft:furnace_minecart":1,"minecraft:magma_block":5,"minecraft:feather":10,"minecraft:cooked_beef":18,"minecraft:andesite":25,"minecraft:leather":16,"minecraft:flint":1,"minecraft:oak_log":45,"minecraft:tuff":19,"minecraft:gunpowder":28,"minecraft:lapis_lazuli":118,"minecraft:dirt":260,"minecraft:cooked_mutton":116,"minecraft:bone":17,"minecraft:apple":1,"minecraft:bow":3,"minecraft:wheat_seeds":6,"minecraft:iron_ingot":41,"minecraft:diamond_helmet":2,"minecraft:oak_planks":11,"minecraft:sculk_catalyst":3,"minecraft:oak_slab":7,"minecraft:cooked_porkchop":4,"minecraft:dandelion":1,"minecraft:gravel":15,"minecraft:sand":115,"minecraft:white_bed":5,"minecraft:spider_eye":2,"minecraft:diamond_shovel":3,"minecraft:diamond":255,"minecraft:diamond_axe":2,"minecraft:gray_wool":2,"minecraft:oak_leaves":3,"minecraft:oak_sapling":8,"minecraft:coal":34,"minecraft:diamond_pickaxe":2,"minecraft:ender_pearl":6},"minecraft:used":{"minecraft:stone_sword":263,"minecraft:flint_and_steel":4,"minecraft:shield":31,"minecraft:cooked_chicken":8,"minecraft:rotten_flesh":39,"minecraft:torch":10,"minecraft:dirt":106,"minecraft:furnace_minecart":1,"minecraft:tuff":19,"minecraft:snowball":66,"minecraft:obsidian":35,"minecraft:birch_sapling":1,"minecraft:totem_of_undying":18,"minecraft:magma_block":5,"minecraft:bow":14,"minecraft:furnace":3,"minecraft:oak_sapling":5,"minecraft:cooked_cod":4,"minecraft:cooked_beef":14,"minecraft:cobbled_deepslate":51,"minecraft:enchanted_golden_apple":43,"minecraft:cooked_mutton":31,"minecraft:water_bucket":89,"minecraft:stone_pickaxe":101,"minecraft:oak_planks":98,"minecraft:ender_pearl":3,"minecraft:wooden_pickaxe":3,"minecraft:diamond_axe":18,"minecraft:sugar_cane":5,"minecraft:oak_leaves":3,"minecraft:dark_oak_trapdoor":1,"minecraft:sand":78,"minecraft:rail":10,"minecraft:tnt":1,"minecraft:oak_slab":13,"minecraft:crafting_table":7,"minecraft:lingering_potion":1,"minecraft:white_bed":5,"minecraft:end_stone":5,"minecraft:shears":3,"minecraft:oak_log":2,"minecraft:ender_eye":2,"minecraft:diamond_pickaxe":291,"minecraft:diamond_shovel":34,"minecraft:melon_slice":36,"minecraft:bread":1,"minecraft:iron_pickaxe":236,"minecraft:tnt_minecart":5,"minecraft:stone_axe":112,"minecraft:fishing_rod":11,"minecraft:diamond_sword":258,"minecraft:cobblestone":87,"minecraft:end_crystal":64,"minecraft:cooked_porkchop":12,"minecraft:andesite":5,"minecraft:bucket":90,"minecraft:dandelion":1,"minecraft:sculk_catalyst":3,"minecraft:oak_boat":11,"minecraft:bone_meal":5,"minecraft:diamond_leggings":1,"minecraft:gray_wool":2,"minecraft:jukebox":4},"minecraft:custom":{"minecraft:mob_kills":171,"minecraft:interact_with_crafting_table":35,"minecraft:leave_game":9,"minecraft:time_since_death":53140,"minecraft:damage_resisted":2912,"minecraft:climb_one_cm":9255,"minecraft:sprint_one_cm":829646,"minecraft:walk_one_cm":339357,"minecraft:damage_blocked_by_shield":843,"minecraft:drop":144,"minecraft:play_time":282351,"minecraft:deaths":4,"minecraft:sneak_time":41271,"minecraft:walk_under_water_one_cm":57148,"minecraft:boat_one_cm":198698,"minecraft:jump":5169,"minecraft:interact_with_blast_furnace":13,"minecraft:walk_on_water_one_cm":62407,"minecraft:total_world_time":282351,"minecraft:interact_with_furnace":85,"minecraft:play_record":8,"minecraft:sleep_in_bed":3,"minecraft:time_since_rest":53177,"minecraft:damage_absorbed":6704,"minecraft:damage_taken":13797,"minecraft:damage_dealt":29328,"minecraft:player_kills":1,"minecraft:swim_one_cm":123618,"minecraft:fly_one_cm":1263289,"minecraft:open_chest":27,"minecraft:crouch_one_cm":92098,"minecraft:fish_caught":6,"minecraft:fall_one_cm":181366},"minecraft:crafted":{"minecraft:oak_planks":172,"minecraft:fishing_rod":1,"minecraft:jukebox":1,"minecraft:diamond_hoe":1,"minecraft:cooked_chicken":8,"minecraft:furnace":4,"minecraft:bone_meal":9,"minecraft:diamond_shovel":1,"minecraft:cooked_mutton":23,"minecraft:diamond_helmet":2,"minecraft:bow":1,"minecraft:diamond_leggings":2,"minecraft:iron_boots":1,"minecraft:stone_pickaxe":1,"minecraft:diamond_boots":2,"minecraft:rail":16,"minecraft:minecart":3,"minecraft:cooked_beef":23,"minecraft:furnace_minecart":1,"minecraft:cooked_cod":4,"minecraft:oak_slab":6,"minecraft:diamond_sword":1,"minecraft:cooked_porkchop":25,"minecraft:diamond_axe":1,"minecraft:crafting_table":5,"minecraft:wooden_pickaxe":1,"minecraft:bucket":1,"minecraft:birch_planks":4,"minecraft:stone_axe":2,"minecraft:air":0,"minecraft:tnt_minecart":2,"minecraft:tnt":2,"minecraft:oak_boat":3,"minecraft:diamond_pickaxe":1,"minecraft:shield":2,"minecraft:stick":32,"minecraft:iron_ingot":48,"minecraft:iron_pickaxe":1,"minecraft:stone_sword":2,"minecraft:iron_leggings":1,"minecraft:white_bed":2,"minecraft:torch":4,"minecraft:shears":1,"minecraft:diamond_chestplate":2},"minecraft:mined":{"minecraft:tuff":19,"minecraft:white_bed":1,"minecraft:oak_sapling":1,"minecraft:deepslate_diamond_ore":109,"minecraft:grass_block":5,"minecraft:spawner":1,"minecraft:magma_block":5,"minecraft:fire":17,"minecraft:iron_ore":47,"minecraft:cobbled_deepslate":4,"minecraft:andesite":8,"minecraft:deepslate_lapis_ore":10,"minecraft:deepslate_iron_ore":34,"minecraft:rail":8,"minecraft:stone":154,"minecraft:oak_slab":7,"minecraft:crafting_table":2,"minecraft:torch":2,"minecraft:short_grass":21,"minecraft:melon":10,"minecraft:rose_bush":2,"minecraft:cobblestone":12,"minecraft:lapis_ore":6,"minecraft:sugar_cane":3,"minecraft:oak_planks":9,"minecraft:diorite":23,"minecraft:wall_torch":10,"minecraft:gray_wool":1,"minecraft:birch_log":1,"minecraft:jukebox":3,"minecraft:birch_leaves":1,"minecraft:tnt":1,"minecraft:oak_log":45,"minecraft:coal_ore":34,"minecraft:gravel":6,"minecraft:sand":66,"minecraft:dirt":9,"minecraft:fern":2,"minecraft:oak_leaves":94,"minecraft:deepslate":152},"minecraft:dropped":{"minecraft:iron_ingot":8,"minecraft:wheat_seeds":3,"minecraft:cooked_beef":27,"minecraft:tnt":1,"minecraft:diamond":49,"minecraft:cooked_porkchop":17,"minecraft:diamond_leggings":1,"minecraft:feather":10,"minecraft:cobblestone":54,"minecraft:rail":14,"minecraft:stick":1,"minecraft:pufferfish":1,"minecraft:dirt":61,"minecraft:mace":1,"minecraft:torch":7,"minecraft:rose_bush":1,"minecraft:melon_slice":11,"minecraft:snowball":18,"minecraft:furnace_minecart":1,"minecraft:sand":25,"minecraft:iron_shovel":8,"minecraft:string":2,"minecraft:white_wool":9,"minecraft:music_disc_cat":1,"minecraft:bone":1,"minecraft:diamond_hoe":1,"minecraft:rotten_flesh":31,"minecraft:oak_planks":6,"minecraft:diamond_shovel":1,"minecraft:end_stone":16,"minecraft:cooked_mutton":50,"minecraft:azure_bluet":1,"minecraft:shears":1,"minecraft:carrot":1,"minecraft:flint_and_steel":1,"minecraft:shield":1,"minecraft:gunpowder":5,"minecraft:diamond_chestplate":1,"minecraft:andesite":14,"minecraft:oak_sapling":2,"minecraft:spider_eye":1,"minecraft:diamond_boots":1,"minecraft:sandstone":12,"minecraft:arrow":1,"minecraft:egg":1},"minecraft:broken":{"minecraft:diamond_helmet":2,"minecraft:stone_sword":2,"minecraft:stone_axe":1},"minecraft:killed":{"minecraft:witch":2,"minecraft:spider":9,"minecraft:slime":1,"minecraft:skeleton":19,"minecraft:chicken":8,"minecraft:warden":4,"minecraft:turtle":1,"minecraft:pig":10,"minecraft:creeper":13,"minecraft:sheep":17,"minecraft:zombie":57,"minecraft:cow":16,"minecraft:enderman":5},"minecraft:killed_by":{"minecraft:player":2}},"DataVersion":3953}