{"stats":{"minecraft:picked_up":{"minecraft:wheat":51,"minecraft:flower_pot":1,"minecraft:anvil":1,"minecraft:prismarine_shard":2,"minecraft:yellow_wool":1,"minecraft:smithing_table":1,"minecraft:lead":6,"minecraft:diamond_sword":1,"minecraft:oak_stairs":302,"minecraft:lapis_block":3,"minecraft:string":19997,"minecraft:raw_copper":20,"minecraft:sticky_piston":1,"minecraft:pufferfish":3,"minecraft:shroomlight":2,"minecraft:oak_sign":16,"minecraft:cobbled_deepslate":24,"minecraft:red_sand":23,"minecraft:diamond_leggings":1,"minecraft:gold_nugget":8,"minecraft:smooth_stone":21,"minecraft:bucket":1,"minecraft:cobblestone_slab":20,"minecraft:rose_bush":155,"minecraft:redstone_torch":11,"minecraft:iron_pickaxe":1,"minecraft:iron_boots":1,"minecraft:furnace":24,"minecraft:stick":115,"minecraft:composter":2,"minecraft:oak_fence":13,"minecraft:torch":64,"minecraft:acacia_log":7,"minecraft:porkchop":5,"minecraft:diorite":178,"minecraft:stone_sword":1,"minecraft:rotten_flesh":17,"minecraft:bookshelf":3,"minecraft:white_terracotta":95,"minecraft:obsidian":63,"minecraft:cod":15,"minecraft:cobblestone":859,"minecraft:enchanting_table":1,"minecraft:magma_block":1,"minecraft:polished_diorite_slab":1,"minecraft:cooked_beef":6,"minecraft:repeater":4,"minecraft:water_bucket":2,"minecraft:brown_wool":1,"minecraft:flint":6,"minecraft:lapis_lazuli":86,"minecraft:dirt":676,"minecraft:bone":43,"minecraft:acacia_planks":2,"minecraft:stonecutter":2,"minecraft:bow":5,"minecraft:wheat_seeds":177,"minecraft:raw_gold":5,"minecraft:bell":1,"minecraft:diamond_helmet":1,"minecraft:fletching_table":3,"minecraft:oak_planks":271,"minecraft:cooked_porkchop":1,"minecraft:sand":10,"minecraft:ink_sac":2,"minecraft:grass_block":1,"minecraft:red_terracotta":186,"minecraft:barrel":8,"minecraft:mossy_cobblestone":41,"minecraft:diamond":37,"minecraft:deepslate":76,"minecraft:lever":3,"minecraft:granite":33,"minecraft:emerald":52,"minecraft:bread":43,"minecraft:oak_sapling":16,"minecraft:netherrack":16,"minecraft:bricks":2,"minecraft:diamond_pickaxe":2,"minecraft:fishing_rod":2,"minecraft:crafting_table":10,"minecraft:azure_bluet":2,"minecraft:ladder":11,"minecraft:clay_ball":16,"minecraft:diorite_slab":13,"minecraft:cornflower":1,"minecraft:oak_trapdoor":34,"minecraft:blackstone":6,"minecraft:beef":3,"minecraft:poppy":11,"minecraft:light_gray_wool":1,"minecraft:lectern":5,"minecraft:sugar_cane":300,"minecraft:egg":2,"minecraft:raw_iron":15,"minecraft:sandstone":2,"minecraft:stone":378,"minecraft:oak_door":8,"minecraft:redstone":98,"minecraft:prismarine_crystals":1,"minecraft:polished_granite_stairs":1,"minecraft:arrow":44,"minecraft:stone_shovel":1,"minecraft:diamond_chestplate":1,"minecraft:diamond_boots":1,"minecraft:hay_block":16,"minecraft:yellow_terracotta":17,"minecraft:mutton":13,"minecraft:white_wool":234,"minecraft:wet_sponge":1,"minecraft:stripped_oak_log":19,"minecraft:basalt":71,"minecraft:golden_carrot":145,"minecraft:salmon":3,"minecraft:leather":5,"minecraft:granite_stairs":1,"minecraft:lily_pad":1,"minecraft:oak_log":225,"minecraft:chainmail_chestplate":16,"minecraft:yellow_bed":8,"minecraft:cobblestone_wall":3,"minecraft:gunpowder":3,"minecraft:cobblestone_stairs":28,"minecraft:diorite_stairs":1,"minecraft:orange_terracotta":21,"minecraft:apple":4,"minecraft:stone_bricks":12,"minecraft:red_sandstone":5,"minecraft:iron_ingot":26,"minecraft:stone_pickaxe":6,"minecraft:cooked_chicken":1,"minecraft:stripped_oak_wood":1,"minecraft:book":9,"minecraft:scaffolding":282,"minecraft:oak_slab":26,"minecraft:nether_quartz_ore":3,"minecraft:red_wool":74,"minecraft:quartz":3,"minecraft:dandelion":8,"minecraft:gravel":44,"minecraft:blast_furnace":17,"minecraft:white_bed":8,"minecraft:crying_obsidian":1,"minecraft:spider_eye":2,"minecraft:polished_diorite_stairs":5,"minecraft:diamond_shovel":1,"minecraft:polished_diorite":2,"minecraft:stone_axe":1,"minecraft:iron_helmet":3,"minecraft:diamond_axe":2,"minecraft:painting":16,"minecraft:gray_wool":1,"minecraft:terracotta":20,"minecraft:coal":28,"minecraft:ender_pearl":2},"minecraft:used":{"minecraft:polished_granite_stairs":1,"minecraft:red_sand":3,"minecraft:ladder":112,"minecraft:poppy":4,"minecraft:oak_sign":18,"minecraft:chest":15,"minecraft:white_terracotta":1,"minecraft:stone":73,"minecraft:bell":1,"minecraft:mutton":2,"minecraft:obsidian":130,"minecraft:glass":9,"minecraft:villager_spawn_egg":5,"minecraft:mangrove_stairs":21,"minecraft:red_wool":450,"minecraft:grass_block":3,"minecraft:stone_bricks":8,"minecraft:repeater":4,"minecraft:scaffolding":285,"minecraft:oak_sapling":9,"minecraft:furnace":23,"minecraft:mangrove_slab":10,"minecraft:polished_diorite_stairs":14,"minecraft:diorite":1,"minecraft:elder_guardian_spawn_egg":2,"minecraft:stone_pickaxe":350,"minecraft:oak_planks":49,"minecraft:polished_diorite_slab":8,"minecraft:wooden_pickaxe":39,"minecraft:sandstone":2,"minecraft:composter":3,"minecraft:sugar_cane":239,"minecraft:diamond_axe":811,"minecraft:white_wool":481,"minecraft:sand":10,"minecraft:yellow_terracotta":1,"minecraft:blast_furnace":16,"minecraft:shears":272,"minecraft:lightning_rod":2,"minecraft:sticky_piston":2,"minecraft:redstone_torch":17,"minecraft:lever":3,"minecraft:red_sandstone":2,"minecraft:crying_obsidian":25,"minecraft:bread":135,"minecraft:string":142,"minecraft:lectern":7,"minecraft:red_terracotta":1,"minecraft:deepslate":20,"minecraft:diamond_sword":244,"minecraft:grindstone":1,"minecraft:smithing_table":1,"minecraft:chain":1,"minecraft:oak_boat":5,"minecraft:bone_meal":124,"minecraft:diorite_slab":7,"minecraft:oak_fence":95,"minecraft:diorite_stairs":1,"minecraft:oak_trapdoor":137,"minecraft:rose_bush":3,"minecraft:enchanting_table":1,"minecraft:granite_stairs":1,"minecraft:stone_shovel":9,"minecraft:redstone":17,"minecraft:stone_hoe":17,"minecraft:netherrack":5,"minecraft:torch":14,"minecraft:dirt":349,"minecraft:anvil":4,"minecraft:nether_quartz_ore":3,"minecraft:cobblestone_wall":2,"minecraft:diamond_helmet":1,"minecraft:granite":2,"minecraft:polished_diorite":2,"minecraft:shroomlight":8,"minecraft:bookshelf":6,"minecraft:oak_stairs":1,"minecraft:barrel":12,"minecraft:bamboo":36,"minecraft:diamond_chestplate":1,"minecraft:basalt":17,"minecraft:tripwire_hook":3,"minecraft:cobbled_deepslate":87,"minecraft:observer":14,"minecraft:orange_terracotta":5,"minecraft:pointed_dripstone":1,"minecraft:wheat_seeds":52,"minecraft:water_bucket":41,"minecraft:cobblestone_stairs":51,"minecraft:dirt_path":3,"minecraft:cobblestone_slab":67,"minecraft:fletching_table":2,"minecraft:sheep_spawn_egg":4,"minecraft:stonecutter":2,"minecraft:mossy_cobblestone":6,"minecraft:terracotta":2,"minecraft:crafting_table":4,"minecraft:oak_slab":32,"minecraft:white_bed":7,"minecraft:campfire":1,"minecraft:painting":19,"minecraft:oak_log":19,"minecraft:diamond_pickaxe":1518,"minecraft:apple":4,"minecraft:diamond_shovel":918,"minecraft:command_block":1,"minecraft:stone_axe":83,"minecraft:fishing_rod":53,"minecraft:cobblestone":170,"minecraft:porkchop":3,"minecraft:cooked_porkchop":1,"minecraft:bucket":26,"minecraft:lapis_block":5,"minecraft:yellow_bed":7,"minecraft:dandelion":1},"minecraft:custom":{"minecraft:interact_with_crafting_table":56,"minecraft:open_barrel":9,"minecraft:leave_game":3,"minecraft:time_since_death":65125,"minecraft:sprint_one_cm":1235207,"minecraft:drop":445,"minecraft:talked_to_villager":201,"minecraft:play_time":534030,"minecraft:deaths":2,"minecraft:jump":7250,"minecraft:enchant_item":8,"minecraft:walk_on_water_one_cm":158566,"minecraft:interact_with_furnace":13,"minecraft:traded_with_villager":668,"minecraft:sleep_in_bed":5,"minecraft:damage_dealt":19049,"minecraft:player_kills":2,"minecraft:crouch_one_cm":176518,"minecraft:horse_one_cm":582,"minecraft:interact_with_anvil":7,"minecraft:mob_kills":90,"minecraft:inspect_hopper":14,"minecraft:climb_one_cm":115237,"minecraft:walk_one_cm":1228213,"minecraft:sneak_time":67018,"minecraft:walk_under_water_one_cm":129601,"minecraft:boat_one_cm":702,"minecraft:interact_with_blast_furnace":6,"minecraft:total_world_time":534030,"minecraft:interact_with_stonecutter":11,"minecraft:interact_with_grindstone":5,"minecraft:time_since_rest":65154,"minecraft:damage_taken":4055,"minecraft:swim_one_cm":73615,"minecraft:fly_one_cm":1682664,"minecraft:open_chest":450,"minecraft:fish_caught":15,"minecraft:fall_one_cm":117608},"minecraft:crafted":{"minecraft:oak_sign":6,"minecraft:oak_planks":692,"minecraft:chainmail_helmet":2,"minecraft:cobblestone_slab":126,"minecraft:barrel":4,"minecraft:diorite_stairs":20,"minecraft:red_sandstone":1,"minecraft:diamond_shovel":1,"minecraft:bookshelf":5,"minecraft:diamond_helmet":1,"minecraft:bow":3,"minecraft:diamond_leggings":1,"minecraft:chest":15,"minecraft:stone_hoe":1,"minecraft:oak_fence":42,"minecraft:name_tag":2,"minecraft:polished_diorite_slab":10,"minecraft:granite_stairs":2,"minecraft:oak_slab":24,"minecraft:emerald":542,"minecraft:diamond_axe":1,"minecraft:wooden_pickaxe":1,"minecraft:iron_helmet":10,"minecraft:chainmail_chestplate":13,"minecraft:red_wool":202,"minecraft:hay_block":5,"minecraft:campfire":1,"minecraft:painting":1,"minecraft:lectern":2,"minecraft:book":3,"minecraft:paper":18,"minecraft:diamond_pickaxe":4,"minecraft:stick":364,"minecraft:iron_ingot":4,"minecraft:iron_block":3,"minecraft:redstone_torch":1,"minecraft:composter":1,"minecraft:polished_diorite_stairs":12,"minecraft:shears":2,"minecraft:stone_shovel":1,"minecraft:fishing_rod":2,"minecraft:furnace":1,"minecraft:bone_meal":123,"minecraft:oak_trapdoor":102,"minecraft:polished_diorite":3,"minecraft:iron_axe":22,"minecraft:polished_granite_stairs":2,"minecraft:ladder":123,"minecraft:stone_pickaxe":16,"minecraft:cobblestone_wall":1,"minecraft:diamond_boots":1,"minecraft:wheat":144,"minecraft:red_dye":203,"minecraft:diamond_sword":1,"minecraft:stone_axe":1,"minecraft:bread":276,"minecraft:air":0,"minecraft:white_wool":544,"minecraft:chainmail_boots":12,"minecraft:anvil":1,"minecraft:diorite_slab":6,"minecraft:torch":4,"minecraft:lapis_block":4,"minecraft:diamond_chestplate":1},"minecraft:mined":{"minecraft:white_bed":7,"minecraft:cobblestone_stairs":28,"minecraft:obsidian":53,"minecraft:granite":15,"minecraft:red_sand":23,"minecraft:acacia_log":7,"minecraft:grass_block":171,"minecraft:polished_diorite":2,"minecraft:diorite_stairs":1,"minecraft:composter":2,"minecraft:oak_wall_sign":6,"minecraft:smooth_stone":16,"minecraft:tall_seagrass":3,"minecraft:magma_block":2,"minecraft:cobbled_deepslate":2,"minecraft:fire":2,"minecraft:sticky_piston":1,"minecraft:barrel":8,"minecraft:fletching_table":3,"minecraft:anvil":1,"minecraft:azure_bluet":1,"minecraft:enchanting_table":1,"minecraft:dirt_path":134,"minecraft:oak_stairs":303,"minecraft:granite_stairs":1,"minecraft:polished_granite_stairs":1,"minecraft:tripwire":7,"minecraft:blackstone":6,"minecraft:orange_terracotta":21,"minecraft:clay":4,"minecraft:blast_furnace":12,"minecraft:poppy":3,"minecraft:dead_bush":3,"minecraft:polished_diorite_slab":1,"minecraft:nether_quartz_ore":3,"minecraft:glass":1,"minecraft:cobblestone":369,"minecraft:sugar_cane":166,"minecraft:oak_planks":232,"minecraft:bricks":2,"minecraft:wall_torch":8,"minecraft:polished_diorite_stairs":5,"minecraft:seagrass":3,"minecraft:white_terracotta":95,"minecraft:repeater":4,"minecraft:wheat":52,"minecraft:lapis_block":5,"minecraft:stripped_oak_wood":1,"minecraft:oak_log":189,"minecraft:sand":9,"minecraft:dirt":244,"minecraft:stonecutter":2,"minecraft:netherrack":21,"minecraft:oak_leaves":50,"minecraft:deepslate":81,"minecraft:yellow_terracotta":17,"minecraft:mossy_cobblestone":40,"minecraft:deepslate_diamond_ore":2,"minecraft:oak_door":6,"minecraft:ladder":1,"minecraft:redstone_wire":20,"minecraft:sandstone":2,"minecraft:hay_block":14,"minecraft:diorite_slab":1,"minecraft:oak_trapdoor":35,"minecraft:furnace":19,"minecraft:red_sandstone":5,"minecraft:bookshelf":3,"minecraft:cobblestone_slab":20,"minecraft:stripped_oak_log":18,"minecraft:stone":546,"minecraft:white_wool":220,"minecraft:redstone_wall_torch":6,"minecraft:oak_slab":25,"minecraft:acacia_leaves":1,"minecraft:scaffolding":83,"minecraft:glass_pane":25,"minecraft:red_wool":71,"minecraft:basalt":59,"minecraft:dandelion":6,"minecraft:oak_fence":11,"minecraft:crafting_table":9,"minecraft:cornflower":1,"minecraft:short_grass":61,"minecraft:rose_bush":8,"minecraft:lectern":5,"minecraft:tall_grass":7,"minecraft:diorite":171,"minecraft:red_terracotta":186,"minecraft:cobblestone_wall":3,"minecraft:redstone_torch":1,"minecraft:yellow_bed":8,"minecraft:coal_ore":19,"minecraft:gravel":51,"minecraft:terracotta":20,"minecraft:acacia_planks":2,"minecraft:stone_bricks":9},"minecraft:dropped":{"minecraft:diamond_axe":1,"minecraft:lapis_lazuli":12,"minecraft:oak_log":20,"minecraft:diamond":16,"minecraft:leather":1,"minecraft:red_wool":19,"minecraft:cod":5,"minecraft:dirt":52,"minecraft:mutton":4,"minecraft:gold_nugget":7,"minecraft:sand":3,"minecraft:fishing_rod":1,"minecraft:white_wool":26,"minecraft:diorite_slab":6,"minecraft:bone":1,"minecraft:stone_axe":1,"minecraft:blackstone":6,"minecraft:lever":2,"minecraft:cobbled_deepslate":23,"minecraft:obsidian":65,"minecraft:rotten_flesh":11,"minecraft:oak_planks":18,"minecraft:salmon":1,"minecraft:chainmail_chestplate":29,"minecraft:poppy":4,"minecraft:gunpowder":2,"minecraft:chainmail_boots":12,"minecraft:basalt":44,"minecraft:arrow":10,"minecraft:glass":1,"minecraft:beef":3,"minecraft:scaffolding":125,"minecraft:netherrack":11,"minecraft:iron_ingot":9,"minecraft:bread":128,"minecraft:oak_slab":3,"minecraft:wheat_seeds":28,"minecraft:oak_fence":9,"minecraft:iron_helmet":12,"minecraft:cobblestone":111,"minecraft:granite":14,"minecraft:command_block":1,"minecraft:chainmail_helmet":2,"minecraft:grass_block":1,"minecraft:coal":9,"minecraft:stick":69,"minecraft:pufferfish":3,"minecraft:gray_wool":1,"minecraft:milk_bucket":3,"minecraft:diorite":21,"minecraft:ink_sac":2,"minecraft:golden_carrot":113,"minecraft:torch":4,"minecraft:repeater":1,"minecraft:brown_wool":1,"minecraft:potion":2,"minecraft:iron_axe":22,"minecraft:smooth_stone":5,"minecraft:string":566,"minecraft:lily_pad":1,"minecraft:dandelion":1,"minecraft:furnace":1,"minecraft:polished_diorite_slab":1,"minecraft:cobblestone_wall":1,"minecraft:raw_copper":20,"minecraft:deepslate":76,"minecraft:stone_shovel":1,"minecraft:raw_iron":15,"minecraft:shroomlight":2,"minecraft:stone":27,"minecraft:flower_pot":1,"minecraft:diamond_pickaxe":2,"minecraft:oak_sapling":1,"minecraft:redstone_torch":1,"minecraft:spider_eye":1,"minecraft:stone_bricks":33,"minecraft:bow":1,"minecraft:stone_pickaxe":17},"minecraft:broken":{"minecraft:stone_pickaxe":1},"minecraft:killed":{"minecraft:zombified_piglin":19,"minecraft:spider":5,"minecraft:skeleton":42,"minecraft:pig":3,"minecraft:elder_guardian":1,"minecraft:iron_golem":1,"minecraft:creeper":4,"minecraft:sheep":4,"minecraft:zombie":4,"minecraft:drowned":1,"minecraft:wandering_trader":1,"minecraft:enderman":2},"minecraft:killed_by":{"minecraft:zombie":1,"minecraft:player":1}},"DataVersion":3953}