{"stats":{"minecraft:crafted":{"minecraft:cooked_beef":19,"minecraft:oak_slab":6,"minecraft:oak_planks":164,"minecraft:cooked_porkchop":14,"minecraft:crafting_table":2,"minecraft:wooden_pickaxe":1,"minecraft:cooked_chicken":8,"minecraft:furnace":2,"minecraft:stone_axe":2,"minecraft:cooked_mutton":23,"minecraft:air":0,"minecraft:oak_boat":1,"minecraft:shield":2,"minecraft:stick":12,"minecraft:iron_ingot":3,"minecraft:iron_pickaxe":1,"minecraft:stone_pickaxe":1,"minecraft:stone_sword":2,"minecraft:white_bed":2},"minecraft:mined":{"minecraft:oak_slab":7,"minecraft:white_bed":1,"minecraft:short_grass":6,"minecraft:grass_block":1,"minecraft:oak_planks":7,"minecraft:sugar_cane":3,"minecraft:gray_wool":1,"minecraft:coal_ore":8,"minecraft:oak_log":41,"minecraft:sand":27,"minecraft:dirt":1,"minecraft:stone":38,"minecraft:oak_leaves":22},"minecraft:used":{"minecraft:cooked_mutton":4,"minecraft:stone_sword":121,"minecraft:stone_pickaxe":44,"minecraft:oak_planks":70,"minecraft:wooden_pickaxe":3,"minecraft:shield":4,"minecraft:sugar_cane":5,"minecraft:cooked_chicken":8,"minecraft:rotten_flesh":6,"minecraft:dirt":6,"minecraft:sand":54,"minecraft:oak_slab":13,"minecraft:crafting_table":2,"minecraft:white_bed":3,"minecraft:stone_axe":71,"minecraft:oak_sapling":2,"minecraft:furnace":2,"minecraft:cooked_porkchop":1,"minecraft:oak_boat":3,"minecraft:cooked_beef":1,"minecraft:gray_wool":2},"minecraft:dropped":{"minecraft:cooked_beef":27,"minecraft:cooked_porkchop":17,"minecraft:feather":10,"minecraft:rotten_flesh":2,"minecraft:shield":1,"minecraft:gunpowder":2,"minecraft:arrow":1,"minecraft:string":2,"minecraft:white_wool":9,"minecraft:bone":1},"minecraft:picked_up":{"minecraft:feather":10,"minecraft:cooked_beef":18,"minecraft:chicken":8,"minecraft:leather":12,"minecraft:oak_log":41,"minecraft:gunpowder":2,"minecraft:string":2,"minecraft:dirt":6,"minecraft:bone":1,"minecraft:apple":1,"minecraft:iron_ingot":2,"minecraft:beef":24,"minecraft:oak_boat":3,"minecraft:sugar_cane":5,"minecraft:oak_planks":7,"minecraft:oak_slab":7,"minecraft:cooked_porkchop":4,"minecraft:porkchop":14,"minecraft:sand":54,"minecraft:white_bed":1,"minecraft:arrow":1,"minecraft:rotten_flesh":8,"minecraft:gray_wool":2,"minecraft:oak_sapling":2,"minecraft:coal":8,"minecraft:mutton":23,"minecraft:white_wool":15,"minecraft:cobblestone":49,"minecraft:ender_pearl":1},"minecraft:custom":{"minecraft:interact_with_furnace":45,"minecraft:mob_kills":54,"minecraft:interact_with_crafting_table":18,"minecraft:leave_game":3,"minecraft:time_since_death":51456,"minecraft:sleep_in_bed":2,"minecraft:time_since_rest":3250,"minecraft:sprint_one_cm":228832,"minecraft:damage_taken":531,"minecraft:walk_one_cm":72421,"minecraft:damage_blocked_by_shield":80,"minecraft:drop":17,"minecraft:damage_dealt":5835,"minecraft:fly_one_cm":219613,"minecraft:crouch_one_cm":25363,"minecraft:play_time":51456,"minecraft:sneak_time":9420,"minecraft:walk_under_water_one_cm":440,"minecraft:jump":1202,"minecraft:walk_on_water_one_cm":1435,"minecraft:total_world_time":51456,"minecraft:fall_one_cm":33534},"minecraft:killed":{"minecraft:pig":8,"minecraft:spider":1,"minecraft:creeper":1,"minecraft:sheep":16,"minecraft:skeleton":1,"minecraft:zombie":6,"minecraft:chicken":8,"minecraft:enderman":1,"minecraft:cow":12}},"DataVersion":3953}