{"stats":{"minecraft:dropped":{"minecraft:sweet_berries":1,"minecraft:sugar_cane":3,"minecraft:wheat_seeds":1,"minecraft:rotten_flesh":3,"minecraft:rabbit_hide":1,"minecraft:oak_button":62,"minecraft:rabbit":1},"minecraft:killed":{"minecraft:pig":4,"minecraft:iron_golem":1,"minecraft:creeper":1,"minecraft:sheep":3,"minecraft:zombie":3,"minecraft:cow":2},"minecraft:custom":{"minecraft:interact_with_furnace":7,"minecraft:mob_kills":14,"minecraft:interact_with_crafting_table":11,"minecraft:leave_game":4,"minecraft:time_since_death":56505,"minecraft:sleep_in_bed":2,"minecraft:climb_one_cm":6538,"minecraft:time_since_rest":11859,"minecraft:sprint_one_cm":185856,"minecraft:damage_taken":592,"minecraft:walk_one_cm":52498,"minecraft:drop":11,"minecraft:damage_dealt":2693,"minecraft:swim_one_cm":13128,"minecraft:fly_one_cm":336355,"minecraft:player_kills":3,"minecraft:open_chest":19,"minecraft:crouch_one_cm":10504,"minecraft:play_time":60069,"minecraft:deaths":1,"minecraft:sneak_time":4353,"minecraft:walk_under_water_one_cm":2555,"minecraft:boat_one_cm":320472,"minecraft:jump":1217,"minecraft:interact_with_brewingstand":1,"minecraft:walk_on_water_one_cm":10410,"minecraft:total_world_time":60069,"minecraft:fish_caught":1,"minecraft:fall_one_cm":28778},"minecraft:used":{"minecraft:wheat_seeds":1,"minecraft:cooked_mutton":1,"minecraft:stone_pickaxe":29,"minecraft:oak_planks":3,"minecraft:spruce_planks":3,"minecraft:chest":4,"minecraft:wooden_pickaxe":9,"minecraft:composter":1,"minecraft:fletching_table":1,"minecraft:bell":1,"minecraft:blue_bed":1,"minecraft:crafting_table":3,"minecraft:red_bed":2,"minecraft:golden_shovel":18,"minecraft:white_bed":2,"minecraft:wooden_axe":10,"minecraft:bread":3,"minecraft:spruce_sapling":6,"minecraft:stone_axe":77,"minecraft:fishing_rod":1,"minecraft:sweet_berries":41,"minecraft:furnace":4,"minecraft:oak_boat":14,"minecraft:cooked_beef":4},"minecraft:mined":{"minecraft:light_gray_carpet":1,"minecraft:white_bed":1,"minecraft:brown_mushroom":5,"minecraft:red_bed":2,"minecraft:kelp_plant":2,"minecraft:brewing_stand":1,"minecraft:crafting_table":2,"minecraft:short_grass":8,"minecraft:grass_block":2,"minecraft:chest":2,"minecraft:spruce_leaves":20,"minecraft:sugar_cane":14,"minecraft:composter":1,"minecraft:blue_bed":1,"minecraft:furnace":4,"minecraft:iron_ore":5,"minecraft:wheat":1,"minecraft:sweet_berry_bush":1,"minecraft:ice":5,"minecraft:white_carpet":1,"minecraft:spruce_log":35,"minecraft:bell":1,"minecraft:potatoes":18,"minecraft:oak_log":14,"minecraft:water_cauldron":5,"minecraft:vine":2,"minecraft:iron_bars":1,"minecraft:gravel":17,"minecraft:stone":13,"minecraft:oak_leaves":10,"minecraft:fern":1},"minecraft:crafted":{"minecraft:cooked_beef":6,"minecraft:oak_planks":56,"minecraft:cooked_porkchop":6,"minecraft:crafting_table":1,"minecraft:spruce_planks":140,"minecraft:wooden_pickaxe":2,"minecraft:fletching_table":1,"minecraft:stone_axe":2,"minecraft:cooked_mutton":1,"minecraft:air":0,"minecraft:oak_boat":1,"minecraft:stick":16,"minecraft:stone_pickaxe":2,"minecraft:wooden_axe":1,"minecraft:chest":2,"minecraft:oak_button":62,"minecraft:white_bed":1,"minecraft:shears":1},"minecraft:picked_up":{"minecraft:crafting_table":2,"minecraft:leather_leggings":1,"minecraft:leather":4,"minecraft:brown_mushroom":5,"minecraft:potato":18,"minecraft:flint":3,"minecraft:oak_log":14,"minecraft:lily_pad":15,"minecraft:brewing_stand":1,"minecraft:dirt":2,"minecraft:blue_bed":1,"minecraft:red_bed":2,"minecraft:white_carpet":1,"minecraft:kelp":12,"minecraft:wheat_seeds":2,"minecraft:bell":1,"minecraft:rabbit_hide":1,"minecraft:iron_ingot":3,"minecraft:beef":6,"minecraft:oak_boat":14,"minecraft:poppy":2,"minecraft:rabbit":1,"minecraft:sugar_cane":45,"minecraft:chest":2,"minecraft:oak_planks":53,"minecraft:furnace":4,"minecraft:stick":4,"minecraft:raw_iron":5,"minecraft:sweet_berries":42,"minecraft:composter":1,"minecraft:gravel":14,"minecraft:porkchop":6,"minecraft:spruce_sapling":6,"minecraft:white_bed":1,"minecraft:spruce_log":35,"minecraft:cauldron":5,"minecraft:rotten_flesh":6,"minecraft:bread":3,"minecraft:oak_button":49,"minecraft:light_gray_carpet":1,"minecraft:mutton":4,"minecraft:cod":1,"minecraft:white_wool":6,"minecraft:cobblestone":27}},"DataVersion":3953}