{"stats":{"minecraft:dropped":{"minecraft:arrow":2,"minecraft:bone":2},"minecraft:picked_up":{"minecraft:feather":4,"minecraft:chicken":3,"minecraft:porkchop":11,"minecraft:sand":25,"minecraft:oak_log":2,"minecraft:grass_block":1,"minecraft:string":1,"minecraft:spider_eye":1,"minecraft:dirt":29,"minecraft:arrow":2,"minecraft:bone":3,"minecraft:rotten_flesh":10,"minecraft:mutton":2,"minecraft:oak_planks":1,"minecraft:white_wool":2,"minecraft:ender_pearl":1},"minecraft:mined":{"minecraft:short_grass":7,"minecraft:grass_block":19,"minecraft:oak_log":2,"minecraft:sand":9,"minecraft:dirt":10,"minecraft:oak_planks":1,"minecraft:white_wool":1,"minecraft:oak_leaves":7},"minecraft:crafted":{"minecraft:oak_planks":4},"minecraft:killed_by":{"minecraft:zombie":1},"minecraft:used":{"minecraft:oak_log":1,"minecraft:grass_block":1,"minecraft:oak_planks":5,"minecraft:ender_pearl":1,"minecraft:white_wool":2,"minecraft:dirt":29,"minecraft:sand":9,"minecraft:mutton":2,"minecraft:porkchop":2},"minecraft:killed":{"minecraft:sheep":1,"minecraft:skeleton":2,"minecraft:zombie":8,"minecraft:pig":5,"minecraft:chicken":3,"minecraft:spider":2,"minecraft:turtle":1,"minecraft:creeper":1,"minecraft:enderman":1},"minecraft:custom":{"minecraft:time_since_rest":3048,"minecraft:sprint_one_cm":122514,"minecraft:damage_taken":928,"minecraft:walk_one_cm":26982,"minecraft:mob_kills":25,"minecraft:drop":4,"minecraft:damage_dealt":3907,"minecraft:swim_one_cm":10862,"minecraft:fly_one_cm":223133,"minecraft:crouch_one_cm":6557,"minecraft:play_time":27209,"minecraft:deaths":2,"minecraft:walk_under_water_one_cm":967,"minecraft:sneak_time":2536,"minecraft:jump":895,"minecraft:leave_game":6,"minecraft:walk_on_water_one_cm":927,"minecraft:time_since_death":3008,"minecraft:total_world_time":27209,"minecraft:fall_one_cm":36363}},"DataVersion":3953}