{"stats":{"minecraft:custom":{"minecraft:time_since_rest":3828,"minecraft:crouch_one_cm":1652,"minecraft:play_time":3828,"minecraft:sprint_one_cm":24641,"minecraft:damage_taken":20,"minecraft:walk_one_cm":4139,"minecraft:sneak_time":625,"minecraft:walk_under_water_one_cm":143,"minecraft:mob_kills":1,"minecraft:jump":98,"minecraft:damage_dealt":80,"minecraft:leave_game":1,"minecraft:time_since_death":3828,"minecraft:walk_on_water_one_cm":120,"minecraft:total_world_time":3828,"minecraft:swim_one_cm":1625,"minecraft:fall_one_cm":4553,"minecraft:fly_one_cm":20707},"minecraft:used":{"minecraft:white_wool":1,"minecraft:sand":1,"minecraft:mutton":2,"minecraft:oak_planks":4},"minecraft:picked_up":{"minecraft:sand":1,"minecraft:oak_log":2,"minecraft:mutton":2,"minecraft:dirt":12,"minecraft:white_wool":1},"minecraft:crafted":{"minecraft:oak_planks":4},"minecraft:killed":{"minecraft:sheep":1},"minecraft:mined":{"minecraft:short_grass":1,"minecraft:grass_block":12,"minecraft:oak_log":2,"minecraft:sand":1}},"DataVersion":3953}