{"stats":{"minecraft:killed":{"minecraft:zombified_piglin":13,"minecraft:spider":1,"minecraft:skeleton":8,"minecraft:chicken":6,"minecraft:magma_cube":2,"minecraft:piglin":14,"minecraft:pig":11,"minecraft:iron_golem":6,"minecraft:creeper":4,"minecraft:sheep":24,"minecraft:goat":1,"minecraft:zombie":10,"minecraft:blaze":19,"minecraft:cow":9,"minecraft:hoglin":5,"minecraft:wither_skeleton":5,"minecraft:villager":7,"minecraft:enderman":4},"minecraft:custom":{"minecraft:interact_with_crafting_table":56,"minecraft:leave_game":8,"minecraft:time_since_death":23092,"minecraft:sprint_one_cm":943184,"minecraft:damage_blocked_by_shield":628,"minecraft:drop":461,"minecraft:talked_to_villager":5,"minecraft:play_time":311166,"minecraft:deaths":5,"minecraft:jump":6334,"minecraft:walk_on_water_one_cm":33475,"minecraft:interact_with_furnace":110,"minecraft:traded_with_villager":24,"minecraft:sleep_in_bed":1,"minecraft:damage_dealt":30220,"minecraft:player_kills":5,"minecraft:crouch_one_cm":229720,"minecraft:interact_with_smithing_table":4,"minecraft:mob_kills":150,"minecraft:inspect_hopper":1,"minecraft:climb_one_cm":3430,"minecraft:walk_one_cm":409912,"minecraft:sneak_time":66219,"minecraft:walk_under_water_one_cm":21852,"minecraft:boat_one_cm":6945,"minecraft:total_world_time":311166,"minecraft:time_since_rest":23118,"minecraft:damage_taken":8014,"minecraft:swim_one_cm":31649,"minecraft:fly_one_cm":1526018,"minecraft:open_chest":83,"minecraft:fall_one_cm":237933},"minecraft:killed_by":{"minecraft:polar_bear":1,"minecraft:player":1,"minecraft:warden":1},"minecraft:broken":{"minecraft:iron_axe":1,"minecraft:iron_pickaxe":1},"minecraft:crafted":{"minecraft:oak_planks":36,"minecraft:blaze_powder":14,"minecraft:cooked_chicken":3,"minecraft:diamond_shovel":1,"minecraft:cooked_mutton":36,"minecraft:hopper":6,"minecraft:diamond_helmet":2,"minecraft:diamond_leggings":1,"minecraft:iron_boots":1,"minecraft:chest":11,"minecraft:ender_eye":13,"minecraft:oak_slab":12,"minecraft:emerald":23,"minecraft:cooked_porkchop":27,"minecraft:diamond_axe":1,"minecraft:crafting_table":3,"minecraft:spruce_planks":1060,"minecraft:iron_helmet":1,"minecraft:iron_chestplate":2,"minecraft:charcoal":12,"minecraft:diamond_pickaxe":1,"minecraft:shield":1,"minecraft:stick":36,"minecraft:iron_pickaxe":2,"minecraft:gold_ingot":81,"minecraft:light_gray_dye":1,"minecraft:shears":2,"minecraft:diamond_hoe":1,"minecraft:furnace":4,"minecraft:spruce_fence":36,"minecraft:flint_and_steel":1,"minecraft:iron_axe":2,"minecraft:iron_hoe":1,"minecraft:spruce_slab":1662,"minecraft:diamond_boots":1,"minecraft:wheat":45,"minecraft:cooked_beef":25,"minecraft:diamond_sword":1,"minecraft:iron_sword":1,"minecraft:bowl":4,"minecraft:bucket":1,"minecraft:bread":15,"minecraft:air":0,"minecraft:iron_shovel":1,"minecraft:iron_leggings":1,"minecraft:diamond_chestplate":1},"minecraft:used":{"minecraft:cherry_sapling":1,"minecraft:iron_shovel":131,"minecraft:spruce_slab":1704,"minecraft:diamond_hoe":817,"minecraft:oak_sign":44,"minecraft:chest":9,"minecraft:shield":13,"minecraft:iron_sword":84,"minecraft:zombie_spawn_egg":6,"minecraft:bell":2,"minecraft:rotten_flesh":8,"minecraft:soul_sand":4,"minecraft:nether_bricks":39,"minecraft:obsidian":65,"minecraft:lava_bucket":6,"minecraft:villager_spawn_egg":15,"minecraft:cherry_leaves":57,"minecraft:hay_block":3,"minecraft:furnace":10,"minecraft:egg":3,"minecraft:blackstone":5,"minecraft:diamond_axe":29,"minecraft:stripped_mangrove_wood":1,"minecraft:shears":78,"minecraft:crying_obsidian":1,"minecraft:bread":23,"minecraft:gravel":28,"minecraft:diamond_sword":293,"minecraft:fire_charge":6,"minecraft:oak_boat":4,"minecraft:flint_and_steel":8,"minecraft:stone_shovel":594,"minecraft:spruce_planks":83,"minecraft:cooked_chicken":3,"minecraft:netherrack":275,"minecraft:dirt":806,"minecraft:hopper":9,"minecraft:diamond_helmet":1,"minecraft:granite":21,"minecraft:spruce_fence":1,"minecraft:iron_axe":385,"minecraft:spawner":5,"minecraft:barrel":12,"minecraft:beef":1,"minecraft:cooked_beef":38,"minecraft:cobbled_deepslate":143,"minecraft:cooked_mutton":30,"minecraft:water_bucket":26,"minecraft:cobblestone_stairs":33,"minecraft:iron_golem_spawn_egg":5,"minecraft:tnt":2,"minecraft:oak_slab":23,"minecraft:crafting_table":12,"minecraft:white_bed":13,"minecraft:diamond_pickaxe":931,"minecraft:diamond_shovel":76,"minecraft:oak_button":219,"minecraft:iron_pickaxe":250,"minecraft:spruce_sapling":39,"minecraft:stone_axe":56,"minecraft:cobblestone":131,"minecraft:potion":2,"minecraft:cooked_porkchop":14,"minecraft:bucket":17,"minecraft:dandelion":2},"minecraft:mined":{"minecraft:spruce_planks":10,"minecraft:white_bed":3,"minecraft:cobblestone_stairs":5,"minecraft:sculk_vein":40,"minecraft:obsidian":62,"minecraft:granite":21,"minecraft:grass_block":101,"minecraft:soul_soil":9,"minecraft:sculk_catalyst":5,"minecraft:cobbled_deepslate":14,"minecraft:iron_ore":4,"minecraft:fire":28,"minecraft:azure_bluet":2,"minecraft:sculk_shrieker":7,"minecraft:spruce_slab":48,"minecraft:deepslate_redstone_ore":7,"minecraft:brown_mushroom":11,"minecraft:crimson_nylium":24,"minecraft:soul_fire":6,"minecraft:poppy":1,"minecraft:cobblestone":11,"minecraft:pink_petals":2,"minecraft:oak_log":9,"minecraft:sand":1,"minecraft:dirt":54,"minecraft:netherrack":470,"minecraft:oak_leaves":8,"minecraft:deepslate":120,"minecraft:nether_gold_ore":184,"minecraft:deepslate_diamond_ore":49,"minecraft:nether_bricks":42,"minecraft:spruce_fence":1,"minecraft:crimson_roots":2,"minecraft:hay_block":9,"minecraft:furnace":8,"minecraft:andesite":3,"minecraft:nether_brick_fence":7,"minecraft:stone":145,"minecraft:oak_slab":1,"minecraft:soul_sand":24,"minecraft:basalt":1,"minecraft:dandelion":17,"minecraft:crafting_table":10,"minecraft:short_grass":22,"minecraft:sculk_sensor":46,"minecraft:tall_grass":16,"minecraft:sculk":714,"minecraft:spruce_log":306,"minecraft:yellow_bed":1,"minecraft:cherry_leaves":137,"minecraft:gravel":38},"minecraft:dropped":{"minecraft:iron_sword":3,"minecraft:soul_sand":93,"minecraft:warped_fungus":1,"minecraft:glass_bottle":1,"minecraft:crafting_table":1,"minecraft:warden_spawn_egg":64,"minecraft:leather":21,"minecraft:flint":1,"minecraft:emerald":3,"minecraft:dirt":67,"minecraft:crimson_roots":8,"minecraft:iron_pickaxe":2,"minecraft:white_wool":6,"minecraft:gold_ingot":162,"minecraft:bone":2,"minecraft:gravel":69,"minecraft:stone_axe":1,"minecraft:blackstone":38,"minecraft:nether_brick":33,"minecraft:rotten_flesh":9,"minecraft:oak_planks":43,"minecraft:nether_brick_fence":5,"minecraft:poppy":3,"minecraft:basalt":1,"minecraft:crying_obsidian":8,"minecraft:quartz":22,"minecraft:netherrack":145,"minecraft:spawner":1,"minecraft:stone_hoe":1,"minecraft:enchanted_book":1,"minecraft:iron_ingot":14,"minecraft:bread":4,"minecraft:oak_slab":8,"minecraft:wheat_seeds":2,"minecraft:iron_golem_spawn_egg":1,"minecraft:iron_helmet":2,"minecraft:feather":1,"minecraft:cobblestone":3,"minecraft:book":12,"minecraft:coal":46,"minecraft:stick":73,"minecraft:milk_bucket":4,"minecraft:fire_charge":4,"minecraft:potion":3,"minecraft:iron_leggings":2,"minecraft:iron_axe":3,"minecraft:iron_shovel":2,"minecraft:string":18,"minecraft:soul_soil":7,"minecraft:raw_iron":4,"minecraft:chicken":1,"minecraft:iron_boots":3,"minecraft:iron_hoe":1,"minecraft:nether_bricks":1,"minecraft:shears":1,"minecraft:shield":1,"minecraft:oak_button":1,"minecraft:spruce_planks":217,"minecraft:iron_chestplate":3,"minecraft:andesite":3,"minecraft:golden_sword":2,"minecraft:spider_eye":1,"minecraft:black_wool":1},"minecraft:picked_up":{"minecraft:iron_chestplate":2,"minecraft:nether_brick_fence":5,"minecraft:diamond_sword":2,"minecraft:enchanted_book":1,"minecraft:potion":6,"minecraft:nether_brick":33,"minecraft:golden_sword":2,"minecraft:string":18,"minecraft:soul_soil":7,"minecraft:iron_leggings":1,"minecraft:oak_sign":3,"minecraft:diamond_leggings":2,"minecraft:gold_nugget":729,"minecraft:cobbled_deepslate":177,"minecraft:spruce_planks":257,"minecraft:iron_pickaxe":1,"minecraft:furnace":10,"minecraft:iron_boots":2,"minecraft:stick":17,"minecraft:porkchop":31,"minecraft:rotten_flesh":18,"minecraft:blaze_rod":22,"minecraft:obsidian":107,"minecraft:cobblestone":159,"minecraft:pink_petals":6,"minecraft:feather":3,"minecraft:cooked_beef":26,"minecraft:cherry_leaves":57,"minecraft:water_bucket":2,"minecraft:andesite":6,"minecraft:brown_wool":1,"minecraft:flint":2,"minecraft:wither_skeleton_skull":2,"minecraft:lapis_lazuli":34,"minecraft:dirt":252,"minecraft:bone":8,"minecraft:wheat_seeds":9,"minecraft:bell":1,"minecraft:diamond_helmet":1,"minecraft:oak_planks":43,"minecraft:stone_hoe":1,"minecraft:cooked_porkchop":4,"minecraft:stripped_spruce_log":1,"minecraft:spectral_arrow":112,"minecraft:diamond":78,"minecraft:granite":23,"minecraft:emerald":3,"minecraft:bread":13,"minecraft:netherrack":475,"minecraft:crimson_roots":8,"minecraft:diamond_pickaxe":2,"minecraft:charcoal":12,"minecraft:crafting_table":12,"minecraft:azure_bluet":3,"minecraft:chicken":5,"minecraft:brown_mushroom":11,"minecraft:shield":3,"minecraft:cornflower":1,"minecraft:flint_and_steel":1,"minecraft:iron_axe":2,"minecraft:iron_shovel":1,"minecraft:blackstone":43,"minecraft:beef":81,"minecraft:poppy":6,"minecraft:spruce_slab":49,"minecraft:diamond_hoe":1,"minecraft:egg":3,"minecraft:raw_iron":4,"minecraft:spruce_fence":1,"minecraft:fire_charge":10,"minecraft:redstone":33,"minecraft:arrow":5,"minecraft:diamond_chestplate":2,"minecraft:nether_bricks":40,"minecraft:shears":2,"minecraft:diamond_boots":2,"minecraft:hay_block":11,"minecraft:gold_ingot":81,"minecraft:mutton":36,"minecraft:white_wool":21,"minecraft:basalt":1,"minecraft:leather":25,"minecraft:oak_log":9,"minecraft:yellow_bed":1,"minecraft:gunpowder":18,"minecraft:cobblestone_stairs":5,"minecraft:cooked_mutton":7,"minecraft:iron_ingot":63,"minecraft:soul_sand":97,"minecraft:iron_sword":2,"minecraft:book":12,"minecraft:oak_slab":5,"minecraft:warped_fungus":1,"minecraft:milk_bucket":4,"minecraft:quartz":22,"minecraft:dandelion":18,"minecraft:gravel":97,"minecraft:spruce_sapling":17,"minecraft:white_bed":9,"minecraft:spruce_log":379,"minecraft:crying_obsidian":9,"minecraft:spider_eye":1,"minecraft:diamond_shovel":1,"minecraft:short_grass":2,"minecraft:iron_helmet":1,"minecraft:diamond_axe":2,"minecraft:cherry_sapling":1,"minecraft:gray_wool":1,"minecraft:oak_button":2,"minecraft:black_wool":1,"minecraft:coal":49,"minecraft:ender_pearl":26}},"DataVersion":3953}