{"stats":{"minecraft:picked_up":{"minecraft:flower_pot":1,"minecraft:anvil":1,"minecraft:yellow_wool":1,"minecraft:lead":6,"minecraft:smithing_table":1,"minecraft:oak_stairs":302,"minecraft:lapis_block":3,"minecraft:string":18362,"minecraft:raw_copper":20,"minecraft:sticky_piston":1,"minecraft:pufferfish":2,"minecraft:oak_sign":16,"minecraft:smooth_stone":21,"minecraft:red_sand":23,"minecraft:gold_nugget":2,"minecraft:cobbled_deepslate":8,"minecraft:bucket":1,"minecraft:rose_bush":155,"minecraft:cobblestone_slab":20,"minecraft:iron_pickaxe":1,"minecraft:iron_boots":1,"minecraft:furnace":24,"minecraft:stick":72,"minecraft:composter":2,"minecraft:oak_fence":13,"minecraft:torch":60,"minecraft:acacia_log":7,"minecraft:porkchop":5,"minecraft:diorite":169,"minecraft:stone_sword":1,"minecraft:rotten_flesh":7,"minecraft:bookshelf":3,"minecraft:white_terracotta":95,"minecraft:obsidian":63,"minecraft:cod":5,"minecraft:cobblestone":859,"minecraft:enchanting_table":1,"minecraft:magma_block":1,"minecraft:polished_diorite_slab":1,"minecraft:cooked_beef":6,"minecraft:water_bucket":1,"minecraft:brown_wool":1,"minecraft:dirt":591,"minecraft:lapis_lazuli":74,"minecraft:bone":41,"minecraft:acacia_planks":2,"minecraft:stonecutter":2,"minecraft:bow":4,"minecraft:wheat_seeds":31,"minecraft:raw_gold":5,"minecraft:bell":1,"minecraft:fletching_table":3,"minecraft:oak_planks":271,"minecraft:cooked_porkchop":1,"minecraft:sand":10,"minecraft:ink_sac":2,"minecraft:grass_block":1,"minecraft:red_terracotta":17,"minecraft:barrel":8,"minecraft:mossy_cobblestone":41,"minecraft:deepslate":58,"minecraft:diamond":22,"minecraft:lever":3,"minecraft:granite":33,"minecraft:emerald":8,"minecraft:oak_sapling":13,"minecraft:netherrack":14,"minecraft:bricks":2,"minecraft:diamond_pickaxe":1,"minecraft:fishing_rod":1,"minecraft:crafting_table":10,"minecraft:azure_bluet":2,"minecraft:clay_ball":16,"minecraft:ladder":11,"minecraft:cornflower":1,"minecraft:oak_trapdoor":34,"minecraft:blackstone":6,"minecraft:beef":3,"minecraft:poppy":11,"minecraft:light_gray_wool":1,"minecraft:lectern":3,"minecraft:sugar_cane":90,"minecraft:egg":2,"minecraft:raw_iron":14,"minecraft:stone":378,"minecraft:oak_door":8,"minecraft:polished_granite_stairs":1,"minecraft:arrow":43,"minecraft:stone_shovel":1,"minecraft:hay_block":16,"minecraft:yellow_terracotta":17,"minecraft:mutton":9,"minecraft:white_wool":230,"minecraft:stripped_oak_log":19,"minecraft:basalt":22,"minecraft:golden_carrot":145,"minecraft:salmon":2,"minecraft:leather":5,"minecraft:granite_stairs":1,"minecraft:oak_log":219,"minecraft:chainmail_chestplate":16,"minecraft:cobblestone_wall":3,"minecraft:yellow_bed":8,"minecraft:gunpowder":2,"minecraft:cobblestone_stairs":28,"minecraft:diorite_stairs":1,"minecraft:orange_terracotta":21,"minecraft:stone_bricks":9,"minecraft:apple":4,"minecraft:red_sandstone":5,"minecraft:iron_ingot":23,"minecraft:stone_pickaxe":6,"minecraft:cooked_chicken":1,"minecraft:stripped_oak_wood":1,"minecraft:book":9,"minecraft:scaffolding":282,"minecraft:oak_slab":26,"minecraft:nether_quartz_ore":3,"minecraft:red_wool":73,"minecraft:quartz":3,"minecraft:dandelion":8,"minecraft:gravel":1,"minecraft:blast_furnace":17,"minecraft:white_bed":8,"minecraft:spider_eye":2,"minecraft:polished_diorite_stairs":5,"minecraft:polished_diorite":2,"minecraft:stone_axe":1,"minecraft:diamond_axe":1,"minecraft:iron_helmet":3,"minecraft:painting":13,"minecraft:gray_wool":1,"minecraft:terracotta":20,"minecraft:coal":28,"minecraft:ender_pearl":1},"minecraft:used":{"minecraft:polished_granite_stairs":1,"minecraft:red_sand":3,"minecraft:poppy":4,"minecraft:ladder":112,"minecraft:oak_sign":18,"minecraft:chest":15,"minecraft:white_terracotta":1,"minecraft:stone":73,"minecraft:bell":1,"minecraft:mutton":2,"minecraft:obsidian":3,"minecraft:glass":1,"minecraft:mangrove_stairs":21,"minecraft:villager_spawn_egg":5,"minecraft:red_wool":450,"minecraft:grass_block":3,"minecraft:stone_bricks":4,"minecraft:scaffolding":285,"minecraft:furnace":23,"minecraft:oak_sapling":9,"minecraft:mangrove_slab":10,"minecraft:polished_diorite_stairs":14,"minecraft:diorite":1,"minecraft:stone_pickaxe":350,"minecraft:oak_planks":49,"minecraft:polished_diorite_slab":8,"minecraft:wooden_pickaxe":39,"minecraft:composter":3,"minecraft:diamond_axe":801,"minecraft:sugar_cane":29,"minecraft:white_wool":478,"minecraft:sand":10,"minecraft:yellow_terracotta":1,"minecraft:blast_furnace":16,"minecraft:shears":272,"minecraft:sticky_piston":1,"minecraft:lever":3,"minecraft:red_sandstone":2,"minecraft:bread":109,"minecraft:string":141,"minecraft:lectern":4,"minecraft:red_terracotta":1,"minecraft:diamond_sword":158,"minecraft:grindstone":1,"minecraft:smithing_table":1,"minecraft:bone_meal":123,"minecraft:diorite_stairs":1,"minecraft:oak_trapdoor":137,"minecraft:oak_fence":95,"minecraft:rose_bush":3,"minecraft:enchanting_table":1,"minecraft:granite_stairs":1,"minecraft:stone_shovel":9,"minecraft:netherrack":4,"minecraft:torch":14,"minecraft:dirt":301,"minecraft:anvil":2,"minecraft:nether_quartz_ore":3,"minecraft:cobblestone_wall":2,"minecraft:granite":2,"minecraft:polished_diorite":2,"minecraft:bookshelf":6,"minecraft:oak_stairs":1,"minecraft:barrel":12,"minecraft:bamboo":36,"minecraft:basalt":2,"minecraft:tripwire_hook":3,"minecraft:cobbled_deepslate":1,"minecraft:orange_terracotta":5,"minecraft:pointed_dripstone":1,"minecraft:water_bucket":29,"minecraft:cobblestone_stairs":51,"minecraft:dirt_path":3,"minecraft:stonecutter":2,"minecraft:fletching_table":2,"minecraft:cobblestone_slab":67,"minecraft:mossy_cobblestone":6,"minecraft:terracotta":2,"minecraft:oak_slab":32,"minecraft:crafting_table":4,"minecraft:campfire":1,"minecraft:white_bed":7,"minecraft:painting":16,"minecraft:oak_log":19,"minecraft:diamond_pickaxe":1249,"minecraft:apple":4,"minecraft:diamond_shovel":788,"minecraft:stone_axe":83,"minecraft:fishing_rod":11,"minecraft:cobblestone":169,"minecraft:cooked_porkchop":1,"minecraft:porkchop":3,"minecraft:lapis_block":5,"minecraft:bucket":26,"minecraft:yellow_bed":7,"minecraft:dandelion":1},"minecraft:custom":{"minecraft:interact_with_crafting_table":50,"minecraft:open_barrel":6,"minecraft:leave_game":2,"minecraft:time_since_death":417998,"minecraft:sprint_one_cm":1015269,"minecraft:drop":350,"minecraft:talked_to_villager":197,"minecraft:play_time":425706,"minecraft:deaths":1,"minecraft:jump":5965,"minecraft:walk_on_water_one_cm":132702,"minecraft:enchant_item":8,"minecraft:interact_with_furnace":13,"minecraft:traded_with_villager":654,"minecraft:sleep_in_bed":5,"minecraft:damage_dealt":12499,"minecraft:player_kills":1,"minecraft:crouch_one_cm":158643,"minecraft:horse_one_cm":582,"minecraft:mob_kills":57,"minecraft:interact_with_anvil":3,"minecraft:inspect_hopper":2,"minecraft:climb_one_cm":104399,"minecraft:walk_one_cm":1005735,"minecraft:sneak_time":60955,"minecraft:walk_under_water_one_cm":90597,"minecraft:interact_with_blast_furnace":3,"minecraft:total_world_time":425706,"minecraft:interact_with_stonecutter":9,"minecraft:interact_with_grindstone":5,"minecraft:time_since_rest":7911,"minecraft:damage_taken":3234,"minecraft:swim_one_cm":65824,"minecraft:fly_one_cm":1347942,"minecraft:open_chest":371,"minecraft:fish_caught":8,"minecraft:fall_one_cm":108872},"minecraft:mined":{"minecraft:white_bed":7,"minecraft:cobblestone_stairs":28,"minecraft:obsidian":53,"minecraft:granite":15,"minecraft:red_sand":23,"minecraft:acacia_log":7,"minecraft:grass_block":115,"minecraft:polished_diorite":2,"minecraft:diorite_stairs":1,"minecraft:composter":2,"minecraft:oak_wall_sign":6,"minecraft:smooth_stone":16,"minecraft:magma_block":2,"minecraft:sticky_piston":1,"minecraft:barrel":8,"minecraft:fire":2,"minecraft:cobbled_deepslate":2,"minecraft:fletching_table":3,"minecraft:anvil":1,"minecraft:azure_bluet":1,"minecraft:enchanting_table":1,"minecraft:dirt_path":134,"minecraft:oak_stairs":303,"minecraft:granite_stairs":1,"minecraft:polished_granite_stairs":1,"minecraft:tripwire":6,"minecraft:blackstone":6,"minecraft:orange_terracotta":21,"minecraft:clay":4,"minecraft:blast_furnace":12,"minecraft:poppy":3,"minecraft:dead_bush":3,"minecraft:polished_diorite_slab":1,"minecraft:nether_quartz_ore":3,"minecraft:glass":1,"minecraft:cobblestone":369,"minecraft:sugar_cane":55,"minecraft:oak_planks":232,"minecraft:bricks":2,"minecraft:wall_torch":8,"minecraft:polished_diorite_stairs":5,"minecraft:white_terracotta":95,"minecraft:lapis_block":5,"minecraft:stripped_oak_wood":1,"minecraft:oak_log":183,"minecraft:sand":8,"minecraft:dirt":215,"minecraft:stonecutter":2,"minecraft:netherrack":14,"minecraft:oak_leaves":17,"minecraft:deepslate":60,"minecraft:yellow_terracotta":17,"minecraft:mossy_cobblestone":40,"minecraft:deepslate_diamond_ore":2,"minecraft:oak_door":6,"minecraft:ladder":1,"minecraft:hay_block":14,"minecraft:oak_trapdoor":35,"minecraft:furnace":19,"minecraft:red_sandstone":5,"minecraft:bookshelf":3,"minecraft:cobblestone_slab":20,"minecraft:stripped_oak_log":18,"minecraft:stone":546,"minecraft:white_wool":217,"minecraft:oak_slab":25,"minecraft:acacia_leaves":1,"minecraft:scaffolding":83,"minecraft:glass_pane":25,"minecraft:red_wool":71,"minecraft:basalt":12,"minecraft:dandelion":6,"minecraft:oak_fence":11,"minecraft:crafting_table":9,"minecraft:cornflower":1,"minecraft:short_grass":54,"minecraft:rose_bush":8,"minecraft:lectern":3,"minecraft:tall_grass":7,"minecraft:diorite":161,"minecraft:red_terracotta":17,"minecraft:cobblestone_wall":3,"minecraft:yellow_bed":8,"minecraft:coal_ore":19,"minecraft:gravel":3,"minecraft:acacia_planks":2,"minecraft:terracotta":20,"minecraft:stone_bricks":6},"minecraft:crafted":{"minecraft:oak_planks":692,"minecraft:chainmail_helmet":2,"minecraft:cobblestone_slab":126,"minecraft:oak_sign":6,"minecraft:barrel":4,"minecraft:diorite_stairs":20,"minecraft:red_sandstone":1,"minecraft:diamond_shovel":1,"minecraft:bookshelf":4,"minecraft:diamond_helmet":1,"minecraft:diamond_leggings":1,"minecraft:bow":3,"minecraft:chest":15,"minecraft:name_tag":2,"minecraft:oak_fence":42,"minecraft:polished_diorite_slab":10,"minecraft:granite_stairs":2,"minecraft:oak_slab":24,"minecraft:emerald":529,"minecraft:diamond_axe":1,"minecraft:wooden_pickaxe":1,"minecraft:iron_helmet":10,"minecraft:chainmail_chestplate":13,"minecraft:red_wool":202,"minecraft:campfire":1,"minecraft:painting":1,"minecraft:lectern":1,"minecraft:book":3,"minecraft:paper":18,"minecraft:diamond_pickaxe":4,"minecraft:stick":364,"minecraft:iron_block":3,"minecraft:composter":1,"minecraft:polished_diorite_stairs":12,"minecraft:stone_shovel":1,"minecraft:fishing_rod":2,"minecraft:furnace":1,"minecraft:bone_meal":123,"minecraft:oak_trapdoor":102,"minecraft:polished_diorite":3,"minecraft:iron_axe":22,"minecraft:polished_granite_stairs":2,"minecraft:ladder":123,"minecraft:stone_pickaxe":16,"minecraft:cobblestone_wall":1,"minecraft:diamond_boots":1,"minecraft:wheat":144,"minecraft:red_dye":203,"minecraft:diamond_sword":1,"minecraft:stone_axe":1,"minecraft:bread":276,"minecraft:air":0,"minecraft:white_wool":544,"minecraft:chainmail_boots":12,"minecraft:anvil":1,"minecraft:diorite_slab":6,"minecraft:torch":4,"minecraft:lapis_block":4,"minecraft:diamond_chestplate":1},"minecraft:dropped":{"minecraft:diamond_axe":1,"minecraft:lapis_lazuli":6,"minecraft:oak_log":20,"minecraft:diamond":16,"minecraft:leather":1,"minecraft:red_wool":18,"minecraft:dirt":46,"minecraft:mutton":4,"minecraft:gold_nugget":2,"minecraft:sand":3,"minecraft:fishing_rod":1,"minecraft:white_wool":26,"minecraft:stone_axe":1,"minecraft:blackstone":6,"minecraft:lever":2,"minecraft:cobbled_deepslate":3,"minecraft:obsidian":64,"minecraft:rotten_flesh":4,"minecraft:oak_planks":18,"minecraft:chainmail_chestplate":29,"minecraft:poppy":4,"minecraft:gunpowder":2,"minecraft:chainmail_boots":12,"minecraft:basalt":10,"minecraft:arrow":8,"minecraft:beef":3,"minecraft:scaffolding":125,"minecraft:netherrack":10,"minecraft:iron_ingot":9,"minecraft:bread":128,"minecraft:wheat_seeds":26,"minecraft:oak_fence":3,"minecraft:iron_helmet":12,"minecraft:cobblestone":103,"minecraft:granite":14,"minecraft:chainmail_helmet":2,"minecraft:grass_block":1,"minecraft:coal":9,"minecraft:stick":69,"minecraft:pufferfish":2,"minecraft:gray_wool":1,"minecraft:diorite":12,"minecraft:golden_carrot":113,"minecraft:ink_sac":2,"minecraft:brown_wool":1,"minecraft:iron_axe":22,"minecraft:smooth_stone":5,"minecraft:string":548,"minecraft:dandelion":1,"minecraft:furnace":1,"minecraft:polished_diorite_slab":1,"minecraft:cobblestone_wall":1,"minecraft:raw_copper":20,"minecraft:raw_iron":14,"minecraft:stone_shovel":1,"minecraft:stone":23,"minecraft:flower_pot":1,"minecraft:diamond_pickaxe":2,"minecraft:oak_sapling":1,"minecraft:stone_bricks":3,"minecraft:spider_eye":1,"minecraft:stone_pickaxe":17},"minecraft:broken":{"minecraft:stone_pickaxe":1},"minecraft:killed":{"minecraft:spider":4,"minecraft:skeleton":40,"minecraft:pig":3,"minecraft:iron_golem":1,"minecraft:creeper":1,"minecraft:sheep":3,"minecraft:zombie":2,"minecraft:wandering_trader":1,"minecraft:enderman":1},"minecraft:killed_by":{"minecraft:zombie":1}},"DataVersion":3953}