{"stats":{"minecraft:picked_up":{"minecraft:flower_pot":1,"minecraft:anvil":1,"minecraft:yellow_wool":1,"minecraft:smithing_table":1,"minecraft:oak_stairs":302,"minecraft:string":16482,"minecraft:oak_sign":14,"minecraft:smooth_stone":16,"minecraft:red_sand":23,"minecraft:gold_nugget":1,"minecraft:cobbled_deepslate":3,"minecraft:bucket":1,"minecraft:rose_bush":92,"minecraft:cobblestone_slab":2,"minecraft:iron_pickaxe":1,"minecraft:iron_boots":1,"minecraft:furnace":10,"minecraft:stick":30,"minecraft:composter":2,"minecraft:oak_fence":13,"minecraft:torch":53,"minecraft:acacia_log":7,"minecraft:porkchop":5,"minecraft:diorite":156,"minecraft:stone_sword":1,"minecraft:rotten_flesh":6,"minecraft:bookshelf":3,"minecraft:white_terracotta":95,"minecraft:obsidian":63,"minecraft:cobblestone":665,"minecraft:enchanting_table":1,"minecraft:magma_block":1,"minecraft:cooked_beef":6,"minecraft:water_bucket":1,"minecraft:brown_wool":1,"minecraft:dirt":386,"minecraft:lapis_lazuli":74,"minecraft:bone":41,"minecraft:acacia_planks":2,"minecraft:stonecutter":2,"minecraft:bow":4,"minecraft:wheat_seeds":30,"minecraft:raw_gold":5,"minecraft:bell":1,"minecraft:fletching_table":3,"minecraft:oak_planks":237,"minecraft:cooked_porkchop":1,"minecraft:sand":8,"minecraft:ink_sac":2,"minecraft:red_terracotta":17,"minecraft:barrel":8,"minecraft:mossy_cobblestone":41,"minecraft:diamond":6,"minecraft:lever":2,"minecraft:granite":20,"minecraft:emerald":8,"minecraft:oak_sapling":13,"minecraft:netherrack":4,"minecraft:bricks":2,"minecraft:crafting_table":10,"minecraft:azure_bluet":2,"minecraft:clay_ball":16,"minecraft:ladder":11,"minecraft:cornflower":1,"minecraft:oak_trapdoor":34,"minecraft:poppy":8,"minecraft:light_gray_wool":1,"minecraft:lectern":3,"minecraft:sugar_cane":90,"minecraft:egg":2,"minecraft:stone":29,"minecraft:oak_door":8,"minecraft:arrow":39,"minecraft:stone_shovel":1,"minecraft:hay_block":16,"minecraft:yellow_terracotta":17,"minecraft:mutton":5,"minecraft:white_wool":49,"minecraft:stripped_oak_log":19,"minecraft:salmon":1,"minecraft:leather":4,"minecraft:oak_log":175,"minecraft:chainmail_chestplate":16,"minecraft:cobblestone_wall":1,"minecraft:yellow_bed":8,"minecraft:gunpowder":2,"minecraft:cobblestone_stairs":12,"minecraft:orange_terracotta":21,"minecraft:stone_bricks":3,"minecraft:apple":4,"minecraft:red_sandstone":5,"minecraft:iron_ingot":18,"minecraft:stone_pickaxe":6,"minecraft:cooked_chicken":1,"minecraft:stripped_oak_wood":1,"minecraft:book":9,"minecraft:scaffolding":280,"minecraft:oak_slab":20,"minecraft:red_wool":51,"minecraft:dandelion":8,"minecraft:gravel":1,"minecraft:blast_furnace":2,"minecraft:white_bed":8,"minecraft:spider_eye":2,"minecraft:stone_axe":1,"minecraft:iron_helmet":2,"minecraft:gray_wool":1,"minecraft:terracotta":20,"minecraft:coal":19,"minecraft:ender_pearl":1},"minecraft:used":{"minecraft:red_sand":3,"minecraft:poppy":4,"minecraft:ladder":112,"minecraft:oak_sign":18,"minecraft:chest":15,"minecraft:white_terracotta":1,"minecraft:bell":1,"minecraft:mutton":2,"minecraft:obsidian":3,"minecraft:villager_spawn_egg":5,"minecraft:red_wool":251,"minecraft:stone_bricks":1,"minecraft:scaffolding":285,"minecraft:furnace":10,"minecraft:oak_sapling":9,"minecraft:stone_pickaxe":350,"minecraft:oak_planks":22,"minecraft:wooden_pickaxe":39,"minecraft:composter":3,"minecraft:diamond_axe":773,"minecraft:sugar_cane":29,"minecraft:white_wool":184,"minecraft:sand":10,"minecraft:yellow_terracotta":1,"minecraft:blast_furnace":1,"minecraft:shears":82,"minecraft:lever":3,"minecraft:red_sandstone":2,"minecraft:bread":77,"minecraft:string":21,"minecraft:lectern":4,"minecraft:red_terracotta":1,"minecraft:diamond_sword":131,"minecraft:grindstone":1,"minecraft:smithing_table":1,"minecraft:bone_meal":61,"minecraft:oak_trapdoor":137,"minecraft:oak_fence":95,"minecraft:rose_bush":2,"minecraft:enchanting_table":1,"minecraft:stone_shovel":9,"minecraft:netherrack":4,"minecraft:torch":11,"minecraft:dirt":275,"minecraft:anvil":2,"minecraft:granite":2,"minecraft:bookshelf":6,"minecraft:oak_stairs":1,"minecraft:barrel":11,"minecraft:bamboo":36,"minecraft:tripwire_hook":3,"minecraft:cobbled_deepslate":1,"minecraft:orange_terracotta":5,"minecraft:pointed_dripstone":1,"minecraft:water_bucket":22,"minecraft:dirt_path":3,"minecraft:stonecutter":1,"minecraft:fletching_table":2,"minecraft:cobblestone_slab":2,"minecraft:mossy_cobblestone":6,"minecraft:terracotta":2,"minecraft:oak_slab":26,"minecraft:crafting_table":4,"minecraft:campfire":1,"minecraft:white_bed":7,"minecraft:oak_log":5,"minecraft:diamond_pickaxe":679,"minecraft:apple":4,"minecraft:diamond_shovel":679,"minecraft:stone_axe":83,"minecraft:cobblestone":91,"minecraft:cooked_porkchop":1,"minecraft:porkchop":3,"minecraft:bucket":19,"minecraft:yellow_bed":7,"minecraft:dandelion":1},"minecraft:custom":{"minecraft:interact_with_crafting_table":37,"minecraft:leave_game":2,"minecraft:time_since_death":297998,"minecraft:sprint_one_cm":728186,"minecraft:drop":256,"minecraft:talked_to_villager":174,"minecraft:play_time":305706,"minecraft:deaths":1,"minecraft:jump":4384,"minecraft:walk_on_water_one_cm":103657,"minecraft:enchant_item":8,"minecraft:interact_with_furnace":13,"minecraft:traded_with_villager":522,"minecraft:sleep_in_bed":3,"minecraft:damage_dealt":11844,"minecraft:player_kills":1,"minecraft:crouch_one_cm":111909,"minecraft:mob_kills":56,"minecraft:interact_with_anvil":1,"minecraft:climb_one_cm":101817,"minecraft:walk_one_cm":655936,"minecraft:sneak_time":44995,"minecraft:walk_under_water_one_cm":63353,"minecraft:total_world_time":305706,"minecraft:interact_with_stonecutter":1,"minecraft:interact_with_grindstone":5,"minecraft:time_since_rest":94596,"minecraft:damage_taken":2479,"minecraft:swim_one_cm":53651,"minecraft:fly_one_cm":1009626,"minecraft:open_chest":234,"minecraft:fall_one_cm":83186},"minecraft:mined":{"minecraft:white_bed":7,"minecraft:cobblestone_stairs":12,"minecraft:obsidian":53,"minecraft:granite":15,"minecraft:red_sand":23,"minecraft:acacia_log":7,"minecraft:grass_block":110,"minecraft:composter":2,"minecraft:oak_wall_sign":6,"minecraft:smooth_stone":16,"minecraft:magma_block":2,"minecraft:barrel":8,"minecraft:fire":2,"minecraft:cobbled_deepslate":2,"minecraft:fletching_table":3,"minecraft:anvil":1,"minecraft:azure_bluet":1,"minecraft:enchanting_table":1,"minecraft:dirt_path":134,"minecraft:oak_stairs":303,"minecraft:tripwire":5,"minecraft:orange_terracotta":21,"minecraft:clay":4,"minecraft:blast_furnace":2,"minecraft:poppy":2,"minecraft:dead_bush":3,"minecraft:cobblestone":344,"minecraft:sugar_cane":55,"minecraft:oak_planks":221,"minecraft:bricks":2,"minecraft:wall_torch":5,"minecraft:white_terracotta":95,"minecraft:stripped_oak_wood":1,"minecraft:oak_log":174,"minecraft:sand":8,"minecraft:dirt":129,"minecraft:stonecutter":2,"minecraft:netherrack":2,"minecraft:oak_leaves":17,"minecraft:yellow_terracotta":17,"minecraft:mossy_cobblestone":40,"minecraft:deepslate_diamond_ore":2,"minecraft:oak_door":6,"minecraft:ladder":1,"minecraft:hay_block":14,"minecraft:oak_trapdoor":35,"minecraft:furnace":9,"minecraft:red_sandstone":5,"minecraft:bookshelf":3,"minecraft:cobblestone_slab":2,"minecraft:stripped_oak_log":18,"minecraft:stone":185,"minecraft:white_wool":34,"minecraft:oak_slab":20,"minecraft:acacia_leaves":1,"minecraft:scaffolding":83,"minecraft:glass_pane":25,"minecraft:red_wool":51,"minecraft:dandelion":6,"minecraft:oak_fence":11,"minecraft:crafting_table":9,"minecraft:cornflower":1,"minecraft:short_grass":50,"minecraft:rose_bush":7,"minecraft:lectern":3,"minecraft:tall_grass":7,"minecraft:diorite":151,"minecraft:red_terracotta":17,"minecraft:cobblestone_wall":1,"minecraft:yellow_bed":8,"minecraft:coal_ore":19,"minecraft:gravel":3,"minecraft:acacia_planks":2,"minecraft:terracotta":20,"minecraft:stone_bricks":2},"minecraft:crafted":{"minecraft:oak_planks":692,"minecraft:chainmail_helmet":2,"minecraft:oak_sign":6,"minecraft:barrel":3,"minecraft:red_sandstone":1,"minecraft:diamond_shovel":1,"minecraft:bookshelf":4,"minecraft:diamond_helmet":1,"minecraft:diamond_leggings":1,"minecraft:bow":3,"minecraft:chest":15,"minecraft:oak_fence":42,"minecraft:oak_slab":24,"minecraft:emerald":401,"minecraft:diamond_axe":1,"minecraft:wooden_pickaxe":1,"minecraft:iron_helmet":10,"minecraft:chainmail_chestplate":13,"minecraft:red_wool":138,"minecraft:campfire":1,"minecraft:lectern":1,"minecraft:book":3,"minecraft:paper":18,"minecraft:diamond_pickaxe":4,"minecraft:stick":344,"minecraft:iron_block":3,"minecraft:composter":1,"minecraft:stone_shovel":1,"minecraft:furnace":1,"minecraft:bone_meal":123,"minecraft:oak_trapdoor":102,"minecraft:iron_axe":22,"minecraft:ladder":123,"minecraft:stone_pickaxe":16,"minecraft:diamond_boots":1,"minecraft:wheat":144,"minecraft:red_dye":138,"minecraft:diamond_sword":1,"minecraft:stone_axe":1,"minecraft:bread":276,"minecraft:air":0,"minecraft:white_wool":256,"minecraft:chainmail_boots":12,"minecraft:anvil":1,"minecraft:torch":4,"minecraft:diamond_chestplate":1},"minecraft:dropped":{"minecraft:lapis_lazuli":6,"minecraft:red_wool":1,"minecraft:dirt":36,"minecraft:gold_nugget":1,"minecraft:sand":1,"minecraft:white_wool":26,"minecraft:stone_axe":1,"minecraft:lever":1,"minecraft:cobbled_deepslate":2,"minecraft:obsidian":64,"minecraft:rotten_flesh":3,"minecraft:oak_planks":9,"minecraft:chainmail_chestplate":29,"minecraft:poppy":2,"minecraft:gunpowder":2,"minecraft:chainmail_boots":12,"minecraft:arrow":4,"minecraft:scaffolding":123,"minecraft:iron_ingot":8,"minecraft:bread":128,"minecraft:wheat_seeds":25,"minecraft:oak_fence":3,"minecraft:iron_helmet":11,"minecraft:cobblestone":69,"minecraft:granite":1,"minecraft:chainmail_helmet":2,"minecraft:stick":27,"minecraft:gray_wool":1,"minecraft:ink_sac":2,"minecraft:brown_wool":1,"minecraft:iron_axe":22,"minecraft:string":82,"minecraft:dandelion":1,"minecraft:stone_shovel":1,"minecraft:flower_pot":1,"minecraft:diamond_pickaxe":1,"minecraft:oak_sapling":1,"minecraft:spider_eye":1,"minecraft:stone_pickaxe":17},"minecraft:broken":{"minecraft:stone_pickaxe":1},"minecraft:killed":{"minecraft:spider":4,"minecraft:skeleton":40,"minecraft:pig":3,"minecraft:iron_golem":1,"minecraft:creeper":1,"minecraft:sheep":3,"minecraft:zombie":2,"minecraft:enderman":1},"minecraft:killed_by":{"minecraft:zombie":1}},"DataVersion":3953}