{"stats":{"minecraft:mined":{"minecraft:oak_slab":7,"minecraft:tuff":19,"minecraft:white_bed":1,"minecraft:deepslate_diamond_ore":95,"minecraft:crafting_table":1,"minecraft:short_grass":6,"minecraft:grass_block":1,"minecraft:cobblestone":1,"minecraft:lapis_ore":6,"minecraft:sugar_cane":3,"minecraft:oak_planks":7,"minecraft:spawner":1,"minecraft:gray_wool":1,"minecraft:cobbled_deepslate":1,"minecraft:iron_ore":47,"minecraft:deepslate_lapis_ore":10,"minecraft:oak_log":41,"minecraft:coal_ore":33,"minecraft:deepslate_iron_ore":34,"minecraft:sand":27,"minecraft:dirt":3,"minecraft:stone":69,"minecraft:oak_leaves":22,"minecraft:deepslate":32},"minecraft:picked_up":{"minecraft:crafting_table":1,"minecraft:cooked_beef":18,"minecraft:feather":10,"minecraft:chicken":8,"minecraft:leather":14,"minecraft:tuff":19,"minecraft:oak_log":41,"minecraft:gunpowder":7,"minecraft:dirt":37,"minecraft:lapis_lazuli":118,"minecraft:string":6,"minecraft:bone":10,"minecraft:apple":1,"minecraft:bow":2,"minecraft:cobbled_deepslate":40,"minecraft:iron_ingot":2,"minecraft:beef":26,"minecraft:oak_boat":3,"minecraft:sugar_cane":5,"minecraft:oak_planks":7,"minecraft:oak_slab":7,"minecraft:raw_iron":81,"minecraft:cooked_porkchop":4,"minecraft:porkchop":14,"minecraft:sand":54,"minecraft:white_bed":1,"minecraft:redstone":6,"minecraft:spider_eye":1,"minecraft:arrow":12,"minecraft:rotten_flesh":44,"minecraft:diamond":95,"minecraft:gray_wool":2,"minecraft:oak_sapling":2,"minecraft:mutton":23,"minecraft:coal":33,"minecraft:white_wool":15,"minecraft:cobblestone":84,"minecraft:ender_pearl":2},"minecraft:custom":{"minecraft:interact_with_furnace":54,"minecraft:mob_kills":109,"minecraft:interact_with_crafting_table":24,"minecraft:leave_game":8,"minecraft:time_since_death":105429,"minecraft:sleep_in_bed":2,"minecraft:climb_one_cm":592,"minecraft:time_since_rest":57223,"minecraft:sprint_one_cm":433482,"minecraft:damage_taken":2883,"minecraft:walk_one_cm":141390,"minecraft:damage_blocked_by_shield":607,"minecraft:drop":19,"minecraft:damage_dealt":15961,"minecraft:swim_one_cm":1804,"minecraft:fly_one_cm":437462,"minecraft:open_chest":1,"minecraft:crouch_one_cm":56688,"minecraft:play_time":105429,"minecraft:sneak_time":24199,"minecraft:walk_under_water_one_cm":2890,"minecraft:boat_one_cm":1326,"minecraft:jump":2596,"minecraft:walk_on_water_one_cm":6829,"minecraft:total_world_time":105429,"minecraft:fall_one_cm":77839},"minecraft:killed":{"minecraft:pig":8,"minecraft:witch":1,"minecraft:spider":4,"minecraft:creeper":5,"minecraft:sheep":16,"minecraft:skeleton":12,"minecraft:zombie":36,"minecraft:chicken":8,"minecraft:cow":13,"minecraft:enderman":2},"minecraft:used":{"minecraft:cooked_mutton":23,"minecraft:stone_sword":263,"minecraft:stone_pickaxe":101,"minecraft:oak_planks":92,"minecraft:wooden_pickaxe":3,"minecraft:shield":23,"minecraft:sugar_cane":5,"minecraft:cooked_chicken":8,"minecraft:rotten_flesh":27,"minecraft:sand":54,"minecraft:dirt":34,"minecraft:oak_slab":13,"minecraft:crafting_table":4,"minecraft:white_bed":3,"minecraft:tuff":14,"minecraft:diamond_pickaxe":10,"minecraft:bread":1,"minecraft:iron_pickaxe":236,"minecraft:stone_axe":111,"minecraft:diamond_sword":24,"minecraft:bow":11,"minecraft:cobblestone":47,"minecraft:oak_sapling":2,"minecraft:furnace":3,"minecraft:cooked_porkchop":1,"minecraft:oak_boat":4,"minecraft:gray_wool":2,"minecraft:cooked_beef":10,"minecraft:cobbled_deepslate":38},"minecraft:broken":{"minecraft:stone_axe":1,"minecraft:stone_sword":2},"minecraft:dropped":{"minecraft:cooked_beef":27,"minecraft:cooked_porkchop":17,"minecraft:feather":10,"minecraft:rotten_flesh":8,"minecraft:dirt":3,"minecraft:shield":1,"minecraft:gunpowder":2,"minecraft:arrow":1,"minecraft:string":2,"minecraft:white_wool":9,"minecraft:bone":1},"minecraft:crafted":{"minecraft:cooked_beef":19,"minecraft:oak_planks":164,"minecraft:oak_slab":6,"minecraft:diamond_sword":1,"minecraft:cooked_porkchop":14,"minecraft:crafting_table":4,"minecraft:wooden_pickaxe":1,"minecraft:cooked_chicken":8,"minecraft:furnace":3,"minecraft:stone_axe":2,"minecraft:cooked_mutton":23,"minecraft:air":0,"minecraft:oak_boat":1,"minecraft:bow":1,"minecraft:diamond_helmet":1,"minecraft:diamond_pickaxe":1,"minecraft:iron_boots":1,"minecraft:shield":2,"minecraft:stick":16,"minecraft:iron_ingot":14,"minecraft:iron_pickaxe":1,"minecraft:stone_pickaxe":1,"minecraft:stone_sword":2,"minecraft:iron_leggings":1,"minecraft:white_bed":2,"minecraft:diamond_chestplate":1}},"DataVersion":3953}