{"stats":{"minecraft:killed_by":{"minecraft:player":1,"minecraft:zombie":1},"minecraft:used":{"minecraft:oak_fence":1,"minecraft:iron_shovel":269,"minecraft:stone_shovel":760,"minecraft:oak_sign":3,"minecraft:chest":3,"minecraft:iron_chestplate":1,"minecraft:dirt":402,"minecraft:mutton":2,"minecraft:hopper":1,"minecraft:spruce_fence":1,"minecraft:azure_bluet":1,"minecraft:obsidian":1,"minecraft:sea_lantern":8,"minecraft:lava_bucket":1,"minecraft:warped_hyphae":70,"minecraft:iron_axe":38,"minecraft:grass_block":28,"minecraft:cherry_slab":6,"minecraft:barrel":3,"minecraft:birch_button":5,"minecraft:birch_trapdoor":2,"minecraft:oak_sapling":4,"minecraft:furnace":5,"minecraft:cooked_mutton":1,"minecraft:water_bucket":10,"minecraft:bamboo_mosaic":66,"minecraft:stone_pickaxe":34,"minecraft:oak_planks":74,"minecraft:ender_pearl":2,"minecraft:wooden_pickaxe":4,"minecraft:cherry_planks":1,"minecraft:fletching_table":18,"minecraft:white_wool":3,"minecraft:sand":11,"minecraft:oak_slab":29,"minecraft:crafting_table":2,"minecraft:birch_sign":6,"minecraft:white_bed":5,"minecraft:painting":13,"minecraft:piglin_head":17,"minecraft:birch_fence":18,"minecraft:oak_log":1,"minecraft:wind_charge":39,"minecraft:bread":23,"minecraft:oak_button":11,"minecraft:iron_pickaxe":6,"minecraft:stone_axe":98,"minecraft:cobblestone":14,"minecraft:end_crystal":3,"minecraft:porkchop":6,"minecraft:cooked_porkchop":3,"minecraft:bucket":12,"minecraft:yellow_bed":1,"minecraft:oak_boat":1,"minecraft:birch_stairs":33},"minecraft:broken":{"minecraft:iron_shovel":1,"minecraft:stone_shovel":5},"minecraft:crafted":{"minecraft:oak_planks":152,"minecraft:oak_sign":6,"minecraft:stone_shovel":5,"minecraft:barrel":4,"minecraft:furnace":1,"minecraft:cooked_mutton":5,"minecraft:hopper":1,"minecraft:iron_boots":1,"minecraft:iron_axe":1,"minecraft:stone_pickaxe":1,"minecraft:chest":4,"minecraft:oak_button":9,"minecraft:birch_sign":6,"minecraft:wheat":45,"minecraft:oak_slab":36,"minecraft:cooked_porkchop":8,"minecraft:crafting_table":2,"minecraft:wooden_pickaxe":1,"minecraft:iron_helmet":1,"minecraft:bucket":1,"minecraft:stone_axe":1,"minecraft:bread":15,"minecraft:air":0,"minecraft:oak_boat":1,"minecraft:iron_chestplate":1,"minecraft:shield":1,"minecraft:stick":32,"minecraft:iron_ingot":4,"minecraft:iron_pickaxe":1,"minecraft:iron_shovel":2,"minecraft:iron_leggings":1,"minecraft:white_bed":1},"minecraft:dropped":{"minecraft:bread":3,"minecraft:wheat_seeds":29,"minecraft:oak_log":1,"minecraft:feather":4,"minecraft:warped_hyphae":1,"minecraft:grass_block":1,"minecraft:dirt":7,"minecraft:cornflower":1,"minecraft:birch_log":1,"minecraft:dandelion":1,"minecraft:bone":3,"minecraft:rotten_flesh":3,"minecraft:oak_planks":4,"minecraft:poppy":3,"minecraft:spider_eye":1,"minecraft:arrow":2,"minecraft:stone_pickaxe":1,"minecraft:wooden_pickaxe":3},"minecraft:killed":{"minecraft:spider":3,"minecraft:skeleton":3,"minecraft:chicken":3,"minecraft:turtle":1,"minecraft:wolf":1,"minecraft:pig":11,"minecraft:iron_golem":2,"minecraft:creeper":3,"minecraft:sheep":6,"minecraft:zombie":26,"minecraft:villager":1,"minecraft:enderman":3},"minecraft:mined":{"minecraft:white_bed":4,"minecraft:brewing_stand":2,"minecraft:grass_block":211,"minecraft:hay_block":5,"minecraft:furnace":4,"minecraft:fire":5,"minecraft:dirt_path":36,"minecraft:stripped_oak_log":4,"minecraft:stone":19,"minecraft:white_wool":1,"minecraft:oak_slab":1,"minecraft:glass_pane":1,"minecraft:dandelion":1,"minecraft:oak_fence":1,"minecraft:short_grass":219,"minecraft:poppy":3,"minecraft:cobblestone":14,"minecraft:oak_planks":33,"minecraft:white_terracotta":1,"minecraft:birch_planks":28,"minecraft:yellow_bed":1,"minecraft:coal_ore":1,"minecraft:oak_log":54,"minecraft:sand":9,"minecraft:dirt":103,"minecraft:oak_button":2,"minecraft:oak_leaves":8},"minecraft:custom":{"minecraft:mob_kills":65,"minecraft:inspect_hopper":1,"minecraft:interact_with_crafting_table":31,"minecraft:leave_game":8,"minecraft:time_since_death":9330,"minecraft:climb_one_cm":1161,"minecraft:sprint_one_cm":500030,"minecraft:walk_one_cm":253946,"minecraft:drop":51,"minecraft:talked_to_villager":1,"minecraft:play_time":127263,"minecraft:deaths":4,"minecraft:sneak_time":16669,"minecraft:walk_under_water_one_cm":7307,"minecraft:boat_one_cm":7790,"minecraft:jump":2279,"minecraft:walk_on_water_one_cm":9706,"minecraft:total_world_time":127263,"minecraft:interact_with_furnace":19,"minecraft:sleep_in_bed":2,"minecraft:time_since_rest":9365,"minecraft:damage_taken":2519,"minecraft:damage_dealt":12200,"minecraft:player_kills":2,"minecraft:swim_one_cm":13568,"minecraft:fly_one_cm":657669,"minecraft:open_chest":29,"minecraft:crouch_one_cm":56637,"minecraft:fall_one_cm":82394},"minecraft:picked_up":{"minecraft:iron_chestplate":1,"minecraft:azure_bluet":1,"minecraft:chicken":3,"minecraft:wooden_pickaxe":2,"minecraft:birch_button":5,"minecraft:brewing_stand":2,"minecraft:shield":1,"minecraft:cornflower":1,"minecraft:string":1,"minecraft:iron_axe":1,"minecraft:iron_shovel":1,"minecraft:bucket":2,"minecraft:poppy":3,"minecraft:furnace":4,"minecraft:stick":2,"minecraft:sandstone":2,"minecraft:oak_fence":1,"minecraft:torch":1,"minecraft:porkchop":24,"minecraft:stone_shovel":1,"minecraft:arrow":2,"minecraft:rotten_flesh":29,"minecraft:hay_block":5,"minecraft:mutton":9,"minecraft:cobblestone":41,"minecraft:white_wool":7,"minecraft:stripped_oak_log":4,"minecraft:birch_log":1,"minecraft:feather":4,"minecraft:birch_planks":39,"minecraft:oak_log":55,"minecraft:yellow_bed":1,"minecraft:gunpowder":2,"minecraft:dirt":474,"minecraft:piglin_head":1,"minecraft:bone":4,"minecraft:wheat_seeds":47,"minecraft:iron_ingot":9,"minecraft:oak_planks":70,"minecraft:oak_slab":1,"minecraft:dandelion":1,"minecraft:sand":27,"minecraft:white_bed":4,"minecraft:grass_block":3,"minecraft:spider_eye":2,"minecraft:bread":24,"minecraft:oak_button":2,"minecraft:oak_sapling":4,"minecraft:coal":1,"minecraft:ender_pearl":2}},"DataVersion":3953}