{"stats":{"minecraft:killed":{"minecraft:skeleton":6,"minecraft:chicken":1,"minecraft:iron_golem":6,"minecraft:creeper":3,"minecraft:goat":1,"minecraft:zombie":10,"minecraft:villager":7},"minecraft:custom":{"minecraft:interact_with_smithing_table":1,"minecraft:mob_kills":35,"minecraft:inspect_hopper":1,"minecraft:interact_with_crafting_table":20,"minecraft:leave_game":6,"minecraft:time_since_death":153770,"minecraft:climb_one_cm":2385,"minecraft:sprint_one_cm":436161,"minecraft:walk_one_cm":189784,"minecraft:drop":131,"minecraft:talked_to_villager":4,"minecraft:play_time":158333,"minecraft:deaths":2,"minecraft:sneak_time":38997,"minecraft:walk_under_water_one_cm":14342,"minecraft:boat_one_cm":6945,"minecraft:jump":2577,"minecraft:walk_on_water_one_cm":17817,"minecraft:total_world_time":158333,"minecraft:interact_with_furnace":1,"minecraft:traded_with_villager":12,"minecraft:sleep_in_bed":1,"minecraft:time_since_rest":95558,"minecraft:damage_taken":2242,"minecraft:damage_dealt":11520,"minecraft:swim_one_cm":9714,"minecraft:fly_one_cm":631125,"minecraft:player_kills":1,"minecraft:open_chest":50,"minecraft:crouch_one_cm":150050,"minecraft:fall_one_cm":94693},"minecraft:killed_by":{"minecraft:player":1,"minecraft:polar_bear":1},"minecraft:broken":{"minecraft:iron_axe":1,"minecraft:iron_pickaxe":1},"minecraft:crafted":{"minecraft:diamond_hoe":1,"minecraft:spruce_fence":36,"minecraft:hopper":6,"minecraft:iron_boots":1,"minecraft:iron_axe":2,"minecraft:spruce_slab":1530,"minecraft:chest":10,"minecraft:emerald":12,"minecraft:crafting_table":1,"minecraft:spruce_planks":1048,"minecraft:iron_helmet":1,"minecraft:iron_sword":1,"minecraft:bucket":1,"minecraft:iron_chestplate":1,"minecraft:shield":1,"minecraft:stick":28,"minecraft:iron_pickaxe":2,"minecraft:iron_shovel":1,"minecraft:iron_leggings":1,"minecraft:light_gray_dye":1,"minecraft:shears":2},"minecraft:used":{"minecraft:cherry_sapling":1,"minecraft:iron_shovel":129,"minecraft:spruce_slab":1524,"minecraft:stone_shovel":594,"minecraft:oak_sign":44,"minecraft:diamond_hoe":515,"minecraft:spruce_planks":41,"minecraft:chest":6,"minecraft:zombie_spawn_egg":6,"minecraft:iron_sword":79,"minecraft:bell":2,"minecraft:dirt":777,"minecraft:hopper":3,"minecraft:spruce_fence":1,"minecraft:lava_bucket":6,"minecraft:villager_spawn_egg":15,"minecraft:iron_axe":373,"minecraft:spawner":5,"minecraft:cherry_leaves":57,"minecraft:barrel":12,"minecraft:cooked_beef":22,"minecraft:cobbled_deepslate":84,"minecraft:water_bucket":20,"minecraft:cobblestone_stairs":33,"minecraft:iron_golem_spawn_egg":5,"minecraft:stripped_mangrove_wood":1,"minecraft:tnt":2,"minecraft:oak_slab":14,"minecraft:crafting_table":2,"minecraft:white_bed":13,"minecraft:shears":78,"minecraft:bread":8,"minecraft:oak_button":219,"minecraft:iron_pickaxe":250,"minecraft:spruce_sapling":39,"minecraft:stone_axe":56,"minecraft:cobblestone":77,"minecraft:bucket":11,"minecraft:oak_boat":4,"minecraft:dandelion":2},"minecraft:mined":{"minecraft:spruce_planks":10,"minecraft:deepslate_diamond_ore":46,"minecraft:cobblestone_stairs":5,"minecraft:sculk_vein":26,"minecraft:grass_block":89,"minecraft:spruce_fence":1,"minecraft:hay_block":6,"minecraft:sculk_catalyst":3,"minecraft:iron_ore":4,"minecraft:fire":15,"minecraft:cobbled_deepslate":12,"minecraft:azure_bluet":2,"minecraft:sculk_shrieker":7,"minecraft:stone":66,"minecraft:spruce_slab":43,"minecraft:dandelion":17,"minecraft:crafting_table":1,"minecraft:short_grass":19,"minecraft:poppy":1,"minecraft:sculk_sensor":40,"minecraft:tall_grass":15,"minecraft:cobblestone":9,"minecraft:sculk":435,"minecraft:pink_petals":2,"minecraft:spruce_log":306,"minecraft:cherry_leaves":135,"minecraft:dirt":35,"minecraft:oak_leaves":2,"minecraft:deepslate":106},"minecraft:dropped":{"minecraft:spawner":1,"minecraft:stone_hoe":1,"minecraft:iron_ingot":14,"minecraft:bread":4,"minecraft:iron_sword":1,"minecraft:crafting_table":1,"minecraft:iron_golem_spawn_egg":1,"minecraft:iron_helmet":1,"minecraft:book":12,"minecraft:coal":46,"minecraft:stick":70,"minecraft:dirt":56,"minecraft:iron_leggings":1,"minecraft:iron_axe":1,"minecraft:iron_pickaxe":1,"minecraft:bone":2,"minecraft:stone_axe":1,"minecraft:raw_iron":4,"minecraft:chicken":1,"minecraft:rotten_flesh":2,"minecraft:iron_boots":1,"minecraft:oak_planks":39,"minecraft:shears":1,"minecraft:poppy":3,"minecraft:shield":1,"minecraft:oak_button":1,"minecraft:spruce_planks":217,"minecraft:iron_chestplate":1},"minecraft:picked_up":{"minecraft:iron_chestplate":1,"minecraft:crafting_table":2,"minecraft:azure_bluet":3,"minecraft:chicken":1,"minecraft:shield":1,"minecraft:cornflower":1,"minecraft:iron_axe":1,"minecraft:iron_leggings":1,"minecraft:oak_sign":3,"minecraft:cobbled_deepslate":118,"minecraft:spruce_planks":257,"minecraft:poppy":6,"minecraft:iron_pickaxe":1,"minecraft:spruce_slab":44,"minecraft:iron_boots":1,"minecraft:egg":1,"minecraft:raw_iron":4,"minecraft:stick":16,"minecraft:spruce_fence":1,"minecraft:arrow":5,"minecraft:rotten_flesh":9,"minecraft:shears":1,"minecraft:hay_block":6,"minecraft:cobblestone":78,"minecraft:pink_petals":6,"minecraft:cooked_beef":26,"minecraft:cherry_leaves":57,"minecraft:gunpowder":5,"minecraft:cobblestone_stairs":5,"minecraft:dirt":212,"minecraft:bone":7,"minecraft:wheat_seeds":7,"minecraft:bell":1,"minecraft:iron_ingot":25,"minecraft:oak_planks":39,"minecraft:stone_hoe":1,"minecraft:iron_sword":1,"minecraft:book":12,"minecraft:dandelion":18,"minecraft:spruce_sapling":15,"minecraft:spruce_log":304,"minecraft:diamond":46,"minecraft:short_grass":2,"minecraft:iron_helmet":1,"minecraft:cherry_sapling":1,"minecraft:bread":12,"minecraft:oak_button":2,"minecraft:coal":46}},"DataVersion":3953}