{"stats":{"minecraft:picked_up":{"minecraft:crafting_table":5,"minecraft:flower_pot":1,"minecraft:ladder":9,"minecraft:smithing_table":1,"minecraft:oak_trapdoor":29,"minecraft:string":16093,"minecraft:oak_sign":14,"minecraft:red_sand":18,"minecraft:smooth_stone":16,"minecraft:cobbled_deepslate":3,"minecraft:cobblestone_slab":1,"minecraft:poppy":5,"minecraft:iron_pickaxe":1,"minecraft:light_gray_wool":1,"minecraft:lectern":3,"minecraft:sugar_cane":49,"minecraft:iron_boots":1,"minecraft:egg":2,"minecraft:furnace":3,"minecraft:stick":27,"minecraft:composter":2,"minecraft:torch":21,"minecraft:acacia_log":7,"minecraft:porkchop":5,"minecraft:diorite":156,"minecraft:stone_shovel":1,"minecraft:stone_sword":1,"minecraft:arrow":4,"minecraft:rotten_flesh":3,"minecraft:hay_block":16,"minecraft:yellow_terracotta":17,"minecraft:bookshelf":3,"minecraft:white_terracotta":17,"minecraft:obsidian":17,"minecraft:mutton":5,"minecraft:cobblestone":280,"minecraft:white_wool":14,"minecraft:stripped_oak_log":2,"minecraft:enchanting_table":1,"minecraft:magma_block":1,"minecraft:cooked_beef":6,"minecraft:water_bucket":1,"minecraft:salmon":1,"minecraft:leather":4,"minecraft:brown_wool":1,"minecraft:oak_log":151,"minecraft:chainmail_chestplate":16,"minecraft:yellow_bed":6,"minecraft:dirt":99,"minecraft:lapis_lazuli":6,"minecraft:orange_terracotta":20,"minecraft:bone":4,"minecraft:apple":2,"minecraft:red_sandstone":5,"minecraft:wheat_seeds":24,"minecraft:raw_gold":5,"minecraft:cooked_chicken":1,"minecraft:iron_ingot":15,"minecraft:stone_pickaxe":6,"minecraft:fletching_table":2,"minecraft:oak_planks":30,"minecraft:book":6,"minecraft:oak_slab":13,"minecraft:cooked_porkchop":1,"minecraft:dandelion":2,"minecraft:sand":5,"minecraft:blast_furnace":2,"minecraft:white_bed":7,"minecraft:spider_eye":1,"minecraft:red_terracotta":17,"minecraft:barrel":8,"minecraft:mossy_cobblestone":2,"minecraft:diamond":4,"minecraft:stone_axe":1,"minecraft:lever":1,"minecraft:iron_helmet":2,"minecraft:granite":19,"minecraft:gray_wool":1,"minecraft:emerald":8,"minecraft:terracotta":18,"minecraft:oak_sapling":13,"minecraft:netherrack":4,"minecraft:coal":19},"minecraft:used":{"minecraft:oak_trapdoor":135,"minecraft:enchanting_table":1,"minecraft:red_sand":2,"minecraft:stone_shovel":9,"minecraft:poppy":3,"minecraft:ladder":110,"minecraft:oak_sign":18,"minecraft:chest":7,"minecraft:white_terracotta":1,"minecraft:netherrack":4,"minecraft:torch":10,"minecraft:dirt":27,"minecraft:mutton":2,"minecraft:granite":2,"minecraft:obsidian":1,"minecraft:bookshelf":5,"minecraft:villager_spawn_egg":5,"minecraft:barrel":11,"minecraft:tripwire_hook":2,"minecraft:oak_sapling":9,"minecraft:furnace":2,"minecraft:cobbled_deepslate":1,"minecraft:orange_terracotta":4,"minecraft:pointed_dripstone":1,"minecraft:water_bucket":12,"minecraft:dirt_path":3,"minecraft:stone_pickaxe":350,"minecraft:oak_planks":5,"minecraft:wooden_pickaxe":39,"minecraft:composter":3,"minecraft:diamond_axe":161,"minecraft:sugar_cane":29,"minecraft:fletching_table":2,"minecraft:white_wool":1,"minecraft:sand":5,"minecraft:terracotta":2,"minecraft:yellow_terracotta":1,"minecraft:oak_slab":16,"minecraft:crafting_table":4,"minecraft:blast_furnace":1,"minecraft:white_bed":6,"minecraft:campfire":1,"minecraft:shears":2,"minecraft:oak_log":5,"minecraft:lever":2,"minecraft:red_sandstone":1,"minecraft:diamond_pickaxe":160,"minecraft:apple":2,"minecraft:diamond_shovel":68,"minecraft:bread":25,"minecraft:string":10,"minecraft:lectern":4,"minecraft:red_terracotta":1,"minecraft:stone_axe":83,"minecraft:cobblestone":79,"minecraft:porkchop":3,"minecraft:grindstone":1,"minecraft:cooked_porkchop":1,"minecraft:smithing_table":1,"minecraft:bucket":10,"minecraft:yellow_bed":6,"minecraft:dandelion":1},"minecraft:custom":{"minecraft:mob_kills":7,"minecraft:interact_with_crafting_table":32,"minecraft:leave_game":1,"minecraft:time_since_death":152129,"minecraft:climb_one_cm":14016,"minecraft:sprint_one_cm":348347,"minecraft:walk_one_cm":285689,"minecraft:drop":130,"minecraft:talked_to_villager":144,"minecraft:play_time":159837,"minecraft:deaths":1,"minecraft:sneak_time":24375,"minecraft:walk_under_water_one_cm":35139,"minecraft:jump":1909,"minecraft:walk_on_water_one_cm":45518,"minecraft:total_world_time":159837,"minecraft:interact_with_furnace":5,"minecraft:traded_with_villager":386,"minecraft:sleep_in_bed":2,"minecraft:time_since_rest":81100,"minecraft:damage_taken":804,"minecraft:damage_dealt":1790,"minecraft:fly_one_cm":503256,"minecraft:swim_one_cm":19858,"minecraft:player_kills":1,"minecraft:open_chest":93,"minecraft:crouch_one_cm":53095,"minecraft:fall_one_cm":37109},"minecraft:crafted":{"minecraft:oak_planks":560,"minecraft:oak_sign":6,"minecraft:chainmail_helmet":2,"minecraft:stone_shovel":1,"minecraft:barrel":3,"minecraft:diamond_shovel":1,"minecraft:bookshelf":3,"minecraft:oak_trapdoor":102,"minecraft:diamond_helmet":1,"minecraft:diamond_leggings":1,"minecraft:iron_axe":22,"minecraft:ladder":123,"minecraft:stone_pickaxe":16,"minecraft:chest":7,"minecraft:diamond_boots":1,"minecraft:wheat":144,"minecraft:oak_slab":24,"minecraft:emerald":299,"minecraft:diamond_axe":1,"minecraft:wooden_pickaxe":1,"minecraft:iron_helmet":10,"minecraft:chainmail_chestplate":13,"minecraft:campfire":1,"minecraft:stone_axe":1,"minecraft:air":0,"minecraft:bread":96,"minecraft:lectern":1,"minecraft:book":3,"minecraft:paper":18,"minecraft:diamond_pickaxe":2,"minecraft:stick":292,"minecraft:chainmail_boots":12,"minecraft:composter":1,"minecraft:torch":4,"minecraft:diamond_chestplate":1},"minecraft:mined":{"minecraft:yellow_terracotta":17,"minecraft:white_bed":6,"minecraft:mossy_cobblestone":2,"minecraft:obsidian":12,"minecraft:ladder":1,"minecraft:granite":15,"minecraft:red_sand":18,"minecraft:acacia_log":7,"minecraft:grass_block":10,"minecraft:composter":2,"minecraft:oak_wall_sign":6,"minecraft:hay_block":14,"minecraft:smooth_stone":16,"minecraft:magma_block":2,"minecraft:oak_trapdoor":29,"minecraft:furnace":2,"minecraft:red_sandstone":5,"minecraft:barrel":8,"minecraft:cobbled_deepslate":2,"minecraft:fletching_table":2,"minecraft:enchanting_table":1,"minecraft:bookshelf":2,"minecraft:dirt_path":4,"minecraft:cobblestone_slab":1,"minecraft:stripped_oak_log":1,"minecraft:stone":184,"minecraft:tripwire":4,"minecraft:oak_slab":14,"minecraft:acacia_leaves":1,"minecraft:orange_terracotta":20,"minecraft:dandelion":1,"minecraft:crafting_table":4,"minecraft:short_grass":15,"minecraft:blast_furnace":2,"minecraft:poppy":1,"minecraft:dead_bush":1,"minecraft:lectern":3,"minecraft:cobblestone":33,"minecraft:tall_grass":2,"minecraft:oak_planks":12,"minecraft:sugar_cane":41,"minecraft:diorite":151,"minecraft:wall_torch":3,"minecraft:white_terracotta":17,"minecraft:red_terracotta":17,"minecraft:yellow_bed":6,"minecraft:oak_log":151,"minecraft:coal_ore":19,"minecraft:sand":5,"minecraft:dirt":79,"minecraft:terracotta":18,"minecraft:netherrack":2,"minecraft:oak_leaves":15},"minecraft:dropped":{"minecraft:iron_ingot":8,"minecraft:bread":14,"minecraft:wheat_seeds":23,"minecraft:lapis_lazuli":6,"minecraft:iron_helmet":11,"minecraft:cobblestone":63,"minecraft:chainmail_helmet":2,"minecraft:dirt":1,"minecraft:gray_wool":1,"minecraft:brown_wool":1,"minecraft:iron_axe":22,"minecraft:string":39,"minecraft:dandelion":1,"minecraft:stone_axe":1,"minecraft:lever":1,"minecraft:cobbled_deepslate":2,"minecraft:obsidian":21,"minecraft:stone_shovel":1,"minecraft:chainmail_chestplate":29,"minecraft:poppy":2,"minecraft:flower_pot":1,"minecraft:diamond_pickaxe":1,"minecraft:oak_sapling":1,"minecraft:chainmail_boots":12,"minecraft:arrow":4,"minecraft:stone_pickaxe":17},"minecraft:killed":{"minecraft:pig":3,"minecraft:iron_golem":1,"minecraft:sheep":3},"minecraft:broken":{"minecraft:stone_pickaxe":1},"minecraft:killed_by":{"minecraft:zombie":1}},"DataVersion":3953}