{"stats":{"minecraft:killed_by":{"minecraft:zombie":1,"minecraft:player":1},"minecraft:used":{"minecraft:beetroot":3,"minecraft:tuff_bricks":4,"minecraft:iron_shovel":603,"minecraft:poppy":3,"minecraft:oak_sign":3,"minecraft:chest":66,"minecraft:shield":2,"minecraft:iron_sword":332,"minecraft:bell":2,"minecraft:iron_chestplate":2,"minecraft:mutton":2,"minecraft:carrot":14,"minecraft:azure_bluet":1,"minecraft:obsidian":1,"minecraft:honey_bottle":4,"minecraft:lava_bucket":3,"minecraft:bricks":1,"minecraft:warped_hyphae":70,"minecraft:grass_block":28,"minecraft:birch_sapling":5,"minecraft:birch_button":6,"minecraft:birch_trapdoor":2,"minecraft:furnace":5,"minecraft:oak_sapling":7,"minecraft:potato":20,"minecraft:diorite":1,"minecraft:bamboo_mosaic":66,"minecraft:stone_pickaxe":34,"minecraft:oak_planks":77,"minecraft:ender_pearl":2,"minecraft:wooden_pickaxe":4,"minecraft:sugar_cane":19,"minecraft:white_wool":3,"minecraft:sand":11,"minecraft:blast_furnace":1,"minecraft:crossbow":14,"minecraft:birch_fence":18,"minecraft:bread":105,"minecraft:gravel":18,"minecraft:grindstone":1,"minecraft:smithing_table":2,"minecraft:andesite":1,"minecraft:smooth_stone_slab":1,"minecraft:oak_boat":1,"minecraft:waxed_cut_copper_stairs":1,"minecraft:oak_trapdoor":5,"minecraft:oak_fence":42,"minecraft:iron_bars":2,"minecraft:stone_shovel":760,"minecraft:netherrack":6,"minecraft:cooked_chicken":4,"minecraft:trial_key":6,"minecraft:torch":1,"minecraft:dirt":678,"minecraft:white_carpet":5,"minecraft:hopper":1,"minecraft:spruce_fence":1,"minecraft:iron_hoe":213,"minecraft:sea_lantern":8,"minecraft:iron_axe":403,"minecraft:oak_stairs":41,"minecraft:cherry_slab":6,"minecraft:barrel":7,"minecraft:bamboo":218,"minecraft:diamond_chestplate":2,"minecraft:golden_carrot":1,"minecraft:cooked_beef":2,"minecraft:cobbled_deepslate":15,"minecraft:wheat_seeds":24,"minecraft:cooked_mutton":1,"minecraft:water_bucket":62,"minecraft:birch_planks":11,"minecraft:baked_potato":3,"minecraft:cherry_planks":1,"minecraft:fletching_table":19,"minecraft:waxed_copper_block":2,"minecraft:oak_slab":37,"minecraft:crafting_table":2,"minecraft:birch_sign":6,"minecraft:white_bed":19,"minecraft:painting":13,"minecraft:piglin_head":17,"minecraft:cake":1,"minecraft:oak_log":1,"minecraft:diamond_pickaxe":727,"minecraft:cornflower":1,"minecraft:wind_charge":39,"minecraft:oak_button":11,"minecraft:iron_pickaxe":281,"minecraft:stone_axe":98,"minecraft:cobblestone":125,"minecraft:end_crystal":3,"minecraft:cooked_porkchop":3,"minecraft:porkchop":6,"minecraft:bucket":66,"minecraft:yellow_bed":1,"minecraft:dandelion":1,"minecraft:candle":6,"minecraft:birch_stairs":33},"minecraft:broken":{"minecraft:iron_shovel":2,"minecraft:stone_shovel":5,"minecraft:iron_pickaxe":1},"minecraft:dropped":{"minecraft:oak_log":12,"minecraft:glass_bottle":2,"minecraft:diamond":1,"minecraft:crossbow":2,"minecraft:warped_hyphae":1,"minecraft:saddle":1,"minecraft:flint":2,"minecraft:dirt":12,"minecraft:cornflower":1,"minecraft:iron_pickaxe":2,"minecraft:birch_log":1,"minecraft:bone":3,"minecraft:sugar_cane":3,"minecraft:cobbled_deepslate":11,"minecraft:wheat":1,"minecraft:rotten_flesh":7,"minecraft:oak_planks":4,"minecraft:poppy":3,"minecraft:beetroot_seeds":6,"minecraft:arrow":69,"minecraft:quartz":6,"minecraft:netherrack":17,"minecraft:water_bucket":1,"minecraft:bread":5,"minecraft:wheat_seeds":36,"minecraft:golden_helmet":1,"minecraft:poisonous_potato":1,"minecraft:iron_helmet":2,"minecraft:feather":4,"minecraft:cobblestone":54,"minecraft:polished_tuff":2,"minecraft:grass_block":1,"minecraft:stick":4,"minecraft:diorite":16,"minecraft:torch":1,"minecraft:iron_leggings":1,"minecraft:oak_stairs":1,"minecraft:armadillo_scute":1,"minecraft:dandelion":1,"minecraft:tuff_bricks":5,"minecraft:iron_boots":1,"minecraft:shield":1,"minecraft:diamond_chestplate":1,"minecraft:iron_chestplate":1,"minecraft:spider_eye":2,"minecraft:bamboo":4,"minecraft:stone_pickaxe":1,"minecraft:wooden_pickaxe":3},"minecraft:crafted":{"minecraft:oak_planks":728,"minecraft:barrel":6,"minecraft:oak_sign":6,"minecraft:cooked_mutton":5,"minecraft:hopper":1,"minecraft:diamond_helmet":1,"minecraft:diamond_leggings":1,"minecraft:iron_boots":2,"minecraft:chest":65,"minecraft:oak_button":9,"minecraft:bricks":1,"minecraft:oak_fence":39,"minecraft:oak_slab":48,"minecraft:emerald":120,"minecraft:cooked_porkchop":8,"minecraft:crafting_table":2,"minecraft:wooden_pickaxe":1,"minecraft:iron_helmet":2,"minecraft:smithing_table":1,"minecraft:birch_planks":84,"minecraft:iron_chestplate":1,"minecraft:diamond_pickaxe":1,"minecraft:shield":1,"minecraft:stick":375,"minecraft:iron_ingot":4,"minecraft:iron_pickaxe":3,"minecraft:shears":1,"minecraft:stone_shovel":10,"minecraft:furnace":1,"minecraft:white_carpet":3,"minecraft:iron_axe":2,"minecraft:iron_hoe":1,"minecraft:stone_pickaxe":1,"minecraft:diamond_boots":1,"minecraft:birch_sign":6,"minecraft:wheat":45,"minecraft:iron_sword":2,"minecraft:bucket":1,"minecraft:stone_axe":1,"minecraft:bread":129,"minecraft:air":0,"minecraft:oak_boat":1,"minecraft:iron_shovel":3,"minecraft:iron_leggings":2,"minecraft:white_bed":14,"minecraft:acacia_planks":28},"minecraft:killed":{"minecraft:cave_spider":2,"minecraft:spider":23,"minecraft:skeleton":5,"minecraft:chicken":3,"minecraft:turtle":1,"minecraft:wolf":1,"minecraft:piglin":1,"minecraft:pig":11,"minecraft:iron_golem":4,"minecraft:creeper":5,"minecraft:sheep":7,"minecraft:zombie":30,"minecraft:bogged":9,"minecraft:breeze":4,"minecraft:villager":1,"minecraft:enderman":3},"minecraft:mined":{"minecraft:white_bed":5,"minecraft:cobblestone_stairs":3,"minecraft:brewing_stand":2,"minecraft:acacia_log":7,"minecraft:grass_block":390,"minecraft:tuff_bricks":9,"minecraft:iron_ore":55,"minecraft:barrel":2,"minecraft:fire":5,"minecraft:polished_tuff":2,"minecraft:deepslate_lapis_ore":24,"minecraft:fletching_table":1,"minecraft:azure_bluet":1,"minecraft:dirt_path":37,"minecraft:oak_stairs":74,"minecraft:iron_bars":4,"minecraft:waxed_cut_copper_stairs":1,"minecraft:deepslate_redstone_ore":45,"minecraft:torch":2,"minecraft:blast_furnace":1,"minecraft:poppy":5,"minecraft:chest":3,"minecraft:nether_quartz_ore":5,"minecraft:cobblestone":155,"minecraft:bricks":14,"minecraft:oak_planks":68,"minecraft:sugar_cane":16,"minecraft:wall_torch":1,"minecraft:white_terracotta":1,"minecraft:birch_log":21,"minecraft:wheat":3,"minecraft:waxed_copper_block":2,"minecraft:smooth_stone_slab":15,"minecraft:oak_log":180,"minecraft:beetroots":3,"minecraft:birch_button":1,"minecraft:sand":9,"minecraft:dirt":218,"minecraft:netherrack":83,"minecraft:oak_leaves":34,"minecraft:deepslate":237,"minecraft:diamond_ore":1,"minecraft:tuff":16,"minecraft:mossy_cobblestone":17,"minecraft:deepslate_diamond_ore":114,"minecraft:candle":2,"minecraft:oak_door":1,"minecraft:decorated_pot":23,"minecraft:red_mushroom":5,"minecraft:hay_block":5,"minecraft:redstone_ore":3,"minecraft:oak_trapdoor":5,"minecraft:furnace":4,"minecraft:carrots":4,"minecraft:andesite":1,"minecraft:bell":2,"minecraft:potatoes":5,"minecraft:deepslate_iron_ore":20,"minecraft:stripped_oak_log":4,"minecraft:bamboo_sapling":1,"minecraft:bamboo":159,"minecraft:stone":112,"minecraft:white_wool":1,"minecraft:smithing_table":1,"minecraft:oak_slab":1,"minecraft:glass_pane":4,"minecraft:dandelion":1,"minecraft:oak_fence":3,"minecraft:crafting_table":1,"minecraft:short_grass":302,"minecraft:diorite":17,"minecraft:birch_planks":30,"minecraft:cobblestone_wall":1,"minecraft:white_carpet":2,"minecraft:yellow_bed":1,"minecraft:coal_ore":66,"minecraft:gravel":16,"minecraft:cobweb":19,"minecraft:oak_button":2},"minecraft:custom":{"minecraft:interact_with_crafting_table":56,"minecraft:open_barrel":38,"minecraft:bell_ring":31,"minecraft:eat_cake_slice":5,"minecraft:leave_game":9,"minecraft:time_since_death":261294,"minecraft:sprint_one_cm":1374827,"minecraft:damage_blocked_by_shield":50,"minecraft:drop":116,"minecraft:talked_to_villager":74,"minecraft:play_time":379227,"minecraft:deaths":4,"minecraft:jump":6166,"minecraft:walk_on_water_one_cm":18744,"minecraft:interact_with_furnace":33,"minecraft:traded_with_villager":148,"minecraft:sleep_in_bed":5,"minecraft:damage_dealt":24024,"minecraft:player_kills":5,"minecraft:crouch_one_cm":185644,"minecraft:inspect_dispenser":2,"minecraft:mob_kills":116,"minecraft:inspect_hopper":3,"minecraft:climb_one_cm":7921,"minecraft:walk_one_cm":606928,"minecraft:sneak_time":51557,"minecraft:walk_under_water_one_cm":27853,"minecraft:boat_one_cm":7790,"minecraft:total_world_time":379227,"minecraft:time_since_rest":134226,"minecraft:damage_taken":5526,"minecraft:fly_one_cm":1431938,"minecraft:swim_one_cm":23850,"minecraft:open_chest":165,"minecraft:fall_one_cm":215422},"minecraft:picked_up":{"minecraft:iron_chestplate":2,"minecraft:wheat":4,"minecraft:smithing_table":1,"minecraft:oak_stairs":59,"minecraft:enchanted_book":1,"minecraft:potion":1,"minecraft:birch_button":6,"minecraft:brewing_stand":2,"minecraft:string":45,"minecraft:smooth_stone_slab":14,"minecraft:beetroot":3,"minecraft:cobbled_deepslate":236,"minecraft:bucket":2,"minecraft:trial_key":6,"minecraft:iron_pickaxe":2,"minecraft:furnace":4,"minecraft:tipped_arrow":36,"minecraft:stick":7,"minecraft:oak_fence":6,"minecraft:torch":10,"minecraft:acacia_log":7,"minecraft:porkchop":24,"minecraft:diorite":17,"minecraft:waxed_cut_copper_stairs":1,"minecraft:honey_bottle":2,"minecraft:rotten_flesh":33,"minecraft:armadillo_scute":1,"minecraft:iron_bars":4,"minecraft:cobblestone":272,"minecraft:birch_log":22,"minecraft:feather":4,"minecraft:cooked_beef":2,"minecraft:water_bucket":1,"minecraft:andesite":1,"minecraft:potato":20,"minecraft:flint":1,"minecraft:tuff":16,"minecraft:lapis_lazuli":202,"minecraft:dirt":774,"minecraft:bone":19,"minecraft:wheat_seeds":77,"minecraft:bell":2,"minecraft:bolt_armor_trim_smithing_template":2,"minecraft:fletching_table":1,"minecraft:bamboo":500,"minecraft:oak_planks":103,"minecraft:scrape_pottery_sherd":2,"minecraft:oak_pressure_plate":1,"minecraft:poisonous_potato":1,"minecraft:sand":27,"minecraft:grass_block":3,"minecraft:barrel":2,"minecraft:mossy_cobblestone":17,"minecraft:diamond":158,"minecraft:crossbow":14,"minecraft:breeze_rod":6,"minecraft:emerald":35,"minecraft:bread":37,"minecraft:oak_sapling":7,"minecraft:netherrack":83,"minecraft:bricks":14,"minecraft:crafting_table":1,"minecraft:azure_bluet":3,"minecraft:ominous_bottle":1,"minecraft:chicken":3,"minecraft:wooden_pickaxe":3,"minecraft:shield":2,"minecraft:brick":107,"minecraft:wind_charge":4,"minecraft:cornflower":4,"minecraft:oak_trapdoor":5,"minecraft:iron_axe":2,"minecraft:white_carpet":2,"minecraft:iron_shovel":1,"minecraft:candle":6,"minecraft:poppy":7,"minecraft:guster_pottery_sherd":4,"minecraft:sugar_cane":22,"minecraft:chest":3,"minecraft:birch_sapling":5,"minecraft:raw_iron":97,"minecraft:sandstone":2,"minecraft:oak_door":1,"minecraft:flow_pottery_sherd":3,"minecraft:carrot":14,"minecraft:redstone":237,"minecraft:arrow":173,"minecraft:stone_shovel":1,"minecraft:diamond_chestplate":2,"minecraft:beetroot_seeds":9,"minecraft:hay_block":5,"minecraft:saddle":1,"minecraft:tuff_bricks":9,"minecraft:mutton":9,"minecraft:white_wool":49,"minecraft:oxeye_daisy":1,"minecraft:stripped_oak_log":4,"minecraft:golden_carrot":1,"minecraft:red_mushroom":5,"minecraft:birch_planks":41,"minecraft:oak_log":191,"minecraft:waxed_copper_block":2,"minecraft:gunpowder":4,"minecraft:yellow_bed":1,"minecraft:cobblestone_wall":1,"minecraft:cobblestone_stairs":3,"minecraft:piglin_head":1,"minecraft:iron_ingot":28,"minecraft:cooked_chicken":4,"minecraft:glass_bottle":1,"minecraft:oak_slab":4,"minecraft:quartz":6,"minecraft:dandelion":13,"minecraft:gravel":15,"minecraft:blast_furnace":1,"minecraft:white_bed":5,"minecraft:spider_eye":12,"minecraft:polished_tuff":2,"minecraft:iron_helmet":1,"minecraft:oak_button":4,"minecraft:baked_potato":3,"minecraft:coal":86,"minecraft:ender_pearl":2}},"DataVersion":3953}