{"stats":{"minecraft:custom":{"minecraft:interact_with_crafting_table":62,"minecraft:open_barrel":11,"minecraft:leave_game":5,"minecraft:time_since_death":147033,"minecraft:sprint_one_cm":1903591,"minecraft:drop":645,"minecraft:talked_to_villager":231,"minecraft:play_time":712343,"minecraft:deaths":3,"minecraft:jump":10267,"minecraft:enchant_item":8,"minecraft:walk_on_water_one_cm":190832,"minecraft:interact_with_furnace":14,"minecraft:traded_with_villager":813,"minecraft:sleep_in_bed":5,"minecraft:open_enderchest":2,"minecraft:damage_dealt":60134,"minecraft:player_kills":8,"minecraft:crouch_one_cm":203921,"minecraft:horse_one_cm":2818,"minecraft:interact_with_anvil":7,"minecraft:mob_kills":319,"minecraft:inspect_hopper":21,"minecraft:climb_one_cm":116429,"minecraft:walk_one_cm":1682205,"minecraft:sneak_time":75321,"minecraft:walk_under_water_one_cm":162450,"minecraft:boat_one_cm":64426,"minecraft:interact_with_blast_furnace":9,"minecraft:total_world_time":712343,"minecraft:interact_with_stonecutter":12,"minecraft:interact_with_grindstone":5,"minecraft:time_since_rest":147060,"minecraft:damage_taken":7070,"minecraft:swim_one_cm":122388,"minecraft:fly_one_cm":2838131,"minecraft:open_chest":577,"minecraft:fish_caught":15,"minecraft:fall_one_cm":156529},"minecraft:mined":{"minecraft:white_bed":7,"minecraft:cobblestone_stairs":28,"minecraft:obsidian":53,"minecraft:granite":15,"minecraft:red_sand":23,"minecraft:acacia_log":7,"minecraft:grass_block":197,"minecraft:diorite_stairs":1,"minecraft:polished_diorite":2,"minecraft:composter":2,"minecraft:oak_wall_sign":6,"minecraft:oxeye_daisy":1,"minecraft:smooth_stone":16,"minecraft:tall_seagrass":3,"minecraft:magma_block":2,"minecraft:barrel":8,"minecraft:sticky_piston":1,"minecraft:cobbled_deepslate":2,"minecraft:fire":20,"minecraft:anvil":1,"minecraft:fletching_table":3,"minecraft:azure_bluet":1,"minecraft:enchanting_table":1,"minecraft:dirt_path":134,"minecraft:oak_stairs":303,"minecraft:polished_granite_stairs":1,"minecraft:granite_stairs":1,"minecraft:tripwire":10,"minecraft:blackstone":6,"minecraft:orange_terracotta":21,"minecraft:clay":4,"minecraft:torch":3,"minecraft:blast_furnace":12,"minecraft:poppy":3,"minecraft:dead_bush":11,"minecraft:polished_diorite_slab":3,"minecraft:glass":1,"minecraft:nether_quartz_ore":3,"minecraft:cobblestone":395,"minecraft:oak_planks":234,"minecraft:sugar_cane":499,"minecraft:grindstone":2,"minecraft:bricks":2,"minecraft:wall_torch":8,"minecraft:white_terracotta":95,"minecraft:seagrass":3,"minecraft:polished_diorite_stairs":7,"minecraft:repeater":4,"minecraft:lapis_block":5,"minecraft:wheat":52,"minecraft:stripped_oak_wood":1,"minecraft:oak_log":192,"minecraft:sand":9,"minecraft:dirt":301,"minecraft:stonecutter":2,"minecraft:netherrack":21,"minecraft:oak_leaves":64,"minecraft:deepslate":81,"minecraft:yellow_terracotta":17,"minecraft:mossy_cobblestone":41,"minecraft:deepslate_diamond_ore":2,"minecraft:oak_door":6,"minecraft:ladder":2,"minecraft:redstone_wire":20,"minecraft:sandstone":2,"minecraft:hay_block":14,"minecraft:diorite_slab":1,"minecraft:oak_trapdoor":35,"minecraft:furnace":19,"minecraft:red_sandstone":5,"minecraft:nether_brick_fence":1,"minecraft:bookshelf":9,"minecraft:cobblestone_slab":20,"minecraft:stripped_oak_log":18,"minecraft:stone":566,"minecraft:white_wool":222,"minecraft:redstone_wall_torch":6,"minecraft:oak_slab":25,"minecraft:scaffolding":83,"minecraft:acacia_leaves":1,"minecraft:mangrove_stairs":3,"minecraft:glass_pane":25,"minecraft:red_wool":73,"minecraft:basalt":59,"minecraft:dandelion":9,"minecraft:oak_fence":11,"minecraft:crafting_table":9,"minecraft:cornflower":1,"minecraft:short_grass":76,"minecraft:rose_bush":8,"minecraft:lectern":5,"minecraft:tall_grass":13,"minecraft:diorite":172,"minecraft:red_terracotta":243,"minecraft:cobblestone_wall":3,"minecraft:redstone_torch":1,"minecraft:yellow_bed":8,"minecraft:mangrove_slab":1,"minecraft:coal_ore":19,"minecraft:gravel":51,"minecraft:terracotta":20,"minecraft:acacia_planks":2,"minecraft:stone_bricks":10},"minecraft:dropped":{"minecraft:diamond_axe":1,"minecraft:lapis_lazuli":12,"minecraft:oak_log":20,"minecraft:diamond":16,"minecraft:leather":1,"minecraft:red_wool":21,"minecraft:camel_spawn_egg":1,"minecraft:cod":5,"minecraft:dirt":66,"minecraft:polished_diorite_stairs":2,"minecraft:cornflower":1,"minecraft:mutton":4,"minecraft:mangrove_stairs":3,"minecraft:gold_nugget":28,"minecraft:sand":3,"minecraft:iron_pickaxe":1,"minecraft:fishing_rod":1,"minecraft:white_wool":89,"minecraft:mangrove_slab":1,"minecraft:diorite_slab":6,"minecraft:bone":1,"minecraft:stone_axe":1,"minecraft:blackstone":6,"minecraft:sugar_cane":506,"minecraft:lever":3,"minecraft:cobbled_deepslate":23,"minecraft:birch_sapling":7,"minecraft:obsidian":65,"minecraft:rotten_flesh":32,"minecraft:oak_planks":18,"minecraft:salmon":1,"minecraft:chainmail_chestplate":29,"minecraft:poppy":4,"minecraft:tipped_arrow":1,"minecraft:gunpowder":2,"minecraft:acacia_sapling":64,"minecraft:chainmail_boots":12,"minecraft:basalt":44,"minecraft:arrow":12,"minecraft:glass":1,"minecraft:beef":3,"minecraft:scaffolding":125,"minecraft:netherrack":13,"minecraft:iron_ingot":11,"minecraft:bread":128,"minecraft:oak_slab":4,"minecraft:wheat_seeds":31,"minecraft:oak_fence":10,"minecraft:iron_helmet":13,"minecraft:cobblestone":122,"minecraft:apple":2,"minecraft:granite":14,"minecraft:command_block":2,"minecraft:chainmail_helmet":2,"minecraft:grass_block":1,"minecraft:coal":9,"minecraft:stick":93,"minecraft:pufferfish":3,"minecraft:gray_wool":1,"minecraft:milk_bucket":3,"minecraft:diorite":21,"minecraft:golden_carrot":113,"minecraft:ink_sac":2,"minecraft:torch":4,"minecraft:repeater":1,"minecraft:brown_wool":1,"minecraft:potion":3,"minecraft:iron_leggings":1,"minecraft:iron_axe":22,"minecraft:smooth_stone":5,"minecraft:string":2571,"minecraft:lily_pad":1,"minecraft:dandelion":4,"minecraft:furnace":1,"minecraft:polished_diorite_slab":3,"minecraft:cobblestone_wall":1,"minecraft:raw_copper":20,"minecraft:deepslate":76,"minecraft:raw_iron":15,"minecraft:stone_shovel":1,"minecraft:diamond_sword":3,"minecraft:shroomlight":2,"minecraft:stone":27,"minecraft:shield":1,"minecraft:flower_pot":1,"minecraft:diamond_pickaxe":3,"minecraft:oak_sapling":59,"minecraft:golden_sword":6,"minecraft:redstone_torch":1,"minecraft:spider_eye":1,"minecraft:stone_bricks":33,"minecraft:red_sand":8,"minecraft:bow":2,"minecraft:stone_pickaxe":17},"minecraft:used":{"minecraft:polished_granite_stairs":1,"minecraft:nether_brick_fence":1,"minecraft:red_sand":21,"minecraft:oak_sign":18,"minecraft:ladder":118,"minecraft:poppy":4,"minecraft:chest":15,"minecraft:donkey_spawn_egg":1,"minecraft:white_terracotta":1,"minecraft:stone":73,"minecraft:bell":1,"minecraft:mutton":2,"minecraft:acacia_sapling":64,"minecraft:obsidian":130,"minecraft:glass":9,"minecraft:frog_spawn_egg":6,"minecraft:villager_spawn_egg":5,"minecraft:mangrove_stairs":21,"minecraft:grass_block":52,"minecraft:red_wool":450,"minecraft:birch_sapling":1,"minecraft:stone_bricks":17,"minecraft:repeater":4,"minecraft:bow":18,"minecraft:hay_block":1,"minecraft:scaffolding":285,"minecraft:oak_sapling":44,"minecraft:furnace":32,"minecraft:mangrove_slab":10,"minecraft:egg":1,"minecraft:polished_diorite_stairs":14,"minecraft:armadillo_spawn_egg":52,"minecraft:diorite":2,"minecraft:elder_guardian_spawn_egg":3,"minecraft:stone_pickaxe":350,"minecraft:oak_planks":49,"minecraft:cactus":1,"minecraft:polished_diorite_slab":8,"minecraft:parrot_spawn_egg":7,"minecraft:wooden_pickaxe":39,"minecraft:fox_spawn_egg":6,"minecraft:sandstone":2,"minecraft:sugar_cane":911,"minecraft:diamond_axe":817,"minecraft:composter":3,"minecraft:white_wool":517,"minecraft:sand":10,"minecraft:yellow_terracotta":1,"minecraft:blast_furnace":16,"minecraft:camel_spawn_egg":52,"minecraft:shears":272,"minecraft:lightning_rod":2,"minecraft:sticky_piston":2,"minecraft:redstone_torch":17,"minecraft:lever":6,"minecraft:red_sandstone":2,"minecraft:crying_obsidian":25,"minecraft:string":147,"minecraft:bogged_spawn_egg":1,"minecraft:bread":154,"minecraft:lectern":7,"minecraft:red_terracotta":1,"minecraft:deepslate":20,"minecraft:diamond_sword":506,"minecraft:grindstone":3,"minecraft:smithing_table":1,"minecraft:chain":1,"minecraft:oak_boat":5,"minecraft:bone_meal":124,"minecraft:diorite_slab":7,"minecraft:oak_fence":97,"minecraft:diorite_stairs":1,"minecraft:oak_trapdoor":137,"minecraft:rose_bush":3,"minecraft:enchanting_table":1,"minecraft:granite_stairs":1,"minecraft:stone_shovel":9,"minecraft:redstone":17,"minecraft:stone_hoe":17,"minecraft:netherrack":7,"minecraft:torch":27,"minecraft:dirt":367,"minecraft:anvil":4,"minecraft:nether_quartz_ore":3,"minecraft:cobblestone_wall":2,"minecraft:diamond_helmet":1,"minecraft:allay_spawn_egg":3,"minecraft:granite":2,"minecraft:polished_diorite":2,"minecraft:shroomlight":8,"minecraft:bookshelf":6,"minecraft:oak_stairs":1,"minecraft:barrel":12,"minecraft:bamboo":36,"minecraft:diamond_chestplate":1,"minecraft:tripwire_hook":3,"minecraft:basalt":24,"minecraft:golden_carrot":32,"minecraft:cobbled_deepslate":87,"minecraft:observer":14,"minecraft:orange_terracotta":5,"minecraft:pointed_dripstone":1,"minecraft:wheat_seeds":52,"minecraft:water_bucket":44,"minecraft:cobblestone_stairs":51,"minecraft:dirt_path":3,"minecraft:cobblestone_slab":67,"minecraft:fletching_table":2,"minecraft:sheep_spawn_egg":4,"minecraft:stonecutter":2,"minecraft:mossy_cobblestone":7,"minecraft:terracotta":2,"minecraft:crafting_table":4,"minecraft:oak_slab":32,"minecraft:white_bed":7,"minecraft:campfire":1,"minecraft:painting":31,"minecraft:oak_log":22,"minecraft:diamond_pickaxe":1634,"minecraft:apple":11,"minecraft:oxeye_daisy":1,"minecraft:diamond_shovel":989,"minecraft:command_block":2,"minecraft:stone_axe":83,"minecraft:fishing_rod":53,"minecraft:cod_spawn_egg":1,"minecraft:cobblestone":189,"minecraft:porkchop":3,"minecraft:bucket":30,"minecraft:cooked_porkchop":1,"minecraft:lapis_block":5,"minecraft:yellow_bed":7,"minecraft:dandelion":1},"minecraft:killed_by":{"minecraft:zombified_piglin":1,"minecraft:zombie":1,"minecraft:player":1},"minecraft:broken":{"minecraft:stone_pickaxe":1},"minecraft:crafted":{"minecraft:oak_sign":6,"minecraft:oak_planks":692,"minecraft:chainmail_helmet":2,"minecraft:cobblestone_slab":126,"minecraft:barrel":4,"minecraft:red_sandstone":1,"minecraft:diorite_stairs":20,"minecraft:diamond_shovel":1,"minecraft:bookshelf":5,"minecraft:diamond_helmet":2,"minecraft:bow":3,"minecraft:diamond_leggings":2,"minecraft:chest":15,"minecraft:stone_hoe":1,"minecraft:stone_bricks":8,"minecraft:oak_fence":42,"minecraft:name_tag":2,"minecraft:polished_diorite_slab":10,"minecraft:granite_stairs":2,"minecraft:oak_slab":24,"minecraft:emerald":670,"minecraft:diamond_axe":2,"minecraft:crafting_table":1,"minecraft:iron_helmet":10,"minecraft:wooden_pickaxe":1,"minecraft:chainmail_chestplate":13,"minecraft:red_wool":202,"minecraft:hay_block":5,"minecraft:campfire":1,"minecraft:painting":1,"minecraft:lectern":2,"minecraft:book":3,"minecraft:paper":18,"minecraft:diamond_pickaxe":4,"minecraft:stick":364,"minecraft:iron_ingot":4,"minecraft:iron_block":3,"minecraft:redstone_torch":1,"minecraft:composter":1,"minecraft:polished_diorite_stairs":12,"minecraft:shears":2,"minecraft:golden_carrot":36,"minecraft:stone_shovel":1,"minecraft:fishing_rod":2,"minecraft:furnace":10,"minecraft:bone_meal":123,"minecraft:oak_trapdoor":102,"minecraft:polished_diorite":3,"minecraft:iron_axe":22,"minecraft:polished_granite_stairs":2,"minecraft:ladder":123,"minecraft:stone_pickaxe":16,"minecraft:cobblestone_wall":1,"minecraft:diamond_boots":2,"minecraft:wheat":144,"minecraft:red_dye":203,"minecraft:diamond_sword":1,"minecraft:stone_axe":1,"minecraft:bread":276,"minecraft:air":0,"minecraft:white_wool":544,"minecraft:chainmail_boots":12,"minecraft:anvil":1,"minecraft:diorite_slab":6,"minecraft:torch":4,"minecraft:lapis_block":4,"minecraft:diamond_chestplate":2},"minecraft:killed":{"minecraft:zombified_piglin":78,"minecraft:spider":6,"minecraft:cod":1,"minecraft:skeleton":42,"minecraft:fox":5,"minecraft:camel":74,"minecraft:piglin":2,"minecraft:parrot":4,"minecraft:pig":3,"minecraft:elder_guardian":2,"minecraft:iron_golem":3,"minecraft:creeper":4,"minecraft:sheep":4,"minecraft:zombie":7,"minecraft:donkey":1,"minecraft:blaze":19,"minecraft:armadillo":48,"minecraft:bogged":1,"minecraft:horse":1,"minecraft:drowned":1,"minecraft:wandering_trader":1,"minecraft:frog":2,"minecraft:wither_skeleton":5,"minecraft:enderman":2},"minecraft:picked_up":{"minecraft:iron_chestplate":1,"minecraft:wheat":51,"minecraft:nether_brick_fence":1,"minecraft:flower_pot":1,"minecraft:anvil":1,"minecraft:prismarine_shard":3,"minecraft:yellow_wool":1,"minecraft:smithing_table":1,"minecraft:lead":6,"minecraft:diamond_sword":4,"minecraft:oak_stairs":302,"minecraft:golden_sword":6,"minecraft:lapis_block":3,"minecraft:string":22411,"minecraft:raw_copper":20,"minecraft:iron_leggings":2,"minecraft:sticky_piston":1,"minecraft:pufferfish":3,"minecraft:shroomlight":2,"minecraft:oak_sign":16,"minecraft:smooth_stone":21,"minecraft:diamond_leggings":3,"minecraft:red_sand":29,"minecraft:gold_nugget":33,"minecraft:cobbled_deepslate":24,"minecraft:bucket":1,"minecraft:rose_bush":155,"minecraft:redstone_torch":11,"minecraft:cobblestone_slab":20,"minecraft:ender_eye":1,"minecraft:iron_pickaxe":2,"minecraft:iron_boots":1,"minecraft:furnace":24,"minecraft:tipped_arrow":2,"minecraft:stick":188,"minecraft:composter":2,"minecraft:oak_fence":13,"minecraft:torch":77,"minecraft:acacia_log":7,"minecraft:porkchop":5,"minecraft:diorite":179,"minecraft:stone_sword":1,"minecraft:cactus":1,"minecraft:mangrove_stairs":3,"minecraft:rotten_flesh":40,"minecraft:bookshelf":3,"minecraft:white_terracotta":95,"minecraft:blaze_rod":9,"minecraft:obsidian":63,"minecraft:cod":17,"minecraft:cobblestone":881,"minecraft:enchanting_table":1,"minecraft:magma_block":1,"minecraft:polished_diorite_slab":3,"minecraft:feather":7,"minecraft:cooked_beef":6,"minecraft:repeater":4,"minecraft:water_bucket":2,"minecraft:brown_wool":1,"minecraft:flint":6,"minecraft:lapis_lazuli":99,"minecraft:mangrove_slab":1,"minecraft:dirt":772,"minecraft:bone":48,"minecraft:acacia_planks":2,"minecraft:bow":6,"minecraft:stonecutter":2,"minecraft:wheat_seeds":181,"minecraft:raw_gold":5,"minecraft:bell":1,"minecraft:grindstone":2,"minecraft:fletching_table":3,"minecraft:diamond_helmet":3,"minecraft:oak_planks":271,"minecraft:cooked_porkchop":1,"minecraft:sand":11,"minecraft:ink_sac":2,"minecraft:grass_block":1,"minecraft:red_terracotta":442,"minecraft:barrel":8,"minecraft:mossy_cobblestone":42,"minecraft:diamond":38,"minecraft:deepslate":76,"minecraft:lever":3,"minecraft:granite":33,"minecraft:emerald":238,"minecraft:bread":43,"minecraft:oak_sapling":109,"minecraft:netherrack":20,"minecraft:bricks":2,"minecraft:diamond_pickaxe":4,"minecraft:fishing_rod":3,"minecraft:crafting_table":10,"minecraft:azure_bluet":2,"minecraft:ladder":17,"minecraft:clay_ball":16,"minecraft:diorite_slab":13,"minecraft:shield":2,"minecraft:cornflower":3,"minecraft:oak_trapdoor":37,"minecraft:iron_axe":1,"minecraft:blackstone":6,"minecraft:beef":3,"minecraft:poppy":11,"minecraft:light_gray_wool":1,"minecraft:lectern":5,"minecraft:sugar_cane":954,"minecraft:birch_sapling":8,"minecraft:egg":3,"minecraft:raw_iron":15,"minecraft:sandstone":2,"minecraft:stone":398,"minecraft:oak_door":8,"minecraft:redstone":98,"minecraft:prismarine_crystals":1,"minecraft:polished_granite_stairs":1,"minecraft:arrow":55,"minecraft:stone_shovel":1,"minecraft:diamond_chestplate":3,"minecraft:diamond_boots":3,"minecraft:hay_block":16,"minecraft:yellow_terracotta":17,"minecraft:mutton":13,"minecraft:oxeye_daisy":1,"minecraft:white_wool":299,"minecraft:wet_sponge":2,"minecraft:stripped_oak_log":19,"minecraft:basalt":78,"minecraft:golden_carrot":172,"minecraft:salmon":3,"minecraft:leather":6,"minecraft:granite_stairs":1,"minecraft:oak_log":264,"minecraft:chainmail_chestplate":16,"minecraft:lily_pad":1,"minecraft:yellow_bed":8,"minecraft:cobblestone_wall":3,"minecraft:gunpowder":3,"minecraft:cobblestone_stairs":28,"minecraft:diorite_stairs":1,"minecraft:orange_terracotta":21,"minecraft:apple":21,"minecraft:stone_bricks":13,"minecraft:red_sandstone":5,"minecraft:iron_ingot":43,"minecraft:stone_pickaxe":6,"minecraft:cooked_chicken":1,"minecraft:stripped_oak_wood":1,"minecraft:glass_bottle":1,"minecraft:book":27,"minecraft:scaffolding":282,"minecraft:oak_slab":27,"minecraft:nether_quartz_ore":3,"minecraft:red_wool":76,"minecraft:quartz":3,"minecraft:dandelion":15,"minecraft:gravel":44,"minecraft:blast_furnace":17,"minecraft:white_bed":9,"minecraft:crying_obsidian":1,"minecraft:spider_eye":2,"minecraft:polished_diorite_stairs":7,"minecraft:diamond_shovel":2,"minecraft:polished_diorite":2,"minecraft:stone_axe":1,"minecraft:iron_helmet":4,"minecraft:diamond_axe":2,"minecraft:painting":28,"minecraft:gray_wool":1,"minecraft:terracotta":20,"minecraft:coal":37,"minecraft:ender_pearl":2}},"DataVersion":3953}