{"stats":{"minecraft:mined":{"minecraft:oak_slab":7,"minecraft:tuff":6,"minecraft:white_bed":1,"minecraft:deepslate_diamond_ore":61,"minecraft:short_grass":6,"minecraft:grass_block":1,"minecraft:cobblestone":1,"minecraft:lapis_ore":6,"minecraft:sugar_cane":3,"minecraft:oak_planks":7,"minecraft:spawner":1,"minecraft:gray_wool":1,"minecraft:cobbled_deepslate":1,"minecraft:iron_ore":47,"minecraft:deepslate_lapis_ore":10,"minecraft:oak_log":41,"minecraft:coal_ore":33,"minecraft:deepslate_iron_ore":34,"minecraft:sand":27,"minecraft:dirt":3,"minecraft:stone":69,"minecraft:oak_leaves":22,"minecraft:deepslate":28},"minecraft:picked_up":{"minecraft:cooked_beef":18,"minecraft:feather":10,"minecraft:chicken":8,"minecraft:leather":14,"minecraft:tuff":6,"minecraft:oak_log":41,"minecraft:gunpowder":7,"minecraft:dirt":37,"minecraft:lapis_lazuli":118,"minecraft:string":2,"minecraft:bone":9,"minecraft:apple":1,"minecraft:bow":1,"minecraft:cobbled_deepslate":36,"minecraft:iron_ingot":2,"minecraft:beef":26,"minecraft:oak_boat":3,"minecraft:sugar_cane":5,"minecraft:oak_planks":7,"minecraft:oak_slab":7,"minecraft:raw_iron":81,"minecraft:cooked_porkchop":4,"minecraft:porkchop":14,"minecraft:sand":54,"minecraft:white_bed":1,"minecraft:redstone":6,"minecraft:arrow":11,"minecraft:rotten_flesh":35,"minecraft:diamond":61,"minecraft:gray_wool":2,"minecraft:oak_sapling":2,"minecraft:mutton":23,"minecraft:coal":33,"minecraft:white_wool":15,"minecraft:cobblestone":84,"minecraft:ender_pearl":2},"minecraft:custom":{"minecraft:interact_with_furnace":54,"minecraft:mob_kills":93,"minecraft:interact_with_crafting_table":23,"minecraft:leave_game":8,"minecraft:time_since_death":93429,"minecraft:sleep_in_bed":2,"minecraft:climb_one_cm":592,"minecraft:time_since_rest":45223,"minecraft:sprint_one_cm":390456,"minecraft:damage_taken":2503,"minecraft:walk_one_cm":127295,"minecraft:damage_blocked_by_shield":587,"minecraft:drop":19,"minecraft:damage_dealt":13267,"minecraft:swim_one_cm":129,"minecraft:fly_one_cm":369530,"minecraft:crouch_one_cm":52959,"minecraft:play_time":93429,"minecraft:sneak_time":21711,"minecraft:walk_under_water_one_cm":1875,"minecraft:boat_one_cm":1326,"minecraft:jump":2240,"minecraft:walk_on_water_one_cm":5036,"minecraft:total_world_time":93429,"minecraft:fall_one_cm":65499},"minecraft:killed":{"minecraft:pig":8,"minecraft:witch":1,"minecraft:spider":1,"minecraft:creeper":5,"minecraft:sheep":16,"minecraft:skeleton":9,"minecraft:zombie":26,"minecraft:chicken":8,"minecraft:cow":13,"minecraft:enderman":2},"minecraft:used":{"minecraft:cooked_mutton":23,"minecraft:stone_sword":263,"minecraft:stone_pickaxe":101,"minecraft:oak_planks":92,"minecraft:wooden_pickaxe":3,"minecraft:shield":22,"minecraft:sugar_cane":5,"minecraft:cooked_chicken":8,"minecraft:rotten_flesh":16,"minecraft:sand":54,"minecraft:dirt":34,"minecraft:oak_slab":13,"minecraft:crafting_table":3,"minecraft:white_bed":3,"minecraft:tuff":6,"minecraft:iron_pickaxe":195,"minecraft:stone_axe":92,"minecraft:cobblestone":47,"minecraft:oak_sapling":2,"minecraft:furnace":3,"minecraft:cooked_porkchop":1,"minecraft:oak_boat":4,"minecraft:gray_wool":2,"minecraft:cooked_beef":8,"minecraft:cobbled_deepslate":30},"minecraft:broken":{"minecraft:stone_sword":2},"minecraft:dropped":{"minecraft:cooked_beef":27,"minecraft:cooked_porkchop":17,"minecraft:feather":10,"minecraft:rotten_flesh":8,"minecraft:dirt":3,"minecraft:shield":1,"minecraft:gunpowder":2,"minecraft:arrow":1,"minecraft:string":2,"minecraft:white_wool":9,"minecraft:bone":1},"minecraft:crafted":{"minecraft:cooked_beef":19,"minecraft:oak_planks":164,"minecraft:oak_slab":6,"minecraft:cooked_porkchop":14,"minecraft:crafting_table":3,"minecraft:wooden_pickaxe":1,"minecraft:cooked_chicken":8,"minecraft:furnace":3,"minecraft:stone_axe":2,"minecraft:cooked_mutton":23,"minecraft:air":0,"minecraft:oak_boat":1,"minecraft:iron_boots":1,"minecraft:shield":2,"minecraft:stick":12,"minecraft:iron_ingot":14,"minecraft:iron_pickaxe":1,"minecraft:stone_pickaxe":1,"minecraft:stone_sword":2,"minecraft:iron_leggings":1,"minecraft:white_bed":2}},"DataVersion":3953}