{"stats":{"minecraft:killed_by":{"minecraft:polar_bear":1,"minecraft:player":1},"minecraft:killed":{"minecraft:skeleton":1},"minecraft:custom":{"minecraft:time_since_rest":24259,"minecraft:crouch_one_cm":1882,"minecraft:play_time":28795,"minecraft:sprint_one_cm":49885,"minecraft:deaths":2,"minecraft:damage_taken":695,"minecraft:walk_one_cm":28166,"minecraft:sneak_time":1455,"minecraft:walk_under_water_one_cm":7506,"minecraft:mob_kills":1,"minecraft:boat_one_cm":2158,"minecraft:jump":379,"minecraft:inspect_hopper":1,"minecraft:damage_dealt":370,"minecraft:leave_game":5,"minecraft:walk_on_water_one_cm":3405,"minecraft:time_since_death":24232,"minecraft:total_world_time":28795,"minecraft:swim_one_cm":5316,"minecraft:talked_to_villager":1,"minecraft:fall_one_cm":13326,"minecraft:fly_one_cm":149686},"minecraft:used":{"minecraft:barrel":6,"minecraft:water_bucket":5,"minecraft:lava_bucket":2,"minecraft:dirt":326,"minecraft:villager_spawn_egg":6,"minecraft:oak_slab":8,"minecraft:hopper":1,"minecraft:stone_shovel":525,"minecraft:oak_button":85,"minecraft:oak_sign":16,"minecraft:oak_boat":2,"minecraft:white_bed":6,"minecraft:zombie_spawn_egg":2},"minecraft:mined":{"minecraft:short_grass":1,"minecraft:grass_block":1,"minecraft:oak_leaves":2},"minecraft:picked_up":{"minecraft:bone":1,"minecraft:arrow":2,"minecraft:dandelion":1,"minecraft:wheat_seeds":1,"minecraft:cornflower":1,"minecraft:dirt":1}},"DataVersion":3953}