{"stats":{"minecraft:used":{"minecraft:trident":10,"minecraft:water_bucket":2,"minecraft:chiseled_tuff":3,"minecraft:decorated_pot":3,"minecraft:shield":21,"minecraft:iron_sword":88,"minecraft:trial_key":6,"minecraft:cooked_chicken":16,"minecraft:iron_chestplate":2,"minecraft:dirt":20,"minecraft:crafting_table":4,"minecraft:waxed_copper_grate":4,"minecraft:wind_charge":1,"minecraft:oak_stairs":14,"minecraft:iron_axe":69,"minecraft:bread":2,"minecraft:iron_pickaxe":40,"minecraft:iron_helmet":2,"minecraft:iron_boots":1,"minecraft:golden_sword":13,"minecraft:cobblestone":10,"minecraft:bow":21,"minecraft:furnace":3,"minecraft:bucket":4,"minecraft:cooked_beef":10,"minecraft:iron_leggings":2},"minecraft:dropped":{"minecraft:iron_ingot":1,"minecraft:wheat_seeds":5,"minecraft:flow_pottery_sherd":1,"minecraft:cooked_chicken":2,"minecraft:cooked_beef":6,"minecraft:baked_potato":8,"minecraft:cobblestone":1,"minecraft:rotten_flesh":5,"minecraft:music_disc_creator_music_box":1,"minecraft:dirt":4,"minecraft:flower_pot":1,"minecraft:diorite":15,"minecraft:iron_chestplate":1,"minecraft:beetroot_seeds":1,"minecraft:spider_eye":7,"minecraft:brick":25},"minecraft:crafted":{"minecraft:cooked_beef":14,"minecraft:oak_planks":24,"minecraft:cooked_porkchop":9,"minecraft:crafting_table":2,"minecraft:iron_helmet":1,"minecraft:cooked_chicken":14,"minecraft:iron_sword":1,"minecraft:furnace":1,"minecraft:bookshelf":2,"minecraft:book":6,"minecraft:paper":18,"minecraft:bow":1,"minecraft:iron_chestplate":1,"minecraft:iron_boots":1,"minecraft:shield":1,"minecraft:iron_axe":1,"minecraft:stick":16,"minecraft:iron_pickaxe":1,"minecraft:decorated_pot":3,"minecraft:iron_leggings":1},"minecraft:killed":{"minecraft:armadillo":1,"minecraft:cave_spider":5,"minecraft:pig":5,"minecraft:bogged":11,"minecraft:spider":4,"minecraft:bat":1,"minecraft:horse":1,"minecraft:trader_llama":1,"minecraft:zombie":5,"minecraft:chicken":11,"minecraft:breeze":2,"minecraft:cow":9},"minecraft:mined":{"minecraft:crafting_table":3,"minecraft:short_grass":9,"minecraft:grass_block":2,"minecraft:decorated_pot":8,"minecraft:jungle_log":1,"minecraft:tall_grass":1,"minecraft:chiseled_tuff_bricks":1,"minecraft:sugar_cane":9,"minecraft:tuff_bricks":1,"minecraft:furnace":2,"minecraft:waxed_copper_grate":4,"minecraft:iron_ore":4,"minecraft:polished_tuff":3,"minecraft:chiseled_tuff":3,"minecraft:oak_log":6,"minecraft:coal_ore":13,"minecraft:dirt_path":6,"minecraft:oak_stairs":1,"minecraft:flower_pot":1,"minecraft:dirt":3,"minecraft:cobweb":2,"minecraft:bamboo":9,"minecraft:stone":9,"minecraft:oak_leaves":3,"minecraft:fern":2},"minecraft:custom":{"minecraft:interact_with_furnace":18,"minecraft:mob_kills":60,"minecraft:interact_with_crafting_table":23,"minecraft:open_barrel":24,"minecraft:bell_ring":6,"minecraft:interact_with_grindstone":1,"minecraft:leave_game":2,"minecraft:time_since_death":57002,"minecraft:sleep_in_bed":4,"minecraft:climb_one_cm":7024,"minecraft:time_since_rest":3245,"minecraft:sprint_one_cm":521851,"minecraft:damage_taken":1857,"minecraft:walk_one_cm":194217,"minecraft:damage_blocked_by_shield":480,"minecraft:drop":28,"minecraft:damage_dealt":6725,"minecraft:player_kills":1,"minecraft:swim_one_cm":8165,"minecraft:talked_to_villager":18,"minecraft:fly_one_cm":234081,"minecraft:open_chest":65,"minecraft:crouch_one_cm":5470,"minecraft:play_time":99061,"minecraft:deaths":1,"minecraft:sneak_time":1333,"minecraft:walk_under_water_one_cm":4240,"minecraft:jump":1492,"minecraft:walk_on_water_one_cm":20614,"minecraft:total_world_time":99061,"minecraft:fall_one_cm":53566,"minecraft:inspect_dispenser":4},"minecraft:picked_up":{"minecraft:iron_chestplate":3,"minecraft:crafting_table":3,"minecraft:feather":10,"minecraft:cooked_beef":9,"minecraft:chicken":11,"minecraft:flower_pot":1,"minecraft:water_bucket":1,"minecraft:jungle_log":1,"minecraft:leather":12,"minecraft:oak_stairs":15,"minecraft:enchanted_book":2,"minecraft:oak_log":6,"minecraft:brick":25,"minecraft:shield":3,"minecraft:wind_charge":1,"minecraft:string":10,"minecraft:dirt":24,"minecraft:iron_axe":2,"minecraft:iron_leggings":1,"minecraft:bone":16,"minecraft:wheat_seeds":2,"minecraft:cobbled_deepslate":17,"minecraft:iron_ingot":71,"minecraft:beef":34,"minecraft:trial_key":6,"minecraft:cooked_chicken":13,"minecraft:chiseled_tuff":3,"minecraft:iron_pickaxe":1,"minecraft:bamboo":64,"minecraft:guster_pottery_sherd":2,"minecraft:sugar_cane":19,"minecraft:iron_sword":1,"minecraft:scrape_pottery_sherd":1,"minecraft:iron_boots":1,"minecraft:furnace":2,"minecraft:tipped_arrow":15,"minecraft:raw_iron":4,"minecraft:flow_pottery_sherd":1,"minecraft:porkchop":9,"minecraft:waxed_copper_grate":4,"minecraft:diorite":15,"minecraft:music_disc_creator_music_box":1,"minecraft:spider_eye":7,"minecraft:polished_tuff":2,"minecraft:diamond_chestplate":1,"minecraft:honey_bottle":3,"minecraft:arrow":30,"minecraft:rotten_flesh":5,"minecraft:beetroot_seeds":1,"minecraft:iron_helmet":1,"minecraft:crossbow":2,"minecraft:breeze_rod":4,"minecraft:bread":3,"minecraft:emerald":13,"minecraft:baked_potato":1,"minecraft:tuff_bricks":5,"minecraft:coal":33,"minecraft:cobblestone":65}},"DataVersion":3953}