{"stats":{"minecraft:used":{"minecraft:shield":4,"minecraft:cooked_chicken":3,"minecraft:iron_chestplate":1,"minecraft:dirt":18,"minecraft:crafting_table":3,"minecraft:iron_axe":65,"minecraft:iron_pickaxe":28,"minecraft:iron_helmet":1,"minecraft:iron_boots":1,"minecraft:golden_sword":13,"minecraft:cobblestone":1,"minecraft:furnace":3,"minecraft:cooked_beef":5,"minecraft:iron_leggings":1},"minecraft:dropped":{"minecraft:wheat_seeds":1,"minecraft:cooked_beef":2,"minecraft:cooked_chicken":2,"minecraft:rotten_flesh":5},"minecraft:crafted":{"minecraft:cooked_beef":14,"minecraft:oak_planks":24,"minecraft:cooked_porkchop":1,"minecraft:crafting_table":1,"minecraft:cooked_chicken":14,"minecraft:iron_helmet":1,"minecraft:iron_sword":1,"minecraft:furnace":1,"minecraft:iron_chestplate":1,"minecraft:iron_boots":1,"minecraft:shield":1,"minecraft:iron_axe":1,"minecraft:stick":12,"minecraft:iron_pickaxe":1,"minecraft:iron_leggings":1},"minecraft:killed":{"minecraft:pig":1,"minecraft:bat":1,"minecraft:trader_llama":1,"minecraft:zombie":5,"minecraft:chicken":11,"minecraft:cow":9},"minecraft:mined":{"minecraft:crafting_table":2,"minecraft:short_grass":8,"minecraft:grass_block":2,"minecraft:jungle_log":1,"minecraft:sugar_cane":3,"minecraft:furnace":2,"minecraft:iron_ore":4,"minecraft:oak_log":6,"minecraft:coal_ore":13,"minecraft:dirt_path":5,"minecraft:dirt":2,"minecraft:bamboo":9,"minecraft:stone":9,"minecraft:oak_leaves":3,"minecraft:fern":2},"minecraft:custom":{"minecraft:interact_with_furnace":12,"minecraft:mob_kills":28,"minecraft:interact_with_crafting_table":8,"minecraft:open_barrel":2,"minecraft:leave_game":2,"minecraft:time_since_death":34260,"minecraft:climb_one_cm":224,"minecraft:time_since_rest":34260,"minecraft:sprint_one_cm":219979,"minecraft:damage_taken":209,"minecraft:walk_one_cm":62654,"minecraft:damage_blocked_by_shield":85,"minecraft:drop":10,"minecraft:damage_dealt":2774,"minecraft:swim_one_cm":776,"minecraft:talked_to_villager":4,"minecraft:fly_one_cm":111408,"minecraft:open_chest":9,"minecraft:crouch_one_cm":871,"minecraft:play_time":34260,"minecraft:sneak_time":399,"minecraft:walk_under_water_one_cm":224,"minecraft:jump":711,"minecraft:walk_on_water_one_cm":504,"minecraft:total_world_time":34260,"minecraft:fall_one_cm":18519},"minecraft:picked_up":{"minecraft:crafting_table":2,"minecraft:feather":10,"minecraft:chicken":11,"minecraft:jungle_log":1,"minecraft:leather":11,"minecraft:oak_log":6,"minecraft:dirt":18,"minecraft:wheat_seeds":2,"minecraft:beef":34,"minecraft:bamboo":64,"minecraft:sugar_cane":7,"minecraft:furnace":2,"minecraft:raw_iron":4,"minecraft:porkchop":1,"minecraft:rotten_flesh":5,"minecraft:coal":33,"minecraft:cobblestone":16}},"DataVersion":3953}