{"stats":{"minecraft:used":{"minecraft:water_bucket":1,"minecraft:chiseled_tuff":3,"minecraft:shield":21,"minecraft:iron_sword":87,"minecraft:trial_key":6,"minecraft:cooked_chicken":16,"minecraft:iron_chestplate":2,"minecraft:dirt":19,"minecraft:crafting_table":4,"minecraft:waxed_copper_grate":4,"minecraft:wind_charge":1,"minecraft:oak_stairs":14,"minecraft:iron_axe":69,"minecraft:bread":2,"minecraft:iron_pickaxe":40,"minecraft:iron_helmet":2,"minecraft:iron_boots":1,"minecraft:golden_sword":13,"minecraft:cobblestone":10,"minecraft:bow":18,"minecraft:furnace":3,"minecraft:bucket":3,"minecraft:cooked_beef":6,"minecraft:iron_leggings":2},"minecraft:dropped":{"minecraft:iron_ingot":1,"minecraft:wheat_seeds":5,"minecraft:flow_pottery_sherd":1,"minecraft:cooked_chicken":2,"minecraft:cooked_beef":6,"minecraft:baked_potato":8,"minecraft:rotten_flesh":5,"minecraft:music_disc_creator_music_box":1,"minecraft:dirt":4,"minecraft:flower_pot":1,"minecraft:diorite":15,"minecraft:beetroot_seeds":1,"minecraft:spider_eye":7,"minecraft:brick":25},"minecraft:crafted":{"minecraft:cooked_beef":14,"minecraft:oak_planks":24,"minecraft:cooked_porkchop":1,"minecraft:crafting_table":2,"minecraft:iron_helmet":1,"minecraft:cooked_chicken":14,"minecraft:iron_sword":1,"minecraft:furnace":1,"minecraft:bow":1,"minecraft:iron_chestplate":1,"minecraft:iron_boots":1,"minecraft:shield":1,"minecraft:iron_axe":1,"minecraft:stick":16,"minecraft:iron_pickaxe":1,"minecraft:iron_leggings":1},"minecraft:killed":{"minecraft:armadillo":1,"minecraft:cave_spider":5,"minecraft:pig":1,"minecraft:bogged":11,"minecraft:spider":4,"minecraft:bat":1,"minecraft:trader_llama":1,"minecraft:zombie":5,"minecraft:chicken":11,"minecraft:breeze":2,"minecraft:cow":9},"minecraft:mined":{"minecraft:crafting_table":3,"minecraft:short_grass":8,"minecraft:grass_block":2,"minecraft:decorated_pot":8,"minecraft:jungle_log":1,"minecraft:tall_grass":1,"minecraft:chiseled_tuff_bricks":1,"minecraft:sugar_cane":3,"minecraft:tuff_bricks":1,"minecraft:furnace":2,"minecraft:waxed_copper_grate":4,"minecraft:iron_ore":4,"minecraft:polished_tuff":3,"minecraft:chiseled_tuff":3,"minecraft:oak_log":6,"minecraft:coal_ore":13,"minecraft:dirt_path":6,"minecraft:oak_stairs":1,"minecraft:flower_pot":1,"minecraft:dirt":2,"minecraft:cobweb":2,"minecraft:bamboo":9,"minecraft:stone":9,"minecraft:oak_leaves":3,"minecraft:fern":2},"minecraft:custom":{"minecraft:interact_with_furnace":13,"minecraft:mob_kills":55,"minecraft:interact_with_crafting_table":14,"minecraft:open_barrel":17,"minecraft:leave_game":2,"minecraft:time_since_death":33002,"minecraft:sleep_in_bed":2,"minecraft:climb_one_cm":7024,"minecraft:time_since_rest":20621,"minecraft:sprint_one_cm":434076,"minecraft:damage_taken":1737,"minecraft:walk_one_cm":160706,"minecraft:damage_blocked_by_shield":480,"minecraft:drop":26,"minecraft:damage_dealt":6082,"minecraft:swim_one_cm":2545,"minecraft:talked_to_villager":5,"minecraft:fly_one_cm":176238,"minecraft:open_chest":38,"minecraft:crouch_one_cm":3324,"minecraft:play_time":75061,"minecraft:deaths":1,"minecraft:sneak_time":1046,"minecraft:walk_under_water_one_cm":4018,"minecraft:jump":1152,"minecraft:walk_on_water_one_cm":18111,"minecraft:total_world_time":75061,"minecraft:fall_one_cm":40676,"minecraft:inspect_dispenser":4},"minecraft:picked_up":{"minecraft:iron_chestplate":3,"minecraft:crafting_table":3,"minecraft:feather":10,"minecraft:cooked_beef":9,"minecraft:chicken":11,"minecraft:flower_pot":1,"minecraft:water_bucket":1,"minecraft:jungle_log":1,"minecraft:leather":11,"minecraft:oak_stairs":15,"minecraft:enchanted_book":2,"minecraft:oak_log":6,"minecraft:brick":25,"minecraft:shield":3,"minecraft:wind_charge":1,"minecraft:string":10,"minecraft:dirt":23,"minecraft:iron_axe":2,"minecraft:iron_leggings":1,"minecraft:bone":16,"minecraft:wheat_seeds":2,"minecraft:cobbled_deepslate":17,"minecraft:iron_ingot":71,"minecraft:beef":34,"minecraft:trial_key":6,"minecraft:cooked_chicken":13,"minecraft:chiseled_tuff":3,"minecraft:iron_pickaxe":1,"minecraft:bamboo":64,"minecraft:guster_pottery_sherd":2,"minecraft:sugar_cane":7,"minecraft:iron_sword":1,"minecraft:scrape_pottery_sherd":1,"minecraft:iron_boots":1,"minecraft:furnace":2,"minecraft:tipped_arrow":15,"minecraft:raw_iron":4,"minecraft:flow_pottery_sherd":1,"minecraft:porkchop":1,"minecraft:waxed_copper_grate":4,"minecraft:diorite":15,"minecraft:music_disc_creator_music_box":1,"minecraft:spider_eye":7,"minecraft:polished_tuff":2,"minecraft:honey_bottle":3,"minecraft:arrow":30,"minecraft:rotten_flesh":5,"minecraft:beetroot_seeds":1,"minecraft:iron_helmet":1,"minecraft:crossbow":2,"minecraft:breeze_rod":4,"minecraft:bread":3,"minecraft:emerald":12,"minecraft:baked_potato":1,"minecraft:tuff_bricks":5,"minecraft:coal":33,"minecraft:cobblestone":64}},"DataVersion":3953}