{"stats":{"minecraft:picked_up":{"minecraft:shulker_shell":9,"minecraft:nether_brick_fence":5,"minecraft:ender_chest":3,"minecraft:flower_pot":1,"minecraft:anvil":1,"minecraft:smithing_table":2,"minecraft:stone_slab":1,"minecraft:potion":2,"minecraft:golden_sword":13,"minecraft:string":39964,"minecraft:sticky_piston":1,"minecraft:shroomlight":2,"minecraft:oak_sign":13,"minecraft:smooth_stone":22,"minecraft:red_sand":2,"minecraft:gold_nugget":32,"minecraft:cobbled_deepslate":122,"minecraft:rose_bush":26,"minecraft:cobblestone_slab":4,"minecraft:ender_eye":16,"minecraft:wooden_shovel":1,"minecraft:furnace":26,"minecraft:stick":61,"minecraft:composter":1,"minecraft:oak_fence":35,"minecraft:torch":53,"minecraft:acacia_log":1,"minecraft:porkchop":39,"minecraft:lightning_rod":1,"minecraft:diorite":7,"minecraft:rotten_flesh":71,"minecraft:glowstone":12,"minecraft:end_rod":1,"minecraft:blaze_rod":59,"minecraft:obsidian":7,"minecraft:blaze_powder":4,"minecraft:cobblestone":1060,"minecraft:birch_log":67,"minecraft:magma_block":9,"minecraft:cooked_beef":1,"minecraft:andesite":2,"minecraft:potato":4,"minecraft:flint":16,"minecraft:tuff":33,"minecraft:wither_skeleton_skull":2,"minecraft:lapis_lazuli":238,"minecraft:dirt":1961,"minecraft:name_tag":1,"minecraft:glass":2,"minecraft:bone":55,"minecraft:bow":41,"minecraft:stonecutter":1,"minecraft:wheat_seeds":21,"minecraft:raw_gold":67,"minecraft:grindstone":4,"minecraft:mossy_stone_bricks":2,"minecraft:fletching_table":6,"minecraft:oak_planks":207,"minecraft:cooked_porkchop":11,"minecraft:sand":2,"minecraft:ink_sac":4,"minecraft:grass_block":602,"minecraft:barrel":6,"minecraft:mossy_cobblestone":2,"minecraft:diamond":21,"minecraft:lever":10,"minecraft:crossbow":5,"minecraft:granite":56,"minecraft:emerald":5,"minecraft:bread":32,"minecraft:oak_sapling":36,"minecraft:netherrack":29,"minecraft:chorus_fruit":18,"minecraft:cocoa_beans":3,"minecraft:crafting_table":10,"minecraft:gold_block":2,"minecraft:oak_trapdoor":29,"minecraft:elytra":1,"minecraft:flint_and_steel":1,"minecraft:blackstone":6,"minecraft:beef":42,"minecraft:oak_boat":14,"minecraft:observer":2,"minecraft:poppy":16,"minecraft:light_gray_wool":1,"minecraft:lectern":17,"minecraft:sugar_cane":1378,"minecraft:chest":34,"minecraft:birch_sapling":7,"minecraft:egg":2,"minecraft:raw_iron":302,"minecraft:sandstone":68,"minecraft:end_stone":242,"minecraft:stone":99,"minecraft:cookie":390,"minecraft:redstone":124,"minecraft:arrow":32,"minecraft:pumpkin_pie":304,"minecraft:nether_bricks":66,"minecraft:purpur_slab":2,"minecraft:gold_ingot":1,"minecraft:mutton":12,"minecraft:white_wool":8,"minecraft:stripped_oak_log":2,"minecraft:golden_carrot":60,"minecraft:tripwire_hook":13,"minecraft:salmon":2,"minecraft:leather":42,"minecraft:oak_log":239,"minecraft:yellow_bed":3,"minecraft:orange_terracotta":3,"minecraft:apple":324,"minecraft:stone_bricks":88,"minecraft:iron_ingot":61,"minecraft:oak_fence_gate":1,"minecraft:stone_pickaxe":1,"minecraft:glass_bottle":5,"minecraft:book":138,"minecraft:scaffolding":2,"minecraft:oak_slab":10,"minecraft:red_wool":2,"minecraft:dandelion":4,"minecraft:gravel":52,"minecraft:blast_furnace":17,"minecraft:white_bed":14,"minecraft:spider_eye":10,"minecraft:dragon_egg":1,"minecraft:diamond_shovel":2,"minecraft:coal_ore":2,"minecraft:diamond_axe":4,"minecraft:painting":14,"minecraft:coal":315,"minecraft:hopper":15,"minecraft:ender_pearl":21},"minecraft:used":{"minecraft:nether_brick_fence":5,"minecraft:red_sand":2,"minecraft:iron_shovel":128,"minecraft:poppy":1,"minecraft:oak_sign":8,"minecraft:chest":53,"minecraft:shield":34,"minecraft:iron_sword":175,"minecraft:stone":1,"minecraft:nether_bricks":66,"minecraft:obsidian":4,"minecraft:glass":2,"minecraft:lava_bucket":2,"minecraft:birch_sapling":7,"minecraft:grass_block":37,"minecraft:stone_bricks":138,"minecraft:magma_block":1,"minecraft:bow":24,"minecraft:oak_sapling":28,"minecraft:furnace":11,"minecraft:egg":2,"minecraft:golden_boots":1,"minecraft:diorite":1,"minecraft:end_rod":1,"minecraft:diamond_boots":2,"minecraft:stone_pickaxe":57,"minecraft:oak_planks":124,"minecraft:ender_pearl":29,"minecraft:wooden_pickaxe":3,"minecraft:sandstone":1,"minecraft:composter":1,"minecraft:sugar_cane":130,"minecraft:diamond_axe":639,"minecraft:sand":1,"minecraft:blast_furnace":21,"minecraft:end_stone":186,"minecraft:shears":9,"minecraft:lever":10,"minecraft:firework_rocket":34,"minecraft:string":33,"minecraft:lectern":18,"minecraft:gravel":12,"minecraft:diamond_sword":493,"minecraft:grindstone":5,"minecraft:smithing_table":1,"minecraft:oak_boat":6,"minecraft:experience_bottle":36,"minecraft:oak_fence":1,"minecraft:oak_trapdoor":42,"minecraft:rose_bush":2,"minecraft:flint_and_steel":9,"minecraft:redstone":1,"minecraft:ender_chest":4,"minecraft:wooden_shovel":6,"minecraft:netherrack":13,"minecraft:dragon_egg":1,"minecraft:torch":137,"minecraft:brewing_stand":1,"minecraft:dirt":228,"minecraft:hopper":23,"minecraft:diamond_helmet":2,"minecraft:granite":33,"minecraft:bookshelf":73,"minecraft:iron_axe":42,"minecraft:barrel":7,"minecraft:diamond_chestplate":2,"minecraft:tripwire_hook":15,"minecraft:golden_carrot":79,"minecraft:cooked_beef":12,"minecraft:cobbled_deepslate":45,"minecraft:orange_terracotta":3,"minecraft:water_bucket":77,"minecraft:fletching_table":11,"minecraft:stonecutter":1,"minecraft:mossy_cobblestone":2,"minecraft:oak_slab":5,"minecraft:crafting_table":18,"minecraft:white_bed":18,"minecraft:painting":14,"minecraft:oak_log":72,"minecraft:flower_pot":1,"minecraft:ender_eye":32,"minecraft:diamond_pickaxe":1603,"minecraft:diamond_shovel":1232,"minecraft:iron_pickaxe":196,"minecraft:stone_slab":1,"minecraft:purpur_slab":1,"minecraft:stone_axe":72,"minecraft:porkchop":3,"minecraft:cobblestone":476,"minecraft:potion":2,"minecraft:bucket":80,"minecraft:cooked_porkchop":6,"minecraft:yellow_bed":3,"minecraft:diamond_leggings":1},"minecraft:custom":{"minecraft:interact_with_crafting_table":76,"minecraft:open_barrel":51,"minecraft:leave_game":20,"minecraft:time_since_death":648154,"minecraft:sprint_one_cm":1253999,"minecraft:damage_blocked_by_shield":1981,"minecraft:drop":768,"minecraft:talked_to_villager":682,"minecraft:play_time":651949,"minecraft:deaths":4,"minecraft:jump":8083,"minecraft:interact_with_brewingstand":1,"minecraft:walk_on_water_one_cm":349942,"minecraft:enchant_item":74,"minecraft:interact_with_furnace":138,"minecraft:traded_with_villager":4017,"minecraft:sleep_in_bed":17,"minecraft:open_enderchest":24,"minecraft:damage_dealt":47977,"minecraft:player_kills":2,"minecraft:crouch_one_cm":194103,"minecraft:horse_one_cm":6456,"minecraft:interact_with_anvil":19,"minecraft:mob_kills":212,"minecraft:inspect_hopper":16,"minecraft:interact_with_campfire":7,"minecraft:climb_one_cm":698,"minecraft:walk_one_cm":1605494,"minecraft:sneak_time":43455,"minecraft:walk_under_water_one_cm":133946,"minecraft:boat_one_cm":140702,"minecraft:interact_with_blast_furnace":52,"minecraft:total_world_time":651949,"minecraft:pot_flower":1,"minecraft:interact_with_stonecutter":3,"minecraft:interact_with_grindstone":51,"minecraft:time_since_rest":25606,"minecraft:damage_taken":6968,"minecraft:swim_one_cm":57043,"minecraft:fly_one_cm":1646427,"minecraft:open_chest":716,"minecraft:aviate_one_cm":1695035,"minecraft:fall_one_cm":119722},"minecraft:mined":{"minecraft:white_bed":13,"minecraft:obsidian":4,"minecraft:granite":55,"minecraft:red_sand":2,"minecraft:acacia_log":1,"minecraft:grass_block":608,"minecraft:purpur_slab":2,"minecraft:composter":1,"minecraft:hopper":15,"minecraft:oak_wall_sign":4,"minecraft:spawner":1,"minecraft:magma_block":6,"minecraft:iron_ore":74,"minecraft:cobbled_deepslate":21,"minecraft:fire":115,"minecraft:sticky_piston":1,"minecraft:barrel":5,"minecraft:deepslate_lapis_ore":5,"minecraft:fletching_table":6,"minecraft:dirt_path":10,"minecraft:tripwire":30,"minecraft:deepslate_redstone_ore":13,"minecraft:blackstone":3,"minecraft:orange_terracotta":3,"minecraft:torch":16,"minecraft:blast_furnace":16,"minecraft:chest":34,"minecraft:dead_bush":27,"minecraft:glass":2,"minecraft:cobblestone":314,"minecraft:oak_planks":106,"minecraft:grindstone":4,"minecraft:sugar_cane":782,"minecraft:wall_torch":27,"minecraft:seagrass":1,"minecraft:birch_log":67,"minecraft:oak_log":228,"minecraft:oak_fence_gate":1,"minecraft:sand":1,"minecraft:dirt":723,"minecraft:tripwire_hook":6,"minecraft:stonecutter":1,"minecraft:netherrack":17,"minecraft:oak_leaves":83,"minecraft:deepslate":97,"minecraft:tuff":32,"minecraft:mossy_cobblestone":2,"minecraft:deepslate_diamond_ore":11,"minecraft:end_stone":246,"minecraft:nether_bricks":67,"minecraft:lever":1,"minecraft:redstone_wire":1,"minecraft:sandstone":7,"minecraft:redstone_ore":6,"minecraft:oak_trapdoor":32,"minecraft:furnace":23,"minecraft:andesite":2,"minecraft:gold_block":2,"minecraft:nether_brick_fence":5,"minecraft:bookshelf":46,"minecraft:deepslate_iron_ore":68,"minecraft:shroomlight":3,"minecraft:stripped_oak_log":2,"minecraft:chorus_plant":1,"minecraft:stone":472,"minecraft:white_wool":4,"minecraft:ender_chest":3,"minecraft:smithing_table":2,"minecraft:oak_slab":10,"minecraft:observer":2,"minecraft:oak_fence":35,"minecraft:crafting_table":10,"minecraft:short_grass":99,"minecraft:rose_bush":26,"minecraft:lectern":17,"minecraft:stone_slab":1,"minecraft:lightning_rod":1,"minecraft:tall_grass":8,"minecraft:deepslate_gold_ore":31,"minecraft:lapis_ore":15,"minecraft:diorite":2,"minecraft:birch_leaves":6,"minecraft:yellow_bed":3,"minecraft:coal_ore":86,"minecraft:cocoa":1,"minecraft:end_rod":1,"minecraft:gravel":62,"minecraft:cobweb":9,"minecraft:cracked_stone_bricks":1,"minecraft:stone_bricks":90,"minecraft:mossy_stone_bricks":4},"minecraft:crafted":{"minecraft:grindstone":1,"minecraft:smooth_stone":83,"minecraft:oak_planks":2280,"minecraft:chainmail_helmet":12,"minecraft:barrel":2,"minecraft:oak_sign":3,"minecraft:blaze_powder":42,"minecraft:stone":261,"minecraft:lever":1,"minecraft:diamond_shovel":4,"minecraft:bookshelf":77,"minecraft:glass":276,"minecraft:hopper":8,"minecraft:diamond_helmet":2,"minecraft:bow":58,"minecraft:diamond_leggings":2,"minecraft:chest":31,"minecraft:ender_eye":28,"minecraft:stone_bricks":132,"minecraft:golden_boots":1,"minecraft:oak_slab":12,"minecraft:wooden_shovel":1,"minecraft:emerald":2850,"minecraft:cooked_porkchop":26,"minecraft:diamond_axe":3,"minecraft:crafting_table":7,"minecraft:wooden_pickaxe":2,"minecraft:iron_helmet":1,"minecraft:fletching_table":5,"minecraft:birch_planks":856,"minecraft:brewing_stand":1,"minecraft:apple":704,"minecraft:lectern":1,"minecraft:iron_chestplate":1,"minecraft:book":13,"minecraft:paper":801,"minecraft:diamond_pickaxe":6,"minecraft:shield":1,"minecraft:stick":4584,"minecraft:stone_slab":54,"minecraft:iron_ingot":272,"minecraft:iron_pickaxe":1,"minecraft:gold_ingot":89,"minecraft:shears":2,"minecraft:golden_carrot":432,"minecraft:cookie":216,"minecraft:redstone":96,"minecraft:tripwire_hook":2,"minecraft:experience_bottle":36,"minecraft:furnace":10,"minecraft:blast_furnace":8,"minecraft:oak_trapdoor":26,"minecraft:stone_stairs":120,"minecraft:iron_axe":1,"minecraft:ender_pearl":60,"minecraft:stone_pickaxe":1,"minecraft:diamond_boots":2,"minecraft:cooked_beef":23,"minecraft:crossbow":12,"minecraft:diamond_sword":4,"minecraft:iron_sword":1,"minecraft:bucket":1,"minecraft:stone_axe":1,"minecraft:glowstone":24,"minecraft:enchanted_book":10,"minecraft:bread":1152,"minecraft:air":0,"minecraft:oak_boat":74,"minecraft:white_wool":64,"minecraft:chainmail_boots":12,"minecraft:iron_shovel":1,"minecraft:iron_leggings":1,"minecraft:white_bed":8,"minecraft:pumpkin_pie":528,"minecraft:acacia_planks":4,"minecraft:torch":68,"minecraft:lapis_lazuli":72,"minecraft:firework_rocket":48,"minecraft:diamond_chestplate":2,"minecraft:ender_chest":2},"minecraft:dropped":{"minecraft:iron_sword":1,"minecraft:birch_planks":12,"minecraft:lapis_lazuli":37,"minecraft:diamond_axe":4,"minecraft:cooked_beef":1,"minecraft:oak_log":16,"minecraft:chorus_fruit":9,"minecraft:glass_bottle":7,"minecraft:cooked_porkchop":1,"minecraft:crossbow":5,"minecraft:cookie":174,"minecraft:leather":1,"minecraft:red_wool":2,"minecraft:flint":2,"minecraft:emerald":226,"minecraft:dirt":1147,"minecraft:mutton":9,"minecraft:gold_nugget":15,"minecraft:pumpkin_pie":64,"minecraft:sand":1,"minecraft:iron_pickaxe":1,"minecraft:white_wool":4,"minecraft:bone":4,"minecraft:gravel":7,"minecraft:stone_axe":1,"minecraft:blackstone":6,"minecraft:sugar_cane":1,"minecraft:lever":2,"minecraft:cobbled_deepslate":5,"minecraft:obsidian":3,"minecraft:rotten_flesh":51,"minecraft:oak_planks":89,"minecraft:diamond_shovel":4,"minecraft:blaze_powder":4,"minecraft:white_bed":3,"minecraft:salmon":3,"minecraft:poppy":15,"minecraft:coal_ore":2,"minecraft:glowstone":12,"minecraft:chainmail_boots":12,"minecraft:arrow":13,"minecraft:glass":144,"minecraft:beef":19,"minecraft:scaffolding":3,"minecraft:netherrack":16,"minecraft:iron_ingot":1,"minecraft:bread":1056,"minecraft:oak_slab":6,"minecraft:wheat_seeds":28,"minecraft:mossy_cobblestone":2,"minecraft:smithing_table":1,"minecraft:bookshelf":3,"minecraft:purpur_slab":1,"minecraft:cobblestone":142,"minecraft:apple":2,"minecraft:granite":18,"minecraft:chainmail_helmet":12,"minecraft:grass_block":565,"minecraft:stick":3,"minecraft:oxeye_daisy":1,"minecraft:diorite":6,"minecraft:golden_carrot":79,"minecraft:ink_sac":4,"minecraft:torch":3,"minecraft:rose_bush":24,"minecraft:oak_stairs":3,"minecraft:iron_axe":1,"minecraft:paper":3,"minecraft:string":15184,"minecraft:bucket":1,"minecraft:dandelion":4,"minecraft:redstone":7,"minecraft:furnace":6,"minecraft:anvil":1,"minecraft:oak_trapdoor":2,"minecraft:cocoa_beans":3,"minecraft:tuff":12,"minecraft:light_gray_wool":1,"minecraft:oak_sign":10,"minecraft:shears":1,"minecraft:blast_furnace":5,"minecraft:potato":4,"minecraft:cobblestone_slab":5,"minecraft:shroomlight":2,"minecraft:stone":89,"minecraft:shield":1,"minecraft:diamond_pickaxe":1,"minecraft:andesite":2,"minecraft:mossy_stone_bricks":2,"minecraft:oak_sapling":9,"minecraft:oak_boat":9,"minecraft:wooden_shovel":2,"minecraft:golden_sword":13,"minecraft:spider_eye":10,"minecraft:barrel":1,"minecraft:stone_bricks":10,"minecraft:sandstone":3,"minecraft:bow":42,"minecraft:stone_pickaxe":2,"minecraft:wooden_pickaxe":3,"minecraft:magma_block":8},"minecraft:killed":{"minecraft:zombified_piglin":11,"minecraft:witch":1,"minecraft:spider":12,"minecraft:shulker":14,"minecraft:skeleton":18,"minecraft:pig":21,"minecraft:zombie_villager":1,"minecraft:iron_golem":14,"minecraft:ender_dragon":1,"minecraft:creeper":1,"minecraft:sheep":6,"minecraft:trader_llama":2,"minecraft:zombie":27,"minecraft:blaze":28,"minecraft:cow":15,"minecraft:horse":6,"minecraft:wither_skeleton":9,"minecraft:villager":10,"minecraft:enderman":11},"minecraft:killed_by":{"minecraft:player":3,"minecraft:skeleton":1}},"DataVersion":3953}