{"stats":{"minecraft:used":{"minecraft:wheat_seeds":343,"minecraft:iron_sword":13,"minecraft:netherrack":65,"minecraft:dirt":5,"minecraft:carrot":9,"minecraft:diamond_pickaxe":318,"minecraft:iron_axe":40,"minecraft:bread":30,"minecraft:crimson_roots":4,"minecraft:diamond_sword":72,"minecraft:crimson_fungus":1},"minecraft:crafted":{"minecraft:oak_planks":60,"minecraft:diamond_sword":1,"minecraft:emerald":7,"minecraft:iron_helmet":1,"minecraft:bread":27,"minecraft:apple":12,"minecraft:iron_boots":1,"minecraft:iron_chestplate":1,"minecraft:diamond_pickaxe":1,"minecraft:iron_axe":1,"minecraft:stick":28,"minecraft:iron_leggings":1},"minecraft:dropped":{"minecraft:crimson_stem":22,"minecraft:wheat_seeds":2,"minecraft:blaze_rod":11,"minecraft:diamond_leggings":1,"minecraft:weeping_vines":1,"minecraft:diamond_shovel":1,"minecraft:apple":12,"minecraft:nether_brick_fence":54,"minecraft:nether_bricks":3,"minecraft:carrot":18,"minecraft:poppy":2,"minecraft:dirt":5,"minecraft:tipped_arrow":29,"minecraft:torch":19,"minecraft:diamond_chestplate":1,"minecraft:crimson_roots":3,"minecraft:diamond_helmet":1,"minecraft:golden_sword":1,"minecraft:iron_axe":1,"minecraft:arrow":4,"minecraft:quartz":14,"minecraft:netherrack":1092},"minecraft:killed":{"minecraft:piglin":5,"minecraft:iron_golem":1,"minecraft:hoglin":1,"minecraft:skeleton":4,"minecraft:blaze":13},"minecraft:mined":{"minecraft:nether_gold_ore":12,"minecraft:crimson_nylium":5,"minecraft:nether_bricks":2,"minecraft:short_grass":12,"minecraft:grass_block":2,"minecraft:crimson_roots":10,"minecraft:weeping_vines":2,"minecraft:nether_quartz_ore":104,"minecraft:tall_grass":7,"minecraft:sugar_cane":18,"minecraft:crimson_fungus":1,"minecraft:crimson_stem":22,"minecraft:carrots":8,"minecraft:wheat":345,"minecraft:fire":2,"minecraft:oak_log":15,"minecraft:dirt_path":1,"minecraft:dirt":3,"minecraft:netherrack":195,"minecraft:oak_leaves":1},"minecraft:custom":{"minecraft:interact_with_furnace":3,"minecraft:mob_kills":24,"minecraft:traded_with_villager":14,"minecraft:interact_with_crafting_table":3,"minecraft:open_barrel":8,"minecraft:time_since_death":17536,"minecraft:climb_one_cm":318,"minecraft:time_since_rest":17626,"minecraft:sprint_one_cm":130714,"minecraft:damage_taken":1601,"minecraft:walk_one_cm":221949,"minecraft:drop":47,"minecraft:damage_dealt":4746,"minecraft:swim_one_cm":5721,"minecraft:talked_to_villager":7,"minecraft:fly_one_cm":138582,"minecraft:open_chest":90,"minecraft:crouch_one_cm":8148,"minecraft:play_time":48922,"minecraft:deaths":1,"minecraft:sneak_time":2244,"minecraft:walk_under_water_one_cm":642,"minecraft:boat_one_cm":22379,"minecraft:jump":3112,"minecraft:walk_on_water_one_cm":6767,"minecraft:total_world_time":48922,"minecraft:fall_one_cm":25167},"minecraft:picked_up":{"minecraft:wheat":251,"minecraft:nether_brick_fence":54,"minecraft:water_bucket":1,"minecraft:crimson_stem":36,"minecraft:crimson_fungus":1,"minecraft:oak_log":15,"minecraft:golden_sword":1,"minecraft:shield":1,"minecraft:dirt":10,"minecraft:iron_axe":2,"minecraft:bone":4,"minecraft:diamond_leggings":2,"minecraft:wheat_seeds":764,"minecraft:gold_nugget":57,"minecraft:iron_ingot":7,"minecraft:diamond_helmet":2,"minecraft:poppy":2,"minecraft:sugar_cane":35,"minecraft:iron_sword":1,"minecraft:tipped_arrow":58,"minecraft:torch":38,"minecraft:quartz":124,"minecraft:porkchop":3,"minecraft:carrot":27,"minecraft:diamond_chestplate":2,"minecraft:diamond_shovel":2,"minecraft:arrow":4,"minecraft:weeping_vines":1,"minecraft:nether_bricks":59,"minecraft:diamond_boots":1,"minecraft:crossbow":1,"minecraft:bread":43,"minecraft:blaze_rod":25,"minecraft:netherrack":2113,"minecraft:crimson_roots":7,"minecraft:diamond_pickaxe":1}},"DataVersion":3953}