{"stats":{"minecraft:killed":{"minecraft:spider":1,"minecraft:skeleton":2,"minecraft:iron_golem":1,"minecraft:creeper":1,"minecraft:sheep":3,"minecraft:zombie":6,"minecraft:cow":3},"minecraft:custom":{"minecraft:interact_with_smithing_table":1,"minecraft:mob_kills":18,"minecraft:inspect_hopper":2,"minecraft:interact_with_crafting_table":22,"minecraft:leave_game":3,"minecraft:time_since_death":9965,"minecraft:climb_one_cm":2452,"minecraft:sprint_one_cm":203011,"minecraft:walk_one_cm":166545,"minecraft:damage_blocked_by_shield":362,"minecraft:drop":48,"minecraft:talked_to_villager":24,"minecraft:play_time":70156,"minecraft:deaths":2,"minecraft:sneak_time":6863,"minecraft:walk_under_water_one_cm":17004,"minecraft:jump":1680,"minecraft:interact_with_blast_furnace":19,"minecraft:walk_on_water_one_cm":18287,"minecraft:total_world_time":70156,"minecraft:interact_with_furnace":1,"minecraft:traded_with_villager":33,"minecraft:sleep_in_bed":3,"minecraft:time_since_rest":7294,"minecraft:damage_taken":1808,"minecraft:damage_dealt":3623,"minecraft:swim_one_cm":43261,"minecraft:fly_one_cm":223540,"minecraft:open_chest":27,"minecraft:crouch_one_cm":21868,"minecraft:fall_one_cm":50114},"minecraft:killed_by":{"minecraft:player":1},"minecraft:crafted":{"minecraft:oak_planks":104,"minecraft:iron_boots":1,"minecraft:iron_axe":1,"minecraft:stone_pickaxe":10,"minecraft:chest":1,"minecraft:stone_hoe":1,"minecraft:wheat":207,"minecraft:emerald":22,"minecraft:crafting_table":2,"minecraft:spruce_planks":216,"minecraft:wooden_pickaxe":1,"minecraft:iron_helmet":1,"minecraft:iron_sword":1,"minecraft:smithing_table":1,"minecraft:fletching_table":2,"minecraft:bucket":1,"minecraft:stone_axe":1,"minecraft:bread":73,"minecraft:air":0,"minecraft:iron_chestplate":1,"minecraft:shield":1,"minecraft:stick":540,"minecraft:iron_ingot":42,"minecraft:iron_pickaxe":1,"minecraft:snow_block":16,"minecraft:iron_leggings":1,"minecraft:torch":44},"minecraft:used":{"minecraft:chest":1,"minecraft:shield":8,"minecraft:iron_sword":23,"minecraft:bell":1,"minecraft:stone_hoe":10,"minecraft:rotten_flesh":1,"minecraft:iron_chestplate":1,"minecraft:torch":52,"minecraft:dirt":11,"minecraft:iron_axe":172,"minecraft:iron_leggings":1,"minecraft:snow_block":1,"minecraft:stone_pickaxe":111,"minecraft:wooden_pickaxe":3,"minecraft:fletching_table":8,"minecraft:crafting_table":8,"minecraft:blast_furnace":6,"minecraft:cornflower":1,"minecraft:bread":34,"minecraft:iron_pickaxe":106,"minecraft:stone_slab":1,"minecraft:spruce_sapling":1,"minecraft:stone_axe":75,"minecraft:cobblestone":89,"minecraft:smithing_table":1,"minecraft:bucket":1},"minecraft:mined":{"minecraft:spruce_planks":17,"minecraft:white_bed":5,"minecraft:grass_block":6,"minecraft:spruce_leaves":2,"minecraft:composter":3,"minecraft:hay_block":23,"minecraft:iron_ore":42,"minecraft:andesite":2,"minecraft:fletching_table":8,"minecraft:bell":1,"minecraft:bookshelf":4,"minecraft:dirt_path":2,"minecraft:stripped_oak_log":1,"minecraft:stone":97,"minecraft:oak_fence":9,"minecraft:crafting_table":7,"minecraft:cornflower":1,"minecraft:short_grass":6,"minecraft:blast_furnace":6,"minecraft:emerald_ore":1,"minecraft:stone_slab":1,"minecraft:tall_grass":8,"minecraft:cobblestone":5,"minecraft:oak_planks":2,"minecraft:stripped_oak_wood":3,"minecraft:spruce_log":143,"minecraft:oak_log":25,"minecraft:coal_ore":65,"minecraft:dirt":3,"minecraft:loom":1,"minecraft:gravel":18,"minecraft:oak_leaves":3},"minecraft:dropped":{"minecraft:stone_hoe":3,"minecraft:wheat_seeds":3,"minecraft:loom":2,"minecraft:oak_fence":9,"minecraft:rail":3,"minecraft:flint":2,"minecraft:dirt":4,"minecraft:snowball":80,"minecraft:stripped_oak_wood":1,"minecraft:string":1,"minecraft:snow_block":15,"minecraft:gravel":14,"minecraft:wheat":2,"minecraft:rotten_flesh":8,"minecraft:white_bed":1,"minecraft:oak_sign":5,"minecraft:shears":1,"minecraft:oak_button":19,"minecraft:andesite":2,"minecraft:stone_pickaxe":10,"minecraft:wooden_pickaxe":1},"minecraft:picked_up":{"minecraft:crafting_table":8,"minecraft:iron_chestplate":1,"minecraft:stone_slab":1,"minecraft:shield":1,"minecraft:cornflower":1,"minecraft:string":1,"minecraft:iron_axe":1,"minecraft:iron_leggings":1,"minecraft:spruce_planks":202,"minecraft:beef":1,"minecraft:iron_pickaxe":1,"minecraft:iron_boots":1,"minecraft:raw_iron":42,"minecraft:stick":71,"minecraft:composter":3,"minecraft:oak_fence":9,"minecraft:torch":12,"minecraft:rotten_flesh":9,"minecraft:shears":1,"minecraft:hay_block":23,"minecraft:mutton":6,"minecraft:cobblestone":99,"minecraft:rail":3,"minecraft:snowball":144,"minecraft:white_wool":3,"minecraft:stripped_oak_log":1,"minecraft:andesite":2,"minecraft:leather":3,"minecraft:flint":6,"minecraft:oak_log":23,"minecraft:dirt":99,"minecraft:wheat_seeds":3,"minecraft:bell":1,"minecraft:iron_ingot":5,"minecraft:stripped_oak_wood":3,"minecraft:fletching_table":7,"minecraft:stone_hoe":3,"minecraft:iron_sword":1,"minecraft:oak_planks":41,"minecraft:book":24,"minecraft:oak_slab":4,"minecraft:gravel":14,"minecraft:spruce_sapling":1,"minecraft:blast_furnace":6,"minecraft:spruce_log":143,"minecraft:white_bed":6,"minecraft:loom":2,"minecraft:iron_helmet":1,"minecraft:emerald":1,"minecraft:oak_button":21,"minecraft:coal":149}},"DataVersion":3953}