{"stats":{"minecraft:picked_up":{"minecraft:flower_pot":1,"minecraft:anvil":1,"minecraft:smithing_table":2,"minecraft:stone_slab":1,"minecraft:potion":2,"minecraft:golden_sword":13,"minecraft:string":37723,"minecraft:sticky_piston":1,"minecraft:shroomlight":2,"minecraft:oak_sign":13,"minecraft:cobbled_deepslate":122,"minecraft:red_sand":2,"minecraft:gold_nugget":6,"minecraft:smooth_stone":22,"minecraft:rose_bush":26,"minecraft:cobblestone_slab":4,"minecraft:wooden_shovel":1,"minecraft:furnace":26,"minecraft:stick":47,"minecraft:composter":1,"minecraft:oak_fence":35,"minecraft:torch":53,"minecraft:acacia_log":1,"minecraft:porkchop":39,"minecraft:lightning_rod":1,"minecraft:diorite":7,"minecraft:rotten_flesh":47,"minecraft:obsidian":2,"minecraft:cobblestone":968,"minecraft:birch_log":67,"minecraft:magma_block":9,"minecraft:cooked_beef":1,"minecraft:andesite":2,"minecraft:potato":4,"minecraft:flint":16,"minecraft:tuff":33,"minecraft:lapis_lazuli":238,"minecraft:dirt":1945,"minecraft:glass":2,"minecraft:bone":16,"minecraft:stonecutter":1,"minecraft:bow":21,"minecraft:wheat_seeds":20,"minecraft:raw_gold":67,"minecraft:grindstone":3,"minecraft:oak_planks":174,"minecraft:cooked_porkchop":11,"minecraft:sand":2,"minecraft:ink_sac":4,"minecraft:grass_block":598,"minecraft:barrel":5,"minecraft:mossy_cobblestone":2,"minecraft:diamond":21,"minecraft:lever":10,"minecraft:granite":56,"minecraft:emerald":5,"minecraft:oak_sapling":35,"minecraft:netherrack":28,"minecraft:crafting_table":8,"minecraft:gold_block":2,"minecraft:oak_trapdoor":29,"minecraft:flint_and_steel":1,"minecraft:blackstone":6,"minecraft:beef":26,"minecraft:oak_boat":9,"minecraft:observer":2,"minecraft:poppy":16,"minecraft:light_gray_wool":1,"minecraft:lectern":5,"minecraft:sugar_cane":1378,"minecraft:chest":34,"minecraft:birch_sapling":7,"minecraft:egg":2,"minecraft:raw_iron":302,"minecraft:stone":54,"minecraft:cookie":342,"minecraft:redstone":123,"minecraft:arrow":18,"minecraft:pumpkin_pie":240,"minecraft:gold_ingot":1,"minecraft:mutton":12,"minecraft:white_wool":4,"minecraft:stripped_oak_log":2,"minecraft:golden_carrot":26,"minecraft:tripwire_hook":13,"minecraft:salmon":2,"minecraft:leather":19,"minecraft:oak_log":228,"minecraft:yellow_bed":3,"minecraft:orange_terracotta":3,"minecraft:apple":324,"minecraft:stone_bricks":80,"minecraft:oak_fence_gate":1,"minecraft:stone_pickaxe":1,"minecraft:iron_ingot":61,"minecraft:glass_bottle":5,"minecraft:book":138,"minecraft:scaffolding":2,"minecraft:oak_slab":10,"minecraft:red_wool":2,"minecraft:dandelion":4,"minecraft:gravel":52,"minecraft:blast_furnace":17,"minecraft:white_bed":11,"minecraft:spider_eye":8,"minecraft:diamond_shovel":1,"minecraft:diamond_axe":3,"minecraft:painting":14,"minecraft:coal":297,"minecraft:hopper":15},"minecraft:used":{"minecraft:red_sand":2,"minecraft:iron_shovel":128,"minecraft:poppy":1,"minecraft:oak_sign":8,"minecraft:chest":53,"minecraft:shield":34,"minecraft:stone":1,"minecraft:iron_sword":175,"minecraft:glass":2,"minecraft:lava_bucket":2,"minecraft:grass_block":35,"minecraft:birch_sapling":7,"minecraft:stone_bricks":138,"minecraft:magma_block":1,"minecraft:bow":7,"minecraft:furnace":11,"minecraft:oak_sapling":28,"minecraft:egg":2,"minecraft:golden_boots":1,"minecraft:diorite":1,"minecraft:diamond_boots":2,"minecraft:stone_pickaxe":57,"minecraft:oak_planks":103,"minecraft:wooden_pickaxe":3,"minecraft:composter":1,"minecraft:sugar_cane":130,"minecraft:diamond_axe":600,"minecraft:sand":1,"minecraft:blast_furnace":21,"minecraft:shears":9,"minecraft:lever":10,"minecraft:string":31,"minecraft:lectern":5,"minecraft:gravel":12,"minecraft:diamond_sword":194,"minecraft:grindstone":4,"minecraft:smithing_table":1,"minecraft:oak_boat":1,"minecraft:oak_fence":1,"minecraft:oak_trapdoor":38,"minecraft:rose_bush":2,"minecraft:flint_and_steel":4,"minecraft:wooden_shovel":6,"minecraft:netherrack":12,"minecraft:torch":129,"minecraft:dirt":226,"minecraft:hopper":23,"minecraft:diamond_helmet":2,"minecraft:granite":33,"minecraft:bookshelf":73,"minecraft:iron_axe":42,"minecraft:barrel":7,"minecraft:diamond_chestplate":2,"minecraft:tripwire_hook":15,"minecraft:golden_carrot":41,"minecraft:cooked_beef":12,"minecraft:cobbled_deepslate":45,"minecraft:orange_terracotta":3,"minecraft:water_bucket":67,"minecraft:fletching_table":5,"minecraft:stonecutter":1,"minecraft:mossy_cobblestone":2,"minecraft:oak_slab":5,"minecraft:crafting_table":16,"minecraft:white_bed":17,"minecraft:painting":14,"minecraft:oak_log":72,"minecraft:flower_pot":1,"minecraft:diamond_pickaxe":1170,"minecraft:diamond_shovel":1210,"minecraft:iron_pickaxe":196,"minecraft:stone_slab":1,"minecraft:stone_axe":72,"minecraft:cobblestone":368,"minecraft:potion":2,"minecraft:porkchop":3,"minecraft:cooked_porkchop":6,"minecraft:bucket":70,"minecraft:yellow_bed":3,"minecraft:diamond_leggings":1},"minecraft:custom":{"minecraft:interact_with_crafting_table":69,"minecraft:open_barrel":44,"minecraft:leave_game":16,"minecraft:time_since_death":512262,"minecraft:sprint_one_cm":963990,"minecraft:damage_blocked_by_shield":1981,"minecraft:drop":613,"minecraft:talked_to_villager":489,"minecraft:play_time":516029,"minecraft:deaths":4,"minecraft:jump":5933,"minecraft:walk_on_water_one_cm":195020,"minecraft:enchant_item":43,"minecraft:interact_with_furnace":138,"minecraft:traded_with_villager":2982,"minecraft:sleep_in_bed":13,"minecraft:damage_dealt":27189,"minecraft:player_kills":2,"minecraft:crouch_one_cm":141574,"minecraft:horse_one_cm":6456,"minecraft:mob_kills":128,"minecraft:interact_with_anvil":13,"minecraft:inspect_hopper":16,"minecraft:interact_with_campfire":7,"minecraft:climb_one_cm":104,"minecraft:walk_one_cm":1272957,"minecraft:sneak_time":33232,"minecraft:walk_under_water_one_cm":99251,"minecraft:boat_one_cm":140,"minecraft:interact_with_blast_furnace":51,"minecraft:total_world_time":516029,"minecraft:pot_flower":1,"minecraft:interact_with_grindstone":42,"minecraft:interact_with_stonecutter":3,"minecraft:time_since_rest":2205,"minecraft:damage_taken":4205,"minecraft:swim_one_cm":43875,"minecraft:fly_one_cm":1147992,"minecraft:open_chest":566,"minecraft:fall_one_cm":59799},"minecraft:mined":{"minecraft:white_bed":13,"minecraft:granite":55,"minecraft:red_sand":2,"minecraft:acacia_log":1,"minecraft:grass_block":604,"minecraft:composter":1,"minecraft:hopper":15,"minecraft:oak_wall_sign":4,"minecraft:magma_block":6,"minecraft:cobbled_deepslate":21,"minecraft:fire":4,"minecraft:iron_ore":74,"minecraft:sticky_piston":1,"minecraft:barrel":5,"minecraft:deepslate_lapis_ore":5,"minecraft:dirt_path":10,"minecraft:tripwire":27,"minecraft:deepslate_redstone_ore":13,"minecraft:blackstone":3,"minecraft:orange_terracotta":3,"minecraft:torch":16,"minecraft:blast_furnace":16,"minecraft:chest":34,"minecraft:dead_bush":27,"minecraft:glass":2,"minecraft:cobblestone":284,"minecraft:grindstone":3,"minecraft:sugar_cane":782,"minecraft:oak_planks":106,"minecraft:wall_torch":27,"minecraft:birch_log":67,"minecraft:oak_log":217,"minecraft:oak_fence_gate":1,"minecraft:sand":1,"minecraft:dirt":708,"minecraft:tripwire_hook":6,"minecraft:stonecutter":1,"minecraft:netherrack":16,"minecraft:oak_leaves":82,"minecraft:deepslate":97,"minecraft:tuff":32,"minecraft:mossy_cobblestone":2,"minecraft:deepslate_diamond_ore":11,"minecraft:lever":1,"minecraft:redstone_ore":6,"minecraft:oak_trapdoor":32,"minecraft:furnace":23,"minecraft:andesite":2,"minecraft:gold_block":2,"minecraft:bookshelf":46,"minecraft:deepslate_iron_ore":68,"minecraft:shroomlight":3,"minecraft:stripped_oak_log":2,"minecraft:stone":425,"minecraft:smithing_table":2,"minecraft:oak_slab":10,"minecraft:observer":2,"minecraft:oak_fence":35,"minecraft:crafting_table":8,"minecraft:short_grass":94,"minecraft:rose_bush":26,"minecraft:lectern":5,"minecraft:stone_slab":1,"minecraft:lightning_rod":1,"minecraft:tall_grass":8,"minecraft:lapis_ore":15,"minecraft:deepslate_gold_ore":31,"minecraft:diorite":2,"minecraft:birch_leaves":5,"minecraft:yellow_bed":3,"minecraft:coal_ore":84,"minecraft:gravel":62,"minecraft:cobweb":9,"minecraft:stone_bricks":80},"minecraft:crafted":{"minecraft:grindstone":1,"minecraft:oak_planks":1972,"minecraft:smooth_stone":83,"minecraft:oak_sign":3,"minecraft:barrel":2,"minecraft:stone":261,"minecraft:lever":1,"minecraft:diamond_shovel":4,"minecraft:bookshelf":76,"minecraft:glass":180,"minecraft:hopper":8,"minecraft:bow":56,"minecraft:diamond_helmet":2,"minecraft:diamond_leggings":2,"minecraft:chest":31,"minecraft:stone_bricks":132,"minecraft:golden_boots":1,"minecraft:oak_slab":6,"minecraft:wooden_shovel":1,"minecraft:emerald":2210,"minecraft:cooked_porkchop":26,"minecraft:diamond_axe":2,"minecraft:crafting_table":5,"minecraft:wooden_pickaxe":2,"minecraft:iron_helmet":1,"minecraft:fletching_table":5,"minecraft:birch_planks":844,"minecraft:apple":576,"minecraft:iron_chestplate":1,"minecraft:book":13,"minecraft:paper":801,"minecraft:diamond_pickaxe":6,"minecraft:shield":1,"minecraft:stick":4584,"minecraft:stone_slab":54,"minecraft:iron_ingot":272,"minecraft:iron_pickaxe":1,"minecraft:gold_ingot":89,"minecraft:shears":2,"minecraft:golden_carrot":396,"minecraft:cookie":216,"minecraft:tripwire_hook":2,"minecraft:furnace":10,"minecraft:blast_furnace":8,"minecraft:oak_trapdoor":14,"minecraft:stone_stairs":120,"minecraft:iron_axe":1,"minecraft:stone_pickaxe":1,"minecraft:diamond_boots":2,"minecraft:cooked_beef":23,"minecraft:crossbow":12,"minecraft:diamond_sword":4,"minecraft:iron_sword":1,"minecraft:bucket":1,"minecraft:stone_axe":1,"minecraft:enchanted_book":7,"minecraft:bread":960,"minecraft:air":0,"minecraft:oak_boat":72,"minecraft:white_wool":64,"minecraft:iron_shovel":1,"minecraft:iron_leggings":1,"minecraft:white_bed":8,"minecraft:pumpkin_pie":432,"minecraft:acacia_planks":4,"minecraft:torch":60,"minecraft:diamond_chestplate":2},"minecraft:dropped":{"minecraft:iron_sword":1,"minecraft:diamond_axe":3,"minecraft:lapis_lazuli":37,"minecraft:cooked_beef":1,"minecraft:oak_log":16,"minecraft:glass_bottle":7,"minecraft:cooked_porkchop":1,"minecraft:cookie":126,"minecraft:leather":1,"minecraft:red_wool":2,"minecraft:flint":2,"minecraft:emerald":40,"minecraft:dirt":1133,"minecraft:mutton":9,"minecraft:gold_nugget":14,"minecraft:sand":1,"minecraft:iron_pickaxe":1,"minecraft:white_wool":3,"minecraft:gravel":7,"minecraft:stone_axe":1,"minecraft:blackstone":6,"minecraft:sugar_cane":1,"minecraft:lever":2,"minecraft:cobbled_deepslate":5,"minecraft:obsidian":2,"minecraft:rotten_flesh":46,"minecraft:oak_planks":89,"minecraft:diamond_shovel":2,"minecraft:white_bed":1,"minecraft:salmon":3,"minecraft:poppy":15,"minecraft:arrow":6,"minecraft:glass":48,"minecraft:beef":3,"minecraft:scaffolding":3,"minecraft:netherrack":16,"minecraft:iron_ingot":1,"minecraft:bread":736,"minecraft:oak_slab":4,"minecraft:wheat_seeds":27,"minecraft:mossy_cobblestone":2,"minecraft:smithing_table":1,"minecraft:bookshelf":3,"minecraft:cobblestone":139,"minecraft:apple":2,"minecraft:granite":18,"minecraft:grass_block":563,"minecraft:stick":3,"minecraft:oxeye_daisy":1,"minecraft:diorite":6,"minecraft:golden_carrot":65,"minecraft:ink_sac":4,"minecraft:torch":3,"minecraft:rose_bush":24,"minecraft:oak_stairs":3,"minecraft:iron_axe":1,"minecraft:string":12767,"minecraft:bucket":1,"minecraft:dandelion":4,"minecraft:redstone":7,"minecraft:furnace":6,"minecraft:anvil":1,"minecraft:oak_trapdoor":2,"minecraft:tuff":12,"minecraft:light_gray_wool":1,"minecraft:oak_sign":10,"minecraft:shears":1,"minecraft:blast_furnace":5,"minecraft:potato":4,"minecraft:cobblestone_slab":5,"minecraft:shroomlight":2,"minecraft:stone":44,"minecraft:shield":1,"minecraft:diamond_pickaxe":1,"minecraft:andesite":2,"minecraft:oak_sapling":8,"minecraft:oak_boat":8,"minecraft:wooden_shovel":2,"minecraft:golden_sword":13,"minecraft:spider_eye":8,"minecraft:stone_bricks":2,"minecraft:bow":22,"minecraft:stone_pickaxe":2,"minecraft:wooden_pickaxe":3,"minecraft:magma_block":8},"minecraft:killed":{"minecraft:zombified_piglin":10,"minecraft:witch":1,"minecraft:spider":11,"minecraft:skeleton":14,"minecraft:pig":21,"minecraft:zombie_villager":1,"minecraft:iron_golem":14,"minecraft:sheep":6,"minecraft:trader_llama":2,"minecraft:zombie":25,"minecraft:cow":11,"minecraft:villager":9},"minecraft:killed_by":{"minecraft:player":3,"minecraft:skeleton":1}},"DataVersion":3953}