{"stats":{"minecraft:dropped":{"minecraft:iron_ingot":1,"minecraft:stone_hoe":3,"minecraft:bread":92,"minecraft:wheat_seeds":57,"minecraft:oak_pressure_plate":2,"minecraft:loom":2,"minecraft:mossy_cobblestone":2,"minecraft:oak_fence":20,"minecraft:cookie":288,"minecraft:iron_helmet":1,"minecraft:cobblestone":20,"minecraft:lantern":24,"minecraft:granite":1,"minecraft:coal":46,"minecraft:rail":3,"minecraft:stick":100,"minecraft:flint":2,"minecraft:oxeye_daisy":1,"minecraft:dirt":88,"minecraft:diorite":2,"minecraft:torch":1,"minecraft:cornflower":4,"minecraft:snowball":80,"minecraft:iron_leggings":1,"minecraft:oak_stairs":5,"minecraft:stonecutter":1,"minecraft:bone_meal":2,"minecraft:iron_axe":41,"minecraft:iron_pickaxe":1,"minecraft:stripped_oak_wood":1,"minecraft:iron_shovel":1,"minecraft:string":2,"minecraft:white_wool":1,"minecraft:spruce_sapling":13,"minecraft:bone":5,"minecraft:dandelion":16,"minecraft:redstone":17,"minecraft:snow_block":15,"minecraft:gravel":14,"minecraft:cobbled_deepslate":15,"minecraft:wheat":2,"minecraft:stone_shovel":21,"minecraft:tuff":3,"minecraft:rotten_flesh":27,"minecraft:oak_planks":2,"minecraft:iron_boots":1,"minecraft:suspicious_stew":12,"minecraft:oak_sign":5,"minecraft:white_bed":1,"minecraft:shears":1,"minecraft:poppy":39,"minecraft:oak_button":19,"minecraft:andesite":2,"minecraft:iron_chestplate":1,"minecraft:spider_eye":1,"minecraft:spruce_log":65,"minecraft:wooden_pickaxe":1,"minecraft:arrow":199,"minecraft:bow":3,"minecraft:stone_pickaxe":10},"minecraft:killed_by":{"minecraft:player":1},"minecraft:killed":{"minecraft:cave_spider":1,"minecraft:spider":5,"minecraft:skeleton":13,"minecraft:pig":9,"minecraft:iron_golem":12,"minecraft:creeper":1,"minecraft:sheep":3,"minecraft:zombie":26,"minecraft:donkey":1,"minecraft:villager":1,"minecraft:cow":13},"minecraft:custom":{"minecraft:interact_with_smithing_table":1,"minecraft:mob_kills":88,"minecraft:interact_with_anvil":2,"minecraft:animals_bred":3,"minecraft:inspect_hopper":2,"minecraft:interact_with_crafting_table":54,"minecraft:bell_ring":21,"minecraft:leave_game":6,"minecraft:time_since_death":236463,"minecraft:climb_one_cm":2452,"minecraft:sprint_one_cm":746840,"minecraft:walk_one_cm":756191,"minecraft:damage_blocked_by_shield":1569,"minecraft:drop":299,"minecraft:talked_to_villager":185,"minecraft:play_time":296654,"minecraft:deaths":2,"minecraft:sneak_time":30996,"minecraft:walk_under_water_one_cm":39298,"minecraft:boat_one_cm":2024,"minecraft:jump":5931,"minecraft:interact_with_blast_furnace":19,"minecraft:walk_on_water_one_cm":30164,"minecraft:enchant_item":12,"minecraft:total_world_time":296654,"minecraft:interact_with_furnace":27,"minecraft:traded_with_villager":820,"minecraft:interact_with_grindstone":13,"minecraft:interact_with_stonecutter":1,"minecraft:sleep_in_bed":15,"minecraft:time_since_rest":4253,"minecraft:damage_taken":4028,"minecraft:damage_dealt":23330,"minecraft:swim_one_cm":67106,"minecraft:fly_one_cm":943019,"minecraft:open_chest":171,"minecraft:crouch_one_cm":96143,"minecraft:fall_one_cm":142464},"minecraft:used":{"minecraft:oak_fence":25,"minecraft:iron_shovel":729,"minecraft:stone_shovel":182,"minecraft:poppy":1,"minecraft:chest":3,"minecraft:spruce_planks":223,"minecraft:shield":28,"minecraft:iron_sword":218,"minecraft:bell":4,"minecraft:rotten_flesh":1,"minecraft:stone_hoe":10,"minecraft:iron_chestplate":1,"minecraft:torch":143,"minecraft:dirt":74,"minecraft:anvil":1,"minecraft:white_carpet":7,"minecraft:spruce_fence":86,"minecraft:diamond_helmet":1,"minecraft:tuff":24,"minecraft:granite":2,"minecraft:spruce_button":1,"minecraft:bookshelf":17,"minecraft:oak_stairs":1,"minecraft:iron_axe":540,"minecraft:diamond_chestplate":1,"minecraft:golden_carrot":5,"minecraft:furnace":3,"minecraft:cooked_beef":17,"minecraft:cobbled_deepslate":47,"minecraft:iron_leggings":1,"minecraft:water_bucket":22,"minecraft:snow_block":1,"minecraft:stone_pickaxe":111,"minecraft:oak_planks":6,"minecraft:wooden_pickaxe":3,"minecraft:composter":1,"minecraft:sugar_cane":46,"minecraft:diamond_axe":1700,"minecraft:fletching_table":14,"minecraft:blast_furnace":6,"minecraft:crafting_table":8,"minecraft:white_bed":12,"minecraft:cake":1,"minecraft:spruce_log":14,"minecraft:diamond_pickaxe":280,"minecraft:cornflower":1,"minecraft:bread":66,"minecraft:oak_button":2,"minecraft:iron_pickaxe":243,"minecraft:lectern":32,"minecraft:stone_slab":1,"minecraft:spruce_sapling":112,"minecraft:stone_axe":75,"minecraft:diamond_sword":57,"minecraft:cobblestone":136,"minecraft:grindstone":1,"minecraft:smithing_table":2,"minecraft:bucket":23,"minecraft:yellow_bed":3,"minecraft:bone_meal":4},"minecraft:mined":{"minecraft:tuff":27,"minecraft:spruce_planks":20,"minecraft:white_bed":11,"minecraft:mossy_cobblestone":2,"minecraft:deepslate_diamond_ore":34,"minecraft:glow_lichen":1,"minecraft:granite":3,"minecraft:grass_block":108,"minecraft:spruce_fence":8,"minecraft:spruce_leaves":31,"minecraft:composter":4,"minecraft:oxeye_daisy":1,"minecraft:hay_block":23,"minecraft:redstone_ore":4,"minecraft:spruce_sapling":8,"minecraft:furnace":1,"minecraft:iron_ore":79,"minecraft:cobbled_deepslate":1,"minecraft:andesite":2,"minecraft:fletching_table":12,"minecraft:bell":5,"minecraft:bookshelf":5,"minecraft:dirt_path":182,"minecraft:deepslate_iron_ore":35,"minecraft:oak_stairs":36,"minecraft:stripped_oak_log":1,"minecraft:stone":167,"minecraft:deepslate_redstone_ore":20,"minecraft:glass_pane":1,"minecraft:dandelion":11,"minecraft:oak_fence":48,"minecraft:cornflower":4,"minecraft:crafting_table":7,"minecraft:torch":6,"minecraft:short_grass":164,"minecraft:blast_furnace":6,"minecraft:emerald_ore":1,"minecraft:poppy":1,"minecraft:lectern":30,"minecraft:stone_slab":1,"minecraft:cobblestone":38,"minecraft:tall_grass":68,"minecraft:deepslate_gold_ore":13,"minecraft:lapis_ore":9,"minecraft:oak_planks":40,"minecraft:sugar_cane":79,"minecraft:diorite":2,"minecraft:wall_torch":1,"minecraft:deepslate_copper_ore":9,"minecraft:wheat":6,"minecraft:spruce_log":1917,"minecraft:stripped_oak_wood":4,"minecraft:yellow_bed":3,"minecraft:oak_log":49,"minecraft:coal_ore":112,"minecraft:loom":1,"minecraft:gravel":76,"minecraft:dirt":162,"minecraft:cobweb":39,"minecraft:stonecutter":1,"minecraft:gold_ore":2,"minecraft:oak_leaves":3,"minecraft:deepslate":49},"minecraft:crafted":{"minecraft:golden_carrot":72,"minecraft:grindstone":1,"minecraft:cookie":144,"minecraft:oak_planks":200,"minecraft:stone_shovel":22,"minecraft:spruce_button":1,"minecraft:bone_meal":6,"minecraft:spruce_fence":84,"minecraft:white_carpet":9,"minecraft:bookshelf":19,"minecraft:suspicious_stew":12,"minecraft:glass":96,"minecraft:cake":7,"minecraft:lantern":24,"minecraft:diamond_helmet":1,"minecraft:diamond_leggings":1,"minecraft:iron_boots":1,"minecraft:iron_axe":25,"minecraft:spruce_wood":36,"minecraft:spruce_slab":18,"minecraft:stone_pickaxe":10,"minecraft:chest":3,"minecraft:diamond_boots":1,"minecraft:stone_hoe":1,"minecraft:wheat":207,"minecraft:cooked_beef":17,"minecraft:diamond_sword":2,"minecraft:arrow":192,"minecraft:emerald":602,"minecraft:diamond_axe":5,"minecraft:crafting_table":2,"minecraft:spruce_planks":7528,"minecraft:wooden_pickaxe":1,"minecraft:iron_helmet":1,"minecraft:iron_sword":1,"minecraft:smithing_table":1,"minecraft:copper_ingot":72,"minecraft:fletching_table":4,"minecraft:bucket":1,"minecraft:stone_axe":1,"minecraft:enchanted_book":6,"minecraft:bread":169,"minecraft:air":0,"minecraft:apple":32,"minecraft:lectern":2,"minecraft:book":9,"minecraft:iron_chestplate":1,"minecraft:paper":93,"minecraft:diamond_pickaxe":1,"minecraft:shield":1,"minecraft:stick":14400,"minecraft:iron_ingot":135,"minecraft:iron_pickaxe":2,"minecraft:iron_block":3,"minecraft:snow_block":16,"minecraft:gold_ingot":26,"minecraft:iron_shovel":2,"minecraft:iron_leggings":1,"minecraft:anvil":1,"minecraft:white_bed":2,"minecraft:torch":160,"minecraft:shears":1,"minecraft:diamond_chestplate":1},"minecraft:picked_up":{"minecraft:crafting_table":8,"minecraft:iron_chestplate":1,"minecraft:wheat":6,"minecraft:stone_slab":1,"minecraft:oak_stairs":34,"minecraft:shield":1,"minecraft:cornflower":5,"minecraft:string":42,"minecraft:raw_copper":72,"minecraft:iron_axe":18,"minecraft:iron_leggings":1,"minecraft:iron_shovel":1,"minecraft:cobbled_deepslate":62,"minecraft:spruce_planks":205,"minecraft:beef":20,"minecraft:poppy":16,"minecraft:iron_pickaxe":1,"minecraft:lectern":30,"minecraft:sugar_cane":144,"minecraft:iron_boots":1,"minecraft:furnace":1,"minecraft:stick":209,"minecraft:raw_iron":135,"minecraft:oak_door":1,"minecraft:composter":4,"minecraft:oak_fence":46,"minecraft:torch":33,"minecraft:spruce_fence":8,"minecraft:porkchop":16,"minecraft:cookie":144,"minecraft:diorite":2,"minecraft:redstone":143,"minecraft:arrow":11,"minecraft:rotten_flesh":28,"minecraft:shears":1,"minecraft:hay_block":23,"minecraft:mutton":6,"minecraft:rail":3,"minecraft:snowball":144,"minecraft:white_wool":12,"minecraft:cobblestone":212,"minecraft:oxeye_daisy":1,"minecraft:stripped_oak_log":1,"minecraft:andesite":2,"minecraft:leather":12,"minecraft:flint":11,"minecraft:tuff":27,"minecraft:oak_log":46,"minecraft:yellow_bed":3,"minecraft:lapis_lazuli":54,"minecraft:dirt":561,"minecraft:bone":14,"minecraft:bow":5,"minecraft:stonecutter":1,"minecraft:wheat_seeds":57,"minecraft:raw_gold":26,"minecraft:bell":5,"minecraft:iron_ingot":48,"minecraft:stripped_oak_wood":4,"minecraft:fletching_table":10,"minecraft:stone_hoe":3,"minecraft:iron_sword":1,"minecraft:oak_planks":81,"minecraft:book":27,"minecraft:oak_slab":4,"minecraft:dandelion":16,"minecraft:oak_pressure_plate":1,"minecraft:gravel":67,"minecraft:spruce_sapling":129,"minecraft:blast_furnace":6,"minecraft:loom":2,"minecraft:white_bed":12,"minecraft:spruce_log":1973,"minecraft:spider_eye":2,"minecraft:mossy_cobblestone":2,"minecraft:diamond":69,"minecraft:iron_helmet":1,"minecraft:granite":3,"minecraft:emerald":1,"minecraft:bread":1,"minecraft:oak_button":23,"minecraft:coal":294},"minecraft:broken":{"minecraft:iron_shovel":2,"minecraft:iron_sword":1,"minecraft:iron_axe":1,"minecraft:stone_shovel":1}},"DataVersion":3953}