{"stats":{"minecraft:picked_up":{"minecraft:crafting_table":3,"minecraft:smithing_table":1,"minecraft:gold_block":2,"minecraft:string":6634,"minecraft:oak_sign":3,"minecraft:red_sand":2,"minecraft:cobbled_deepslate":5,"minecraft:beef":23,"minecraft:cobblestone_slab":4,"minecraft:wooden_shovel":1,"minecraft:poppy":1,"minecraft:light_gray_wool":1,"minecraft:sugar_cane":48,"minecraft:furnace":8,"minecraft:stick":23,"minecraft:raw_iron":25,"minecraft:stone":3,"minecraft:oak_fence":1,"minecraft:torch":5,"minecraft:acacia_log":1,"minecraft:porkchop":39,"minecraft:diorite":6,"minecraft:redstone":7,"minecraft:arrow":7,"minecraft:rotten_flesh":12,"minecraft:gold_ingot":1,"minecraft:mutton":3,"minecraft:white_wool":2,"minecraft:cobblestone":170,"minecraft:cooked_beef":1,"minecraft:tripwire_hook":1,"minecraft:leather":10,"minecraft:flint":4,"minecraft:tuff":2,"minecraft:oak_log":22,"minecraft:lapis_lazuli":52,"minecraft:dirt":18,"minecraft:orange_terracotta":3,"minecraft:bone":5,"minecraft:bow":1,"minecraft:wheat_seeds":13,"minecraft:raw_gold":7,"minecraft:stone_pickaxe":1,"minecraft:iron_ingot":8,"minecraft:glass_bottle":1,"minecraft:oak_planks":67,"minecraft:oak_slab":1,"minecraft:cooked_porkchop":11,"minecraft:dandelion":3,"minecraft:gravel":44,"minecraft:white_bed":5,"minecraft:spider_eye":3,"minecraft:mossy_cobblestone":2,"minecraft:diamond":1,"minecraft:netherrack":2,"minecraft:coal":96},"minecraft:used":{"minecraft:oak_fence":1,"minecraft:red_sand":2,"minecraft:iron_shovel":48,"minecraft:poppy":1,"minecraft:chest":1,"minecraft:shield":13,"minecraft:iron_sword":58,"minecraft:wooden_shovel":6,"minecraft:torch":28,"minecraft:dirt":15,"minecraft:lava_bucket":2,"minecraft:iron_axe":32,"minecraft:tripwire_hook":1,"minecraft:bow":7,"minecraft:furnace":10,"minecraft:cooked_beef":10,"minecraft:cobbled_deepslate":1,"minecraft:orange_terracotta":3,"minecraft:golden_boots":1,"minecraft:water_bucket":3,"minecraft:diorite":1,"minecraft:stone_pickaxe":57,"minecraft:oak_planks":10,"minecraft:wooden_pickaxe":3,"minecraft:sugar_cane":13,"minecraft:mossy_cobblestone":2,"minecraft:crafting_table":5,"minecraft:white_bed":1,"minecraft:shears":2,"minecraft:string":8,"minecraft:iron_pickaxe":194,"minecraft:stone_axe":72,"minecraft:cobblestone":49,"minecraft:cooked_porkchop":5,"minecraft:porkchop":3,"minecraft:bucket":6},"minecraft:custom":{"minecraft:mob_kills":43,"minecraft:interact_with_crafting_table":21,"minecraft:open_barrel":3,"minecraft:interact_with_campfire":7,"minecraft:leave_game":6,"minecraft:time_since_death":108246,"minecraft:sprint_one_cm":214834,"minecraft:walk_one_cm":204088,"minecraft:damage_blocked_by_shield":470,"minecraft:drop":60,"minecraft:talked_to_villager":15,"minecraft:play_time":112013,"minecraft:deaths":4,"minecraft:sneak_time":9440,"minecraft:walk_under_water_one_cm":14869,"minecraft:jump":1739,"minecraft:walk_on_water_one_cm":47801,"minecraft:total_world_time":112013,"minecraft:interact_with_furnace":52,"minecraft:traded_with_villager":8,"minecraft:sleep_in_bed":2,"minecraft:time_since_rest":5110,"minecraft:damage_taken":1935,"minecraft:damage_dealt":7280,"minecraft:swim_one_cm":21382,"minecraft:fly_one_cm":379443,"minecraft:player_kills":2,"minecraft:open_chest":39,"minecraft:crouch_one_cm":31006,"minecraft:fall_one_cm":31638},"minecraft:crafted":{"minecraft:oak_planks":88,"minecraft:furnace":2,"minecraft:stone":7,"minecraft:bookshelf":3,"minecraft:iron_axe":1,"minecraft:stone_pickaxe":1,"minecraft:chest":1,"minecraft:golden_boots":1,"minecraft:cooked_beef":23,"minecraft:wooden_shovel":1,"minecraft:emerald":8,"minecraft:cooked_porkchop":26,"minecraft:crafting_table":3,"minecraft:iron_helmet":1,"minecraft:wooden_pickaxe":2,"minecraft:iron_sword":1,"minecraft:bucket":1,"minecraft:stone_axe":1,"minecraft:air":0,"minecraft:iron_chestplate":1,"minecraft:book":10,"minecraft:paper":33,"minecraft:shield":1,"minecraft:stick":8,"minecraft:iron_pickaxe":1,"minecraft:iron_ingot":26,"minecraft:gold_ingot":24,"minecraft:iron_shovel":1,"minecraft:iron_leggings":1,"minecraft:acacia_planks":4,"minecraft:torch":48},"minecraft:mined":{"minecraft:tuff":2,"minecraft:white_bed":5,"minecraft:mossy_cobblestone":2,"minecraft:deepslate_diamond_ore":1,"minecraft:red_sand":2,"minecraft:acacia_log":1,"minecraft:grass_block":8,"minecraft:furnace":8,"minecraft:iron_ore":23,"minecraft:gold_block":2,"minecraft:deepslate_iron_ore":2,"minecraft:stone":55,"minecraft:tripwire":2,"minecraft:smithing_table":1,"minecraft:orange_terracotta":3,"minecraft:oak_fence":1,"minecraft:crafting_table":3,"minecraft:torch":1,"minecraft:short_grass":83,"minecraft:dead_bush":27,"minecraft:tall_grass":8,"minecraft:cobblestone":63,"minecraft:lapis_ore":6,"minecraft:deepslate_gold_ore":7,"minecraft:sugar_cane":36,"minecraft:oak_planks":13,"minecraft:diorite":1,"minecraft:wall_torch":2,"minecraft:oak_log":20,"minecraft:coal_ore":70,"minecraft:gravel":48,"minecraft:dirt":10,"minecraft:cobweb":9,"minecraft:tripwire_hook":1,"minecraft:netherrack":3,"minecraft:deepslate":5},"minecraft:dropped":{"minecraft:iron_ingot":1,"minecraft:oak_slab":1,"minecraft:wheat_seeds":13,"minecraft:lapis_lazuli":6,"minecraft:cooked_beef":1,"minecraft:glass_bottle":1,"minecraft:smithing_table":1,"minecraft:bookshelf":3,"minecraft:cooked_porkchop":1,"minecraft:cobblestone":1,"minecraft:emerald":8,"minecraft:dirt":3,"minecraft:diorite":5,"minecraft:torch":1,"minecraft:string":2,"minecraft:dandelion":3,"minecraft:stone_axe":1,"minecraft:sugar_cane":1,"minecraft:cobbled_deepslate":4,"minecraft:tuff":2,"minecraft:rotten_flesh":2,"minecraft:light_gray_wool":1,"minecraft:oak_planks":68,"minecraft:white_bed":1,"minecraft:oak_sign":3,"minecraft:cobblestone_slab":4,"minecraft:stone":10,"minecraft:wooden_shovel":2,"minecraft:spider_eye":3,"minecraft:arrow":1,"minecraft:bow":1,"minecraft:wooden_pickaxe":2,"minecraft:stone_pickaxe":2,"minecraft:netherrack":2},"minecraft:killed":{"minecraft:witch":1,"minecraft:spider":1,"minecraft:skeleton":5,"minecraft:pig":21,"minecraft:iron_golem":2,"minecraft:sheep":2,"minecraft:zombie":1,"minecraft:cow":10},"minecraft:killed_by":{"minecraft:player":3,"minecraft:skeleton":1}},"DataVersion":3953}