{"stats":{"minecraft:killed":{"minecraft:pig":2},"minecraft:crafted":{"minecraft:oak_planks":28,"minecraft:cooked_porkchop":5,"minecraft:crafting_table":1,"minecraft:stick":8,"minecraft:wooden_pickaxe":1,"minecraft:stone_pickaxe":1,"minecraft:furnace":1,"minecraft:stone_axe":1,"minecraft:air":0},"minecraft:used":{"minecraft:stone_pickaxe":49,"minecraft:wooden_pickaxe":3,"minecraft:stone_axe":1,"minecraft:crafting_table":2,"minecraft:porkchop":1,"minecraft:furnace":1,"minecraft:cooked_porkchop":2},"minecraft:picked_up":{"minecraft:crafting_table":2,"minecraft:porkchop":7,"minecraft:oak_log":7,"minecraft:dirt":2,"minecraft:rose_bush":3,"minecraft:coal":19,"minecraft:cobblestone":27,"minecraft:furnace":1},"minecraft:dropped":{"minecraft:rose_bush":3,"minecraft:wooden_pickaxe":1},"minecraft:custom":{"minecraft:time_since_rest":10963,"minecraft:interact_with_furnace":4,"minecraft:sprint_one_cm":15802,"minecraft:damage_taken":225,"minecraft:walk_one_cm":28551,"minecraft:mob_kills":2,"minecraft:drop":3,"minecraft:damage_dealt":515,"minecraft:player_kills":1,"minecraft:interact_with_crafting_table":6,"minecraft:swim_one_cm":21815,"minecraft:fly_one_cm":32071,"minecraft:crouch_one_cm":1352,"minecraft:play_time":10963,"minecraft:sneak_time":835,"minecraft:walk_under_water_one_cm":2697,"minecraft:jump":238,"minecraft:time_since_death":10963,"minecraft:walk_on_water_one_cm":7829,"minecraft:climb_one_cm":108,"minecraft:total_world_time":10963,"minecraft:fall_one_cm":2892},"minecraft:mined":{"minecraft:furnace":1,"minecraft:crafting_table":2,"minecraft:short_grass":3,"minecraft:oak_log":7,"minecraft:grass_block":2,"minecraft:coal_ore":17,"minecraft:rose_bush":5,"minecraft:stone":27,"minecraft:oak_leaves":1}},"DataVersion":3953}