{"stats":{"minecraft:killed":{"minecraft:spider":1,"minecraft:iron_golem":1,"minecraft:creeper":1,"minecraft:skeleton":1,"minecraft:sheep":3,"minecraft:zombie":6,"minecraft:cow":3},"minecraft:custom":{"minecraft:interact_with_smithing_table":1,"minecraft:interact_with_furnace":1,"minecraft:mob_kills":17,"minecraft:inspect_hopper":2,"minecraft:traded_with_villager":3,"minecraft:interact_with_crafting_table":19,"minecraft:leave_game":3,"minecraft:time_since_death":59422,"minecraft:sleep_in_bed":2,"minecraft:climb_one_cm":2452,"minecraft:time_since_rest":19675,"minecraft:sprint_one_cm":169561,"minecraft:damage_taken":1380,"minecraft:walk_one_cm":144702,"minecraft:damage_blocked_by_shield":282,"minecraft:drop":34,"minecraft:damage_dealt":3363,"minecraft:swim_one_cm":43261,"minecraft:talked_to_villager":17,"minecraft:fly_one_cm":179642,"minecraft:open_chest":20,"minecraft:crouch_one_cm":18334,"minecraft:play_time":59422,"minecraft:sneak_time":5675,"minecraft:walk_under_water_one_cm":13470,"minecraft:jump":1460,"minecraft:interact_with_blast_furnace":19,"minecraft:walk_on_water_one_cm":17679,"minecraft:total_world_time":59422,"minecraft:fall_one_cm":43438},"minecraft:crafted":{"minecraft:oak_planks":104,"minecraft:emerald":1,"minecraft:crafting_table":2,"minecraft:spruce_planks":216,"minecraft:iron_helmet":1,"minecraft:wooden_pickaxe":1,"minecraft:iron_sword":1,"minecraft:smithing_table":1,"minecraft:fletching_table":2,"minecraft:stone_axe":1,"minecraft:bread":43,"minecraft:air":0,"minecraft:iron_chestplate":1,"minecraft:iron_boots":1,"minecraft:shield":1,"minecraft:iron_axe":1,"minecraft:stick":60,"minecraft:iron_ingot":42,"minecraft:iron_pickaxe":1,"minecraft:stone_pickaxe":1,"minecraft:snow_block":16,"minecraft:chest":1,"minecraft:iron_leggings":1,"minecraft:torch":44,"minecraft:stone_hoe":1,"minecraft:wheat":117},"minecraft:used":{"minecraft:snow_block":1,"minecraft:stone_pickaxe":111,"minecraft:chest":1,"minecraft:shield":6,"minecraft:wooden_pickaxe":3,"minecraft:iron_sword":23,"minecraft:fletching_table":8,"minecraft:bell":1,"minecraft:rotten_flesh":1,"minecraft:iron_chestplate":1,"minecraft:torch":52,"minecraft:dirt":11,"minecraft:crafting_table":7,"minecraft:blast_furnace":6,"minecraft:cornflower":1,"minecraft:iron_axe":55,"minecraft:bread":31,"minecraft:iron_pickaxe":105,"minecraft:spruce_sapling":1,"minecraft:stone_axe":75,"minecraft:cobblestone":89,"minecraft:smithing_table":1,"minecraft:iron_leggings":1},"minecraft:mined":{"minecraft:white_bed":1,"minecraft:oak_fence":6,"minecraft:crafting_table":6,"minecraft:cornflower":1,"minecraft:short_grass":5,"minecraft:blast_furnace":6,"minecraft:emerald_ore":1,"minecraft:grass_block":6,"minecraft:tall_grass":7,"minecraft:cobblestone":5,"minecraft:composter":3,"minecraft:oak_planks":2,"minecraft:hay_block":13,"minecraft:iron_ore":42,"minecraft:spruce_log":54,"minecraft:andesite":2,"minecraft:stripped_oak_wood":2,"minecraft:fletching_table":7,"minecraft:bell":1,"minecraft:bookshelf":4,"minecraft:coal_ore":65,"minecraft:oak_log":25,"minecraft:dirt_path":2,"minecraft:gravel":18,"minecraft:loom":1,"minecraft:dirt":3,"minecraft:stripped_oak_log":1,"minecraft:stone":97,"minecraft:oak_leaves":3},"minecraft:dropped":{"minecraft:gravel":14,"minecraft:snow_block":15,"minecraft:wheat_seeds":3,"minecraft:loom":2,"minecraft:wheat":2,"minecraft:oak_fence":6,"minecraft:rotten_flesh":8,"minecraft:white_bed":1,"minecraft:oak_sign":5,"minecraft:rail":3,"minecraft:flint":2,"minecraft:dirt":4,"minecraft:oak_button":19,"minecraft:andesite":2,"minecraft:snowball":80,"minecraft:wooden_pickaxe":1,"minecraft:stone_pickaxe":1,"minecraft:string":1,"minecraft:stone_hoe":1},"minecraft:picked_up":{"minecraft:stripped_oak_log":1,"minecraft:crafting_table":6,"minecraft:andesite":2,"minecraft:leather":3,"minecraft:flint":6,"minecraft:oak_log":23,"minecraft:string":1,"minecraft:cornflower":1,"minecraft:dirt":43,"minecraft:wheat_seeds":3,"minecraft:bell":1,"minecraft:iron_ingot":5,"minecraft:beef":1,"minecraft:stripped_oak_wood":2,"minecraft:fletching_table":6,"minecraft:stone_hoe":1,"minecraft:oak_planks":2,"minecraft:book":12,"minecraft:oak_slab":4,"minecraft:stick":2,"minecraft:raw_iron":42,"minecraft:composter":3,"minecraft:oak_fence":6,"minecraft:torch":8,"minecraft:gravel":14,"minecraft:spruce_sapling":1,"minecraft:blast_furnace":6,"minecraft:white_bed":2,"minecraft:spruce_log":54,"minecraft:loom":2,"minecraft:rotten_flesh":9,"minecraft:hay_block":13,"minecraft:emerald":1,"minecraft:oak_button":21,"minecraft:mutton":6,"minecraft:white_wool":3,"minecraft:coal":103,"minecraft:snowball":144,"minecraft:rail":3,"minecraft:cobblestone":99}},"DataVersion":3953}