{"stats":{"minecraft:killed":{"minecraft:spider":2,"minecraft:skeleton":3,"minecraft:iron_golem":2,"minecraft:creeper":1,"minecraft:sheep":3,"minecraft:zombie":9,"minecraft:cow":3},"minecraft:custom":{"minecraft:interact_with_smithing_table":1,"minecraft:mob_kills":24,"minecraft:animals_bred":1,"minecraft:inspect_hopper":2,"minecraft:interact_with_crafting_table":33,"minecraft:leave_game":3,"minecraft:time_since_death":45965,"minecraft:climb_one_cm":2452,"minecraft:sprint_one_cm":279517,"minecraft:walk_one_cm":355979,"minecraft:damage_blocked_by_shield":362,"minecraft:drop":92,"minecraft:talked_to_villager":33,"minecraft:play_time":106156,"minecraft:deaths":2,"minecraft:sneak_time":9921,"minecraft:walk_under_water_one_cm":17004,"minecraft:jump":2216,"minecraft:interact_with_blast_furnace":19,"minecraft:walk_on_water_one_cm":21119,"minecraft:total_world_time":106156,"minecraft:interact_with_furnace":1,"minecraft:traded_with_villager":62,"minecraft:interact_with_stonecutter":1,"minecraft:sleep_in_bed":3,"minecraft:time_since_rest":43294,"minecraft:damage_taken":2010,"minecraft:damage_dealt":5590,"minecraft:swim_one_cm":43261,"minecraft:fly_one_cm":323433,"minecraft:open_chest":51,"minecraft:crouch_one_cm":32878,"minecraft:fall_one_cm":60972},"minecraft:killed_by":{"minecraft:player":1},"minecraft:broken":{"minecraft:iron_shovel":2,"minecraft:iron_axe":1},"minecraft:crafted":{"minecraft:oak_planks":196,"minecraft:spruce_fence":84,"minecraft:white_carpet":6,"minecraft:iron_boots":1,"minecraft:iron_axe":2,"minecraft:stone_pickaxe":10,"minecraft:chest":1,"minecraft:stone_hoe":1,"minecraft:wheat":207,"minecraft:emerald":51,"minecraft:crafting_table":2,"minecraft:spruce_planks":768,"minecraft:wooden_pickaxe":1,"minecraft:iron_helmet":1,"minecraft:iron_sword":1,"minecraft:smithing_table":1,"minecraft:fletching_table":2,"minecraft:bucket":1,"minecraft:stone_axe":1,"minecraft:bread":73,"minecraft:air":0,"minecraft:iron_chestplate":1,"minecraft:shield":1,"minecraft:stick":1224,"minecraft:iron_ingot":42,"minecraft:iron_pickaxe":1,"minecraft:snow_block":16,"minecraft:iron_shovel":2,"minecraft:iron_leggings":1,"minecraft:torch":108},"minecraft:used":{"minecraft:oak_fence":25,"minecraft:iron_shovel":636,"minecraft:spruce_planks":222,"minecraft:chest":1,"minecraft:shield":8,"minecraft:iron_sword":41,"minecraft:bell":2,"minecraft:stone_hoe":10,"minecraft:rotten_flesh":1,"minecraft:iron_chestplate":1,"minecraft:torch":81,"minecraft:dirt":60,"minecraft:white_carpet":4,"minecraft:spruce_fence":83,"minecraft:iron_axe":387,"minecraft:oak_stairs":1,"minecraft:iron_leggings":1,"minecraft:water_bucket":1,"minecraft:snow_block":1,"minecraft:stone_pickaxe":111,"minecraft:oak_planks":6,"minecraft:wooden_pickaxe":3,"minecraft:fletching_table":12,"minecraft:crafting_table":8,"minecraft:blast_furnace":6,"minecraft:white_bed":6,"minecraft:cornflower":1,"minecraft:bread":41,"minecraft:iron_pickaxe":121,"minecraft:stone_slab":1,"minecraft:spruce_sapling":2,"minecraft:stone_axe":75,"minecraft:cobblestone":90,"minecraft:smithing_table":1,"minecraft:bucket":2,"minecraft:yellow_bed":3},"minecraft:mined":{"minecraft:spruce_planks":18,"minecraft:white_bed":7,"minecraft:mossy_cobblestone":2,"minecraft:spruce_fence":5,"minecraft:grass_block":80,"minecraft:spruce_leaves":9,"minecraft:composter":3,"minecraft:oxeye_daisy":1,"minecraft:hay_block":23,"minecraft:iron_ore":42,"minecraft:andesite":2,"minecraft:fletching_table":12,"minecraft:bell":2,"minecraft:bookshelf":4,"minecraft:dirt_path":179,"minecraft:oak_stairs":36,"minecraft:stripped_oak_log":1,"minecraft:stone":98,"minecraft:glass_pane":1,"minecraft:dandelion":10,"minecraft:oak_fence":41,"minecraft:crafting_table":7,"minecraft:cornflower":4,"minecraft:torch":5,"minecraft:short_grass":58,"minecraft:blast_furnace":6,"minecraft:emerald_ore":1,"minecraft:poppy":1,"minecraft:stone_slab":1,"minecraft:tall_grass":31,"minecraft:cobblestone":15,"minecraft:oak_planks":38,"minecraft:wheat":6,"minecraft:stripped_oak_wood":3,"minecraft:spruce_log":192,"minecraft:yellow_bed":3,"minecraft:oak_log":49,"minecraft:coal_ore":65,"minecraft:dirt":151,"minecraft:loom":1,"minecraft:gravel":18,"minecraft:stonecutter":1,"minecraft:oak_leaves":3},"minecraft:dropped":{"minecraft:stone_hoe":3,"minecraft:wheat_seeds":34,"minecraft:loom":2,"minecraft:mossy_cobblestone":2,"minecraft:oak_fence":13,"minecraft:cobblestone":9,"minecraft:rail":3,"minecraft:coal":46,"minecraft:stick":100,"minecraft:flint":2,"minecraft:oxeye_daisy":1,"minecraft:dirt":56,"minecraft:cornflower":4,"minecraft:snowball":80,"minecraft:oak_stairs":5,"minecraft:stonecutter":1,"minecraft:stripped_oak_wood":1,"minecraft:string":2,"minecraft:white_wool":1,"minecraft:bone":3,"minecraft:dandelion":15,"minecraft:snow_block":15,"minecraft:gravel":14,"minecraft:wheat":2,"minecraft:rotten_flesh":13,"minecraft:oak_planks":1,"minecraft:white_bed":1,"minecraft:oak_sign":5,"minecraft:shears":1,"minecraft:poppy":5,"minecraft:oak_button":19,"minecraft:andesite":2,"minecraft:bow":1,"minecraft:stone_pickaxe":10,"minecraft:wooden_pickaxe":1},"minecraft:picked_up":{"minecraft:crafting_table":8,"minecraft:iron_chestplate":1,"minecraft:wheat":6,"minecraft:stone_slab":1,"minecraft:oak_stairs":34,"minecraft:shield":1,"minecraft:cornflower":5,"minecraft:string":2,"minecraft:iron_axe":1,"minecraft:iron_leggings":1,"minecraft:iron_shovel":1,"minecraft:spruce_planks":203,"minecraft:beef":1,"minecraft:poppy":5,"minecraft:iron_pickaxe":1,"minecraft:iron_boots":1,"minecraft:raw_iron":42,"minecraft:stick":135,"minecraft:oak_door":1,"minecraft:composter":3,"minecraft:oak_fence":39,"minecraft:torch":22,"minecraft:spruce_fence":5,"minecraft:arrow":2,"minecraft:rotten_flesh":14,"minecraft:shears":1,"minecraft:hay_block":23,"minecraft:mutton":6,"minecraft:cobblestone":110,"minecraft:rail":3,"minecraft:snowball":144,"minecraft:white_wool":3,"minecraft:oxeye_daisy":1,"minecraft:stripped_oak_log":1,"minecraft:andesite":2,"minecraft:leather":3,"minecraft:flint":6,"minecraft:oak_log":46,"minecraft:yellow_bed":3,"minecraft:dirt":520,"minecraft:bone":5,"minecraft:stonecutter":1,"minecraft:bow":2,"minecraft:wheat_seeds":34,"minecraft:bell":2,"minecraft:iron_ingot":8,"minecraft:stripped_oak_wood":3,"minecraft:fletching_table":10,"minecraft:stone_hoe":3,"minecraft:iron_sword":1,"minecraft:oak_planks":79,"minecraft:book":24,"minecraft:oak_slab":4,"minecraft:dandelion":15,"minecraft:gravel":14,"minecraft:spruce_sapling":2,"minecraft:blast_furnace":6,"minecraft:spruce_log":192,"minecraft:white_bed":8,"minecraft:loom":2,"minecraft:mossy_cobblestone":2,"minecraft:iron_helmet":1,"minecraft:emerald":1,"minecraft:oak_button":21,"minecraft:coal":195}},"DataVersion":3953}