{"stats":{"minecraft:killed":{"minecraft:cave_spider":1,"minecraft:spider":5,"minecraft:skeleton":7,"minecraft:pig":9,"minecraft:iron_golem":11,"minecraft:creeper":1,"minecraft:sheep":3,"minecraft:zombie":19,"minecraft:donkey":1,"minecraft:villager":1,"minecraft:cow":13},"minecraft:custom":{"minecraft:interact_with_smithing_table":1,"minecraft:mob_kills":73,"minecraft:interact_with_anvil":2,"minecraft:animals_bred":3,"minecraft:inspect_hopper":2,"minecraft:interact_with_crafting_table":50,"minecraft:bell_ring":18,"minecraft:leave_game":5,"minecraft:time_since_death":158424,"minecraft:climb_one_cm":2452,"minecraft:sprint_one_cm":610390,"minecraft:walk_one_cm":625762,"minecraft:damage_blocked_by_shield":1212,"minecraft:drop":186,"minecraft:talked_to_villager":127,"minecraft:play_time":218615,"minecraft:deaths":2,"minecraft:sneak_time":22320,"minecraft:walk_under_water_one_cm":24485,"minecraft:boat_one_cm":2024,"minecraft:jump":4778,"minecraft:interact_with_blast_furnace":19,"minecraft:walk_on_water_one_cm":26970,"minecraft:enchant_item":2,"minecraft:total_world_time":218615,"minecraft:interact_with_furnace":11,"minecraft:traded_with_villager":399,"minecraft:interact_with_grindstone":2,"minecraft:interact_with_stonecutter":1,"minecraft:sleep_in_bed":11,"minecraft:time_since_rest":6734,"minecraft:damage_taken":3344,"minecraft:damage_dealt":19971,"minecraft:swim_one_cm":65886,"minecraft:fly_one_cm":780848,"minecraft:open_chest":125,"minecraft:crouch_one_cm":65664,"minecraft:fall_one_cm":118304},"minecraft:picked_up":{"minecraft:crafting_table":8,"minecraft:iron_chestplate":1,"minecraft:wheat":6,"minecraft:stone_slab":1,"minecraft:oak_stairs":34,"minecraft:shield":1,"minecraft:raw_copper":72,"minecraft:cornflower":5,"minecraft:string":42,"minecraft:iron_axe":18,"minecraft:iron_leggings":1,"minecraft:iron_shovel":1,"minecraft:cobbled_deepslate":11,"minecraft:spruce_planks":205,"minecraft:beef":20,"minecraft:poppy":15,"minecraft:iron_pickaxe":1,"minecraft:lectern":30,"minecraft:sugar_cane":60,"minecraft:iron_boots":1,"minecraft:furnace":1,"minecraft:stick":186,"minecraft:raw_iron":118,"minecraft:oak_door":1,"minecraft:composter":4,"minecraft:oak_fence":46,"minecraft:torch":32,"minecraft:spruce_fence":8,"minecraft:porkchop":16,"minecraft:diorite":2,"minecraft:redstone":52,"minecraft:rotten_flesh":21,"minecraft:arrow":6,"minecraft:shears":1,"minecraft:hay_block":23,"minecraft:mutton":6,"minecraft:rail":3,"minecraft:snowball":144,"minecraft:white_wool":12,"minecraft:cobblestone":200,"minecraft:oxeye_daisy":1,"minecraft:stripped_oak_log":1,"minecraft:andesite":2,"minecraft:leather":12,"minecraft:flint":11,"minecraft:oak_log":46,"minecraft:yellow_bed":3,"minecraft:dirt":561,"minecraft:lapis_lazuli":54,"minecraft:bone":9,"minecraft:stonecutter":1,"minecraft:bow":4,"minecraft:wheat_seeds":56,"minecraft:raw_gold":8,"minecraft:bell":4,"minecraft:iron_ingot":44,"minecraft:stripped_oak_wood":4,"minecraft:fletching_table":10,"minecraft:oak_planks":81,"minecraft:iron_sword":1,"minecraft:stone_hoe":3,"minecraft:book":27,"minecraft:oak_slab":4,"minecraft:dandelion":16,"minecraft:oak_pressure_plate":1,"minecraft:gravel":67,"minecraft:spruce_sapling":81,"minecraft:blast_furnace":6,"minecraft:white_bed":12,"minecraft:spruce_log":1152,"minecraft:loom":2,"minecraft:spider_eye":2,"minecraft:mossy_cobblestone":2,"minecraft:diamond":5,"minecraft:iron_helmet":1,"minecraft:granite":1,"minecraft:emerald":1,"minecraft:oak_button":23,"minecraft:coal":199},"minecraft:mined":{"minecraft:spruce_planks":20,"minecraft:white_bed":11,"minecraft:mossy_cobblestone":2,"minecraft:deepslate_diamond_ore":5,"minecraft:granite":1,"minecraft:glow_lichen":1,"minecraft:grass_block":108,"minecraft:spruce_fence":8,"minecraft:spruce_leaves":17,"minecraft:composter":4,"minecraft:oxeye_daisy":1,"minecraft:hay_block":23,"minecraft:redstone_ore":4,"minecraft:spruce_sapling":5,"minecraft:furnace":1,"minecraft:iron_ore":79,"minecraft:andesite":2,"minecraft:fletching_table":12,"minecraft:bell":4,"minecraft:bookshelf":5,"minecraft:deepslate_iron_ore":29,"minecraft:dirt_path":182,"minecraft:oak_stairs":36,"minecraft:stripped_oak_log":1,"minecraft:stone":161,"minecraft:deepslate_redstone_ore":5,"minecraft:glass_pane":1,"minecraft:dandelion":11,"minecraft:oak_fence":48,"minecraft:crafting_table":7,"minecraft:cornflower":4,"minecraft:torch":6,"minecraft:short_grass":160,"minecraft:blast_furnace":6,"minecraft:emerald_ore":1,"minecraft:poppy":1,"minecraft:lectern":30,"minecraft:stone_slab":1,"minecraft:cobblestone":32,"minecraft:tall_grass":68,"minecraft:deepslate_gold_ore":6,"minecraft:lapis_ore":9,"minecraft:sugar_cane":36,"minecraft:oak_planks":40,"minecraft:diorite":2,"minecraft:deepslate_copper_ore":9,"minecraft:wheat":6,"minecraft:spruce_log":1091,"minecraft:stripped_oak_wood":4,"minecraft:yellow_bed":3,"minecraft:coal_ore":67,"minecraft:oak_log":49,"minecraft:loom":1,"minecraft:gravel":76,"minecraft:dirt":162,"minecraft:cobweb":39,"minecraft:stonecutter":1,"minecraft:gold_ore":2,"minecraft:oak_leaves":3,"minecraft:deepslate":7},"minecraft:broken":{"minecraft:iron_shovel":2,"minecraft:iron_axe":1,"minecraft:iron_sword":1,"minecraft:stone_shovel":1},"minecraft:killed_by":{"minecraft:player":1},"minecraft:used":{"minecraft:oak_fence":25,"minecraft:iron_shovel":729,"minecraft:stone_shovel":182,"minecraft:poppy":1,"minecraft:chest":2,"minecraft:spruce_planks":223,"minecraft:shield":20,"minecraft:iron_sword":218,"minecraft:bell":4,"minecraft:stone_hoe":10,"minecraft:rotten_flesh":1,"minecraft:iron_chestplate":1,"minecraft:torch":127,"minecraft:dirt":74,"minecraft:anvil":1,"minecraft:white_carpet":7,"minecraft:spruce_fence":86,"minecraft:bookshelf":17,"minecraft:oak_stairs":1,"minecraft:iron_axe":540,"minecraft:furnace":3,"minecraft:cooked_beef":11,"minecraft:cobbled_deepslate":2,"minecraft:iron_leggings":1,"minecraft:water_bucket":7,"minecraft:snow_block":1,"minecraft:stone_pickaxe":111,"minecraft:oak_planks":6,"minecraft:wooden_pickaxe":3,"minecraft:fletching_table":14,"minecraft:composter":1,"minecraft:sugar_cane":29,"minecraft:diamond_axe":872,"minecraft:blast_furnace":6,"minecraft:crafting_table":8,"minecraft:white_bed":12,"minecraft:spruce_log":9,"minecraft:diamond_pickaxe":79,"minecraft:cornflower":1,"minecraft:bread":65,"minecraft:oak_button":2,"minecraft:iron_pickaxe":243,"minecraft:stone_slab":1,"minecraft:lectern":32,"minecraft:spruce_sapling":74,"minecraft:stone_axe":75,"minecraft:diamond_sword":4,"minecraft:cobblestone":123,"minecraft:grindstone":1,"minecraft:smithing_table":2,"minecraft:bucket":8,"minecraft:yellow_bed":3},"minecraft:crafted":{"minecraft:grindstone":1,"minecraft:oak_planks":200,"minecraft:stone_shovel":10,"minecraft:spruce_fence":84,"minecraft:white_carpet":9,"minecraft:bookshelf":19,"minecraft:iron_boots":1,"minecraft:iron_axe":13,"minecraft:spruce_wood":36,"minecraft:spruce_slab":18,"minecraft:stone_pickaxe":10,"minecraft:chest":2,"minecraft:stone_hoe":1,"minecraft:wheat":207,"minecraft:cooked_beef":17,"minecraft:diamond_sword":1,"minecraft:emerald":328,"minecraft:diamond_axe":5,"minecraft:crafting_table":2,"minecraft:spruce_planks":4264,"minecraft:wooden_pickaxe":1,"minecraft:iron_helmet":1,"minecraft:iron_sword":1,"minecraft:smithing_table":1,"minecraft:fletching_table":4,"minecraft:bucket":1,"minecraft:stone_axe":1,"minecraft:enchanted_book":2,"minecraft:bread":169,"minecraft:air":0,"minecraft:lectern":2,"minecraft:book":9,"minecraft:iron_chestplate":1,"minecraft:paper":27,"minecraft:diamond_pickaxe":1,"minecraft:shield":1,"minecraft:stick":8000,"minecraft:iron_ingot":80,"minecraft:iron_pickaxe":2,"minecraft:iron_block":3,"minecraft:snow_block":16,"minecraft:gold_ingot":8,"minecraft:iron_shovel":2,"minecraft:iron_leggings":1,"minecraft:anvil":1,"minecraft:white_bed":2,"minecraft:torch":160,"minecraft:shears":1},"minecraft:dropped":{"minecraft:stone_hoe":3,"minecraft:bread":52,"minecraft:wheat_seeds":56,"minecraft:oak_pressure_plate":2,"minecraft:loom":2,"minecraft:mossy_cobblestone":2,"minecraft:oak_fence":20,"minecraft:cobblestone":20,"minecraft:granite":1,"minecraft:rail":3,"minecraft:coal":46,"minecraft:stick":100,"minecraft:flint":2,"minecraft:oxeye_daisy":1,"minecraft:dirt":88,"minecraft:diorite":2,"minecraft:torch":1,"minecraft:cornflower":4,"minecraft:snowball":80,"minecraft:oak_stairs":5,"minecraft:stonecutter":1,"minecraft:iron_axe":29,"minecraft:iron_pickaxe":1,"minecraft:stripped_oak_wood":1,"minecraft:iron_shovel":1,"minecraft:string":2,"minecraft:white_wool":1,"minecraft:spruce_sapling":3,"minecraft:bone":3,"minecraft:dandelion":16,"minecraft:redstone":17,"minecraft:snow_block":15,"minecraft:gravel":14,"minecraft:cobbled_deepslate":8,"minecraft:wheat":2,"minecraft:stone_shovel":9,"minecraft:rotten_flesh":20,"minecraft:oak_planks":2,"minecraft:oak_sign":5,"minecraft:white_bed":1,"minecraft:shears":1,"minecraft:poppy":33,"minecraft:oak_button":19,"minecraft:andesite":2,"minecraft:spider_eye":1,"minecraft:spruce_log":65,"minecraft:wooden_pickaxe":1,"minecraft:arrow":4,"minecraft:bow":3,"minecraft:stone_pickaxe":10}},"DataVersion":3953}