{"stats":{"minecraft:picked_up":{"minecraft:crafting_table":2,"minecraft:leather":8,"minecraft:smithing_table":1,"minecraft:oak_log":11,"minecraft:lapis_lazuli":46,"minecraft:dirt":2,"minecraft:bone":3,"minecraft:bow":1,"minecraft:beef":9,"minecraft:glass_bottle":1,"minecraft:sugar_cane":9,"minecraft:furnace":2,"minecraft:stick":23,"minecraft:raw_iron":19,"minecraft:oak_fence":1,"minecraft:porkchop":3,"minecraft:redstone":7,"minecraft:mossy_cobblestone":2,"minecraft:arrow":4,"minecraft:rotten_flesh":8,"minecraft:coal":27,"minecraft:cobblestone":73},"minecraft:used":{"minecraft:oak_fence":1,"minecraft:stone_pickaxe":57,"minecraft:wooden_pickaxe":3,"minecraft:shield":5,"minecraft:iron_sword":14,"minecraft:torch":2,"minecraft:mossy_cobblestone":2,"minecraft:dirt":2,"minecraft:crafting_table":2,"minecraft:iron_pickaxe":71,"minecraft:stone_axe":22,"minecraft:cobblestone":15,"minecraft:furnace":2,"minecraft:porkchop":3,"minecraft:cooked_beef":1},"minecraft:custom":{"minecraft:interact_with_furnace":12,"minecraft:mob_kills":10,"minecraft:interact_with_crafting_table":10,"minecraft:time_since_death":18463,"minecraft:sleep_in_bed":1,"minecraft:time_since_rest":18498,"minecraft:sprint_one_cm":42134,"minecraft:damage_taken":1310,"minecraft:walk_one_cm":42104,"minecraft:damage_blocked_by_shield":190,"minecraft:drop":3,"minecraft:damage_dealt":1977,"minecraft:swim_one_cm":3385,"minecraft:talked_to_villager":3,"minecraft:fly_one_cm":51666,"minecraft:player_kills":2,"minecraft:open_chest":1,"minecraft:crouch_one_cm":10559,"minecraft:play_time":22230,"minecraft:deaths":4,"minecraft:sneak_time":3735,"minecraft:walk_under_water_one_cm":2789,"minecraft:jump":299,"minecraft:walk_on_water_one_cm":8867,"minecraft:total_world_time":22230,"minecraft:fall_one_cm":5136},"minecraft:crafted":{"minecraft:cooked_beef":9,"minecraft:oak_planks":44,"minecraft:crafting_table":1,"minecraft:wooden_pickaxe":2,"minecraft:iron_sword":1,"minecraft:furnace":2,"minecraft:stone_axe":1,"minecraft:air":0,"minecraft:shield":1,"minecraft:stick":8,"minecraft:stone_pickaxe":1,"minecraft:iron_ingot":7,"minecraft:iron_pickaxe":1,"minecraft:torch":16},"minecraft:mined":{"minecraft:smithing_table":1,"minecraft:mossy_cobblestone":2,"minecraft:oak_fence":1,"minecraft:crafting_table":2,"minecraft:short_grass":10,"minecraft:grass_block":1,"minecraft:dead_bush":27,"minecraft:tall_grass":1,"minecraft:cobblestone":35,"minecraft:lapis_ore":6,"minecraft:sugar_cane":4,"minecraft:furnace":2,"minecraft:iron_ore":19,"minecraft:oak_log":9,"minecraft:coal_ore":26,"minecraft:dirt":1,"minecraft:stone":41},"minecraft:dropped":{"minecraft:stone_pickaxe":1,"minecraft:wooden_pickaxe":2},"minecraft:killed":{"minecraft:pig":2,"minecraft:witch":1,"minecraft:skeleton":3,"minecraft:cow":4},"minecraft:killed_by":{"minecraft:player":3,"minecraft:skeleton":1}},"DataVersion":3953}