{"stats":{"minecraft:picked_up":{"minecraft:crafting_table":2,"minecraft:leather":8,"minecraft:smithing_table":1,"minecraft:tuff":2,"minecraft:oak_log":22,"minecraft:lapis_lazuli":52,"minecraft:dirt":10,"minecraft:string":9,"minecraft:orange_terracotta":3,"minecraft:bone":5,"minecraft:bow":1,"minecraft:wheat_seeds":11,"minecraft:red_sand":2,"minecraft:cobbled_deepslate":5,"minecraft:raw_gold":7,"minecraft:stone_pickaxe":1,"minecraft:cobblestone_slab":4,"minecraft:iron_ingot":8,"minecraft:beef":9,"minecraft:wooden_shovel":1,"minecraft:poppy":1,"minecraft:light_gray_wool":1,"minecraft:glass_bottle":1,"minecraft:sugar_cane":26,"minecraft:oak_planks":55,"minecraft:furnace":2,"minecraft:stick":23,"minecraft:raw_iron":21,"minecraft:oak_fence":1,"minecraft:dandelion":3,"minecraft:porkchop":18,"minecraft:white_bed":5,"minecraft:redstone":7,"minecraft:mossy_cobblestone":2,"minecraft:arrow":7,"minecraft:rotten_flesh":10,"minecraft:diamond":1,"minecraft:mutton":3,"minecraft:coal":27,"minecraft:white_wool":2,"minecraft:cobblestone":78},"minecraft:used":{"minecraft:oak_fence":1,"minecraft:red_sand":2,"minecraft:oak_planks":4,"minecraft:stone_pickaxe":57,"minecraft:poppy":1,"minecraft:wooden_pickaxe":3,"minecraft:shield":12,"minecraft:iron_sword":47,"minecraft:sugar_cane":13,"minecraft:wooden_shovel":6,"minecraft:torch":12,"minecraft:mossy_cobblestone":2,"minecraft:dirt":9,"minecraft:crafting_table":3,"minecraft:white_bed":1,"minecraft:iron_pickaxe":97,"minecraft:stone_axe":55,"minecraft:bow":7,"minecraft:cobblestone":45,"minecraft:furnace":2,"minecraft:porkchop":3,"minecraft:cooked_beef":7,"minecraft:cobbled_deepslate":1,"minecraft:orange_terracotta":3},"minecraft:custom":{"minecraft:interact_with_furnace":12,"minecraft:mob_kills":25,"minecraft:interact_with_crafting_table":11,"minecraft:leave_game":1,"minecraft:time_since_death":40967,"minecraft:sleep_in_bed":1,"minecraft:time_since_rest":41002,"minecraft:sprint_one_cm":115275,"minecraft:damage_taken":1620,"minecraft:walk_one_cm":112668,"minecraft:damage_blocked_by_shield":460,"minecraft:drop":35,"minecraft:damage_dealt":4860,"minecraft:player_kills":2,"minecraft:swim_one_cm":13562,"minecraft:fly_one_cm":154900,"minecraft:talked_to_villager":3,"minecraft:open_chest":5,"minecraft:crouch_one_cm":17370,"minecraft:play_time":44734,"minecraft:deaths":4,"minecraft:sneak_time":6240,"minecraft:walk_under_water_one_cm":8568,"minecraft:jump":821,"minecraft:walk_on_water_one_cm":16454,"minecraft:total_world_time":44734,"minecraft:fall_one_cm":14236},"minecraft:mined":{"minecraft:smithing_table":1,"minecraft:tuff":2,"minecraft:white_bed":5,"minecraft:mossy_cobblestone":2,"minecraft:deepslate_diamond_ore":1,"minecraft:orange_terracotta":3,"minecraft:oak_fence":1,"minecraft:crafting_table":2,"minecraft:short_grass":65,"minecraft:red_sand":2,"minecraft:grass_block":5,"minecraft:dead_bush":27,"minecraft:tall_grass":1,"minecraft:cobblestone":40,"minecraft:lapis_ore":6,"minecraft:deepslate_gold_ore":7,"minecraft:sugar_cane":21,"minecraft:furnace":2,"minecraft:iron_ore":19,"minecraft:oak_log":20,"minecraft:coal_ore":26,"minecraft:deepslate_iron_ore":2,"minecraft:dirt":6,"minecraft:cobweb":9,"minecraft:stone":41,"minecraft:deepslate":5},"minecraft:crafted":{"minecraft:cooked_beef":9,"minecraft:oak_planks":88,"minecraft:wooden_shovel":1,"minecraft:crafting_table":1,"minecraft:wooden_pickaxe":2,"minecraft:iron_sword":1,"minecraft:furnace":2,"minecraft:stone_axe":1,"minecraft:air":0,"minecraft:shield":1,"minecraft:stick":8,"minecraft:iron_ingot":7,"minecraft:iron_pickaxe":1,"minecraft:stone_pickaxe":1,"minecraft:torch":16},"minecraft:dropped":{"minecraft:wheat_seeds":11,"minecraft:lapis_lazuli":6,"minecraft:cobbled_deepslate":4,"minecraft:glass_bottle":1,"minecraft:smithing_table":1,"minecraft:tuff":2,"minecraft:light_gray_wool":1,"minecraft:oak_planks":68,"minecraft:white_bed":1,"minecraft:dirt":1,"minecraft:cobblestone_slab":4,"minecraft:wooden_shovel":2,"minecraft:arrow":1,"minecraft:bow":1,"minecraft:wooden_pickaxe":2,"minecraft:stone_pickaxe":2,"minecraft:dandelion":3},"minecraft:killed":{"minecraft:pig":10,"minecraft:witch":1,"minecraft:iron_golem":2,"minecraft:skeleton":5,"minecraft:sheep":2,"minecraft:zombie":1,"minecraft:cow":4},"minecraft:killed_by":{"minecraft:player":3,"minecraft:skeleton":1}},"DataVersion":3953}