{"stats":{"minecraft:picked_up":{"minecraft:crafting_table":7,"minecraft:anvil":1,"minecraft:smithing_table":1,"minecraft:gold_block":2,"minecraft:oak_trapdoor":20,"minecraft:string":30908,"minecraft:flint_and_steel":1,"minecraft:oak_sign":3,"minecraft:smooth_stone":22,"minecraft:red_sand":2,"minecraft:gold_nugget":1,"minecraft:cobbled_deepslate":73,"minecraft:beef":26,"minecraft:oak_boat":5,"minecraft:rose_bush":26,"minecraft:cobblestone_slab":4,"minecraft:wooden_shovel":1,"minecraft:poppy":6,"minecraft:light_gray_wool":1,"minecraft:sugar_cane":93,"minecraft:chest":24,"minecraft:birch_sapling":7,"minecraft:egg":2,"minecraft:furnace":17,"minecraft:stick":42,"minecraft:raw_iron":302,"minecraft:stone":22,"minecraft:oak_fence":1,"minecraft:torch":14,"minecraft:acacia_log":1,"minecraft:porkchop":39,"minecraft:cookie":126,"minecraft:diorite":7,"minecraft:redstone":74,"minecraft:arrow":16,"minecraft:rotten_flesh":21,"minecraft:gold_ingot":1,"minecraft:obsidian":2,"minecraft:mutton":3,"minecraft:stripped_oak_log":2,"minecraft:white_wool":2,"minecraft:cobblestone":580,"minecraft:birch_log":42,"minecraft:cooked_beef":1,"minecraft:tripwire_hook":11,"minecraft:andesite":2,"minecraft:salmon":2,"minecraft:leather":13,"minecraft:flint":6,"minecraft:tuff":33,"minecraft:oak_log":181,"minecraft:lapis_lazuli":221,"minecraft:dirt":115,"minecraft:orange_terracotta":3,"minecraft:bone":16,"minecraft:apple":4,"minecraft:stone_bricks":39,"minecraft:bow":1,"minecraft:wheat_seeds":14,"minecraft:raw_gold":67,"minecraft:stone_pickaxe":1,"minecraft:iron_ingot":30,"minecraft:glass_bottle":1,"minecraft:oak_planks":149,"minecraft:book":27,"minecraft:oak_slab":6,"minecraft:cooked_porkchop":11,"minecraft:dandelion":3,"minecraft:gravel":51,"minecraft:blast_furnace":7,"minecraft:ink_sac":4,"minecraft:white_bed":5,"minecraft:barrel":1,"minecraft:spider_eye":3,"minecraft:mossy_cobblestone":2,"minecraft:diamond":21,"minecraft:lever":7,"minecraft:granite":53,"minecraft:painting":8,"minecraft:oak_sapling":20,"minecraft:netherrack":2,"minecraft:coal":163,"minecraft:hopper":10},"minecraft:used":{"minecraft:oak_trapdoor":20,"minecraft:oak_fence":1,"minecraft:rose_bush":2,"minecraft:red_sand":2,"minecraft:flint_and_steel":4,"minecraft:iron_shovel":103,"minecraft:poppy":1,"minecraft:chest":31,"minecraft:shield":34,"minecraft:stone":1,"minecraft:iron_sword":175,"minecraft:wooden_shovel":6,"minecraft:torch":80,"minecraft:dirt":24,"minecraft:hopper":13,"minecraft:granite":30,"minecraft:glass":2,"minecraft:lava_bucket":2,"minecraft:bookshelf":21,"minecraft:iron_axe":42,"minecraft:birch_sapling":7,"minecraft:barrel":2,"minecraft:stone_bricks":82,"minecraft:tripwire_hook":11,"minecraft:golden_carrot":13,"minecraft:bow":7,"minecraft:oak_sapling":20,"minecraft:furnace":11,"minecraft:egg":2,"minecraft:cooked_beef":12,"minecraft:cobbled_deepslate":45,"minecraft:orange_terracotta":3,"minecraft:golden_boots":1,"minecraft:water_bucket":39,"minecraft:diorite":1,"minecraft:stone_pickaxe":57,"minecraft:oak_planks":96,"minecraft:wooden_pickaxe":3,"minecraft:diamond_axe":366,"minecraft:sugar_cane":58,"minecraft:mossy_cobblestone":2,"minecraft:crafting_table":14,"minecraft:blast_furnace":11,"minecraft:painting":8,"minecraft:white_bed":1,"minecraft:shears":6,"minecraft:oak_log":72,"minecraft:lever":7,"minecraft:diamond_pickaxe":729,"minecraft:string":15,"minecraft:iron_pickaxe":196,"minecraft:gravel":1,"minecraft:stone_axe":72,"minecraft:cobblestone":240,"minecraft:cooked_porkchop":6,"minecraft:porkchop":3,"minecraft:bucket":41},"minecraft:custom":{"minecraft:interact_with_anvil":2,"minecraft:mob_kills":84,"minecraft:inspect_hopper":8,"minecraft:interact_with_crafting_table":48,"minecraft:open_barrel":10,"minecraft:interact_with_campfire":7,"minecraft:leave_game":6,"minecraft:time_since_death":300246,"minecraft:climb_one_cm":104,"minecraft:sprint_one_cm":432568,"minecraft:walk_one_cm":639087,"minecraft:damage_blocked_by_shield":1981,"minecraft:drop":255,"minecraft:talked_to_villager":168,"minecraft:play_time":304013,"minecraft:deaths":4,"minecraft:sneak_time":21620,"minecraft:walk_under_water_one_cm":47625,"minecraft:jump":3514,"minecraft:interact_with_blast_furnace":16,"minecraft:walk_on_water_one_cm":111342,"minecraft:enchant_item":8,"minecraft:total_world_time":304013,"minecraft:interact_with_furnace":120,"minecraft:traded_with_villager":766,"minecraft:interact_with_grindstone":7,"minecraft:sleep_in_bed":4,"minecraft:time_since_rest":609,"minecraft:damage_taken":2924,"minecraft:damage_dealt":15253,"minecraft:swim_one_cm":36987,"minecraft:fly_one_cm":604316,"minecraft:player_kills":2,"minecraft:open_chest":231,"minecraft:crouch_one_cm":78819,"minecraft:fall_one_cm":52555},"minecraft:mined":{"minecraft:tuff":32,"minecraft:white_bed":5,"minecraft:mossy_cobblestone":2,"minecraft:deepslate_diamond_ore":11,"minecraft:lever":1,"minecraft:granite":52,"minecraft:red_sand":2,"minecraft:acacia_log":1,"minecraft:grass_block":8,"minecraft:hopper":10,"minecraft:redstone_ore":6,"minecraft:oak_trapdoor":22,"minecraft:cobbled_deepslate":21,"minecraft:fire":4,"minecraft:furnace":14,"minecraft:barrel":1,"minecraft:iron_ore":74,"minecraft:andesite":2,"minecraft:deepslate_lapis_ore":5,"minecraft:gold_block":2,"minecraft:bookshelf":9,"minecraft:dirt_path":2,"minecraft:deepslate_iron_ore":68,"minecraft:stripped_oak_log":2,"minecraft:stone":204,"minecraft:tripwire":8,"minecraft:smithing_table":1,"minecraft:deepslate_redstone_ore":5,"minecraft:oak_slab":6,"minecraft:orange_terracotta":3,"minecraft:oak_fence":1,"minecraft:crafting_table":7,"minecraft:torch":1,"minecraft:short_grass":90,"minecraft:blast_furnace":6,"minecraft:chest":24,"minecraft:rose_bush":26,"minecraft:dead_bush":27,"minecraft:tall_grass":8,"minecraft:cobblestone":238,"minecraft:lapis_ore":13,"minecraft:deepslate_gold_ore":31,"minecraft:sugar_cane":46,"minecraft:oak_planks":86,"minecraft:diorite":2,"minecraft:wall_torch":7,"minecraft:birch_log":42,"minecraft:birch_leaves":2,"minecraft:oak_log":169,"minecraft:coal_ore":84,"minecraft:gravel":49,"minecraft:dirt":71,"minecraft:cobweb":9,"minecraft:tripwire_hook":5,"minecraft:stone_bricks":39,"minecraft:netherrack":3,"minecraft:oak_leaves":46,"minecraft:deepslate":48},"minecraft:crafted":{"minecraft:golden_carrot":36,"minecraft:smooth_stone":83,"minecraft:cookie":216,"minecraft:oak_planks":504,"minecraft:barrel":1,"minecraft:furnace":10,"minecraft:blast_furnace":8,"minecraft:stone":261,"minecraft:diamond_shovel":1,"minecraft:bookshelf":24,"minecraft:oak_trapdoor":10,"minecraft:hopper":4,"minecraft:glass":84,"minecraft:diamond_helmet":1,"minecraft:diamond_leggings":1,"minecraft:iron_axe":1,"minecraft:stone_pickaxe":1,"minecraft:chest":15,"minecraft:diamond_boots":1,"minecraft:stone_bricks":132,"minecraft:golden_boots":1,"minecraft:cooked_beef":23,"minecraft:oak_slab":6,"minecraft:wooden_shovel":1,"minecraft:diamond_sword":1,"minecraft:emerald":617,"minecraft:cooked_porkchop":26,"minecraft:diamond_axe":1,"minecraft:crafting_table":3,"minecraft:iron_helmet":1,"minecraft:wooden_pickaxe":2,"minecraft:iron_sword":1,"minecraft:bucket":1,"minecraft:stone_axe":1,"minecraft:bread":96,"minecraft:air":0,"minecraft:apple":128,"minecraft:oak_boat":71,"minecraft:iron_chestplate":1,"minecraft:book":13,"minecraft:paper":114,"minecraft:diamond_pickaxe":4,"minecraft:shield":1,"minecraft:stick":20,"minecraft:iron_pickaxe":1,"minecraft:iron_ingot":66,"minecraft:gold_ingot":24,"minecraft:iron_shovel":1,"minecraft:iron_leggings":1,"minecraft:pumpkin_pie":96,"minecraft:acacia_planks":4,"minecraft:torch":48,"minecraft:shears":1,"minecraft:diamond_chestplate":1},"minecraft:dropped":{"minecraft:iron_ingot":1,"minecraft:iron_sword":1,"minecraft:oak_slab":3,"minecraft:wheat_seeds":14,"minecraft:lapis_lazuli":6,"minecraft:cooked_beef":1,"minecraft:oak_log":16,"minecraft:mossy_cobblestone":2,"minecraft:glass_bottle":1,"minecraft:smithing_table":1,"minecraft:bookshelf":3,"minecraft:cooked_porkchop":1,"minecraft:cookie":126,"minecraft:cobblestone":2,"minecraft:leather":1,"minecraft:apple":2,"minecraft:granite":18,"minecraft:flint":2,"minecraft:stick":2,"minecraft:emerald":36,"minecraft:dirt":60,"minecraft:ink_sac":4,"minecraft:diorite":6,"minecraft:torch":1,"minecraft:rose_bush":24,"minecraft:oak_stairs":3,"minecraft:gold_nugget":1,"minecraft:iron_axe":1,"minecraft:iron_pickaxe":1,"minecraft:string":7255,"minecraft:bucket":1,"minecraft:dandelion":3,"minecraft:gravel":7,"minecraft:furnace":6,"minecraft:anvil":1,"minecraft:stone_axe":1,"minecraft:sugar_cane":1,"minecraft:cobbled_deepslate":5,"minecraft:tuff":12,"minecraft:obsidian":2,"minecraft:rotten_flesh":13,"minecraft:light_gray_wool":1,"minecraft:oak_planks":82,"minecraft:diamond_shovel":1,"minecraft:white_bed":1,"minecraft:oak_sign":5,"minecraft:salmon":3,"minecraft:blast_furnace":5,"minecraft:poppy":3,"minecraft:cobblestone_slab":5,"minecraft:stone":12,"minecraft:shield":1,"minecraft:diamond_pickaxe":1,"minecraft:andesite":2,"minecraft:oak_sapling":1,"minecraft:oak_boat":5,"minecraft:wooden_shovel":2,"minecraft:stone_bricks":2,"minecraft:spider_eye":3,"minecraft:beef":3,"minecraft:arrow":1,"minecraft:bow":1,"minecraft:wooden_pickaxe":3,"minecraft:stone_pickaxe":2,"minecraft:netherrack":2},"minecraft:killed":{"minecraft:witch":1,"minecraft:spider":6,"minecraft:skeleton":14,"minecraft:pig":21,"minecraft:zombie_villager":1,"minecraft:iron_golem":6,"minecraft:sheep":2,"minecraft:zombie":19,"minecraft:cow":11},"minecraft:killed_by":{"minecraft:player":3,"minecraft:skeleton":1}},"DataVersion":3953}