{"stats":{"minecraft:killed":{"minecraft:horse":2,"minecraft:skeleton":10,"minecraft:zombie_villager":1,"minecraft:zombie":13,"minecraft:wither_skeleton":11,"minecraft:villager":9,"minecraft:blaze":25,"minecraft:cow":4},"minecraft:custom":{"minecraft:interact_with_smithing_table":1,"minecraft:mob_kills":75,"minecraft:interact_with_crafting_table":23,"minecraft:leave_game":11,"minecraft:time_since_death":234879,"minecraft:climb_one_cm":12095,"minecraft:sprint_one_cm":519722,"minecraft:walk_one_cm":486599,"minecraft:damage_blocked_by_shield":1875,"minecraft:drop":74,"minecraft:talked_to_villager":175,"minecraft:play_time":234879,"minecraft:sneak_time":19607,"minecraft:walk_under_water_one_cm":20572,"minecraft:jump":3703,"minecraft:interact_with_blast_furnace":3,"minecraft:walk_on_water_one_cm":36992,"minecraft:total_world_time":234879,"minecraft:interact_with_furnace":26,"minecraft:traded_with_villager":207,"minecraft:sleep_in_bed":7,"minecraft:time_since_rest":101071,"minecraft:damage_taken":4288,"minecraft:damage_dealt":14945,"minecraft:swim_one_cm":13246,"minecraft:fly_one_cm":477128,"minecraft:open_chest":64,"minecraft:crouch_one_cm":59773,"minecraft:fall_one_cm":107548},"minecraft:crafted":{"minecraft:grindstone":1,"minecraft:oak_planks":1364,"minecraft:furnace":6,"minecraft:stone":4,"minecraft:diamond_shovel":1,"minecraft:flint_and_steel":1,"minecraft:cooked_mutton":1,"minecraft:oak_trapdoor":4,"minecraft:diamond_helmet":1,"minecraft:bow":9,"minecraft:diamond_leggings":1,"minecraft:iron_boots":1,"minecraft:iron_axe":1,"minecraft:ladder":27,"minecraft:stone_pickaxe":1,"minecraft:chest":2,"minecraft:oak_button":29,"minecraft:cooked_beef":5,"minecraft:oak_slab":6,"minecraft:diamond_sword":1,"minecraft:emerald":181,"minecraft:diamond_axe":1,"minecraft:crafting_table":6,"minecraft:spruce_planks":776,"minecraft:wooden_pickaxe":1,"minecraft:iron_helmet":1,"minecraft:iron_sword":3,"minecraft:bucket":1,"minecraft:stone_axe":1,"minecraft:bread":60,"minecraft:air":0,"minecraft:iron_chestplate":1,"minecraft:diamond_pickaxe":1,"minecraft:shield":1,"minecraft:stick":4076,"minecraft:stone_slab":6,"minecraft:iron_ingot":1,"minecraft:iron_pickaxe":1,"minecraft:stone_sword":1,"minecraft:snow_block":5,"minecraft:gold_ingot":4,"minecraft:iron_leggings":1,"minecraft:torch":44,"minecraft:shears":1},"minecraft:used":{"minecraft:oak_trapdoor":6,"minecraft:stone_sword":6,"minecraft:iron_shovel":23,"minecraft:flint_and_steel":1,"minecraft:redstone":1,"minecraft:ladder":9,"minecraft:chest":10,"minecraft:spruce_planks":26,"minecraft:shield":41,"minecraft:stone":122,"minecraft:iron_sword":22,"minecraft:bell":1,"minecraft:netherrack":180,"minecraft:torch":196,"minecraft:soul_sand":4,"minecraft:dirt":30,"minecraft:granite":4,"minecraft:snowball":92,"minecraft:glass":6,"minecraft:lava_bucket":15,"minecraft:villager_spawn_egg":2,"minecraft:grass_block":39,"minecraft:iron_axe":83,"minecraft:netherite_hoe":98,"minecraft:iron_boots":1,"minecraft:bow":4,"minecraft:soul_soil":9,"minecraft:furnace":9,"minecraft:minecart":1,"minecraft:cooked_beef":7,"minecraft:potato":80,"minecraft:cobbled_deepslate":28,"minecraft:wheat_seeds":24,"minecraft:water_bucket":48,"minecraft:diorite":2,"minecraft:snow_block":5,"minecraft:stone_pickaxe":121,"minecraft:powered_rail":7,"minecraft:oak_planks":19,"minecraft:wooden_pickaxe":11,"minecraft:composter":2,"minecraft:spruce_sign":2,"minecraft:diamond_axe":250,"minecraft:fletching_table":2,"minecraft:cobblestone_slab":32,"minecraft:golden_apple":1,"minecraft:mossy_cobblestone":6,"minecraft:rail":21,"minecraft:oak_slab":6,"minecraft:crafting_table":9,"minecraft:white_bed":6,"minecraft:shears":3,"minecraft:spruce_log":2,"minecraft:redstone_torch":3,"minecraft:lever":2,"minecraft:diamond_pickaxe":589,"minecraft:cornflower":2,"minecraft:diamond_shovel":123,"minecraft:bread":93,"minecraft:sunflower":6,"minecraft:oak_button":39,"minecraft:iron_pickaxe":5,"minecraft:lectern":88,"minecraft:spruce_trapdoor":10,"minecraft:stone_slab":66,"minecraft:spruce_sapling":4,"minecraft:gravel":5,"minecraft:stone_axe":84,"minecraft:diamond_sword":267,"minecraft:cobblestone":366,"minecraft:grindstone":6,"minecraft:bucket":62,"minecraft:cobweb":3},"minecraft:mined":{"minecraft:nether_gold_ore":11,"minecraft:large_amethyst_bud":2,"minecraft:tuff":1,"minecraft:spruce_planks":4,"minecraft:mossy_cobblestone":6,"minecraft:deepslate_diamond_ore":6,"minecraft:obsidian":4,"minecraft:spruce_trapdoor":4,"minecraft:nether_bricks":3,"minecraft:ladder":1,"minecraft:granite":4,"minecraft:budding_amethyst":1,"minecraft:grass_block":26,"minecraft:soul_soil":12,"minecraft:spruce_leaves":22,"minecraft:hopper":8,"minecraft:spawner":2,"minecraft:hay_block":2,"minecraft:oak_trapdoor":2,"minecraft:sculk_catalyst":1,"minecraft:furnace":9,"minecraft:carrots":19,"minecraft:fire":22,"minecraft:cobbled_deepslate":21,"minecraft:snow":5,"minecraft:fletching_table":2,"minecraft:potatoes":46,"minecraft:deepslate_iron_ore":1,"minecraft:rail":5,"minecraft:stripped_oak_log":16,"minecraft:stone":153,"minecraft:bone_block":21,"minecraft:spruce_slab":1,"minecraft:redstone_wall_torch":1,"minecraft:smithing_table":1,"minecraft:soul_sand":11,"minecraft:snow_block":51,"minecraft:soul_fire":9,"minecraft:amethyst_cluster":1,"minecraft:basalt":36,"minecraft:crafting_table":5,"minecraft:torch":3,"minecraft:short_grass":8,"minecraft:blast_furnace":2,"minecraft:calcite":3,"minecraft:chest":8,"minecraft:lectern":89,"minecraft:stone_slab":2,"minecraft:copper_ore":2,"minecraft:nether_quartz_ore":4,"minecraft:glass":4,"minecraft:tall_grass":1,"minecraft:cobblestone":90,"minecraft:grindstone":4,"minecraft:sugar_cane":3,"minecraft:oak_planks":7,"minecraft:diorite":2,"minecraft:wall_torch":22,"minecraft:amethyst_block":5,"minecraft:powered_rail":6,"minecraft:birch_log":6,"minecraft:redstone_torch":1,"minecraft:wheat":24,"minecraft:spruce_log":196,"minecraft:stripped_oak_wood":2,"minecraft:coal_ore":71,"minecraft:oak_log":69,"minecraft:gravel":7,"minecraft:sunflower":11,"minecraft:loom":1,"minecraft:dirt":27,"minecraft:cobweb":6,"minecraft:smooth_basalt":3,"minecraft:oak_button":4,"minecraft:netherrack":214,"minecraft:oak_leaves":2,"minecraft:deepslate":15},"minecraft:dropped":{"minecraft:iron_ingot":1,"minecraft:water_bucket":2,"minecraft:iron_sword":3,"minecraft:wheat_seeds":49,"minecraft:diamond_axe":1,"minecraft:cooked_beef":26,"minecraft:oak_log":64,"minecraft:loom":2,"minecraft:poisonous_potato":1,"minecraft:rail":13,"minecraft:stick":19,"minecraft:dirt":2,"minecraft:snowball":49,"minecraft:sunflower":8,"minecraft:iron_axe":1,"minecraft:spruce_sapling":11,"minecraft:dandelion":3,"minecraft:stone_axe":1,"minecraft:stone_sword":2,"minecraft:tuff":1,"minecraft:wheat":4,"minecraft:rotten_flesh":1,"minecraft:iron_boots":10,"minecraft:stone_slab":5,"minecraft:cooked_mutton":1,"minecraft:carrot":60,"minecraft:poppy":178,"minecraft:oak_button":1,"minecraft:chainmail_boots":2,"minecraft:spruce_slab":1,"minecraft:bow":8,"minecraft:wooden_pickaxe":1,"minecraft:arrow":1,"minecraft:beef":5},"minecraft:picked_up":{"minecraft:crafting_table":5,"minecraft:wheat":24,"minecraft:chainmail_boots":2,"minecraft:ladder":1,"minecraft:smithing_table":1,"minecraft:stone_slab":2,"minecraft:raw_copper":4,"minecraft:cornflower":2,"minecraft:soul_soil":12,"minecraft:oak_trapdoor":2,"minecraft:string":3,"minecraft:iron_axe":1,"minecraft:oak_sign":6,"minecraft:gold_nugget":42,"minecraft:cobbled_deepslate":13,"minecraft:spruce_planks":3,"minecraft:beef":10,"minecraft:redstone_torch":3,"minecraft:minecart":1,"minecraft:poppy":178,"minecraft:spruce_slab":1,"minecraft:lectern":88,"minecraft:sugar_cane":6,"minecraft:chest":8,"minecraft:spruce_trapdoor":5,"minecraft:furnace":9,"minecraft:iron_boots":10,"minecraft:stick":87,"minecraft:raw_iron":1,"minecraft:torch":45,"minecraft:diorite":2,"minecraft:carrot":62,"minecraft:stone_sword":2,"minecraft:arrow":5,"minecraft:rotten_flesh":6,"minecraft:nether_bricks":2,"minecraft:blaze_rod":11,"minecraft:obsidian":4,"minecraft:bone_block":18,"minecraft:snowball":161,"minecraft:rail":16,"minecraft:cobblestone":233,"minecraft:stripped_oak_log":16,"minecraft:birch_log":6,"minecraft:basalt":36,"minecraft:water_bucket":1,"minecraft:leather":9,"minecraft:potato":83,"minecraft:flint":1,"minecraft:tuff":1,"minecraft:oak_log":133,"minecraft:wither_skeleton_skull":1,"minecraft:dirt":78,"minecraft:bone":18,"minecraft:wheat_seeds":75,"minecraft:bell":1,"minecraft:grindstone":5,"minecraft:cobweb":3,"minecraft:stripped_oak_wood":2,"minecraft:fletching_table":3,"minecraft:powered_rail":7,"minecraft:oak_planks":6,"minecraft:iron_sword":1,"minecraft:soul_sand":11,"minecraft:quartz":4,"minecraft:dandelion":3,"minecraft:poisonous_potato":1,"minecraft:gravel":5,"minecraft:amethyst_shard":4,"minecraft:spruce_sapling":15,"minecraft:blast_furnace":2,"minecraft:white_bed":1,"minecraft:spruce_log":195,"minecraft:loom":2,"minecraft:mossy_cobblestone":6,"minecraft:diamond":6,"minecraft:stone_axe":1,"minecraft:granite":4,"minecraft:bread":30,"minecraft:oak_button":23,"minecraft:netherrack":180,"minecraft:coal":80,"minecraft:hopper":8,"minecraft:sunflower":14}},"DataVersion":3953}