{"stats":{"minecraft:killed":{"minecraft:skeleton":1,"minecraft:zombie":3,"minecraft:cow":1},"minecraft:custom":{"minecraft:interact_with_smithing_table":1,"minecraft:interact_with_furnace":19,"minecraft:mob_kills":5,"minecraft:traded_with_villager":111,"minecraft:interact_with_crafting_table":20,"minecraft:leave_game":3,"minecraft:time_since_death":89112,"minecraft:sleep_in_bed":5,"minecraft:climb_one_cm":8573,"minecraft:time_since_rest":6220,"minecraft:sprint_one_cm":118804,"minecraft:damage_taken":558,"minecraft:walk_one_cm":168591,"minecraft:drop":21,"minecraft:damage_dealt":1414,"minecraft:swim_one_cm":2429,"minecraft:talked_to_villager":34,"minecraft:fly_one_cm":114736,"minecraft:open_chest":27,"minecraft:crouch_one_cm":23806,"minecraft:play_time":89112,"minecraft:sneak_time":7673,"minecraft:walk_under_water_one_cm":4212,"minecraft:jump":835,"minecraft:interact_with_blast_furnace":1,"minecraft:walk_on_water_one_cm":11959,"minecraft:total_world_time":89112,"minecraft:fall_one_cm":18541},"minecraft:crafted":{"minecraft:cooked_beef":5,"minecraft:grindstone":1,"minecraft:oak_planks":1292,"minecraft:oak_slab":6,"minecraft:emerald":91,"minecraft:crafting_table":3,"minecraft:spruce_planks":4,"minecraft:wooden_pickaxe":1,"minecraft:iron_helmet":1,"minecraft:iron_sword":1,"minecraft:furnace":5,"minecraft:stone":4,"minecraft:bucket":1,"minecraft:diamond_shovel":1,"minecraft:stone_axe":1,"minecraft:bread":60,"minecraft:air":0,"minecraft:cooked_mutton":1,"minecraft:oak_trapdoor":4,"minecraft:bow":8,"minecraft:iron_boots":1,"minecraft:iron_chestplate":1,"minecraft:diamond_pickaxe":1,"minecraft:shield":1,"minecraft:iron_axe":1,"minecraft:ladder":27,"minecraft:stick":2396,"minecraft:stone_slab":6,"minecraft:iron_pickaxe":1,"minecraft:stone_pickaxe":1,"minecraft:stone_sword":1,"minecraft:chest":2,"minecraft:iron_leggings":1,"minecraft:oak_button":29},"minecraft:used":{"minecraft:oak_trapdoor":6,"minecraft:water_bucket":3,"minecraft:stone_sword":6,"minecraft:iron_shovel":23,"minecraft:powered_rail":7,"minecraft:redstone":1,"minecraft:stone_pickaxe":121,"minecraft:ladder":9,"minecraft:oak_planks":19,"minecraft:spruce_sign":2,"minecraft:chest":2,"minecraft:wooden_pickaxe":11,"minecraft:stone":122,"minecraft:iron_sword":13,"minecraft:fletching_table":2,"minecraft:composter":2,"minecraft:bell":1,"minecraft:cobblestone_slab":32,"minecraft:torch":92,"minecraft:mossy_cobblestone":6,"minecraft:dirt":2,"minecraft:rail":21,"minecraft:oak_slab":6,"minecraft:crafting_table":6,"minecraft:white_bed":6,"minecraft:redstone_torch":3,"minecraft:glass":6,"minecraft:lever":2,"minecraft:diamond_pickaxe":13,"minecraft:diamond_shovel":13,"minecraft:villager_spawn_egg":2,"minecraft:iron_axe":5,"minecraft:grass_block":39,"minecraft:bread":4,"minecraft:oak_button":39,"minecraft:iron_pickaxe":5,"minecraft:netherite_hoe":98,"minecraft:stone_slab":65,"minecraft:spruce_trapdoor":9,"minecraft:stone_axe":84,"minecraft:cobblestone":168,"minecraft:furnace":8,"minecraft:minecart":1,"minecraft:bucket":2,"minecraft:cooked_beef":7,"minecraft:potato":80},"minecraft:mined":{"minecraft:mossy_cobblestone":6,"minecraft:snow_block":12,"minecraft:torch":1,"minecraft:crafting_table":3,"minecraft:spruce_trapdoor":3,"minecraft:ladder":1,"minecraft:short_grass":5,"minecraft:grass_block":6,"minecraft:stone_slab":1,"minecraft:cobblestone":22,"minecraft:oak_planks":6,"minecraft:spawner":1,"minecraft:oak_trapdoor":2,"minecraft:powered_rail":6,"minecraft:furnace":3,"minecraft:redstone_torch":1,"minecraft:fletching_table":1,"minecraft:oak_log":69,"minecraft:potatoes":1,"minecraft:coal_ore":4,"minecraft:rail":5,"minecraft:loom":1,"minecraft:dirt":11,"minecraft:oak_button":2,"minecraft:stone":100,"minecraft:oak_leaves":2,"minecraft:redstone_wall_torch":1},"minecraft:dropped":{"minecraft:water_bucket":1,"minecraft:stone_axe":1,"minecraft:cooked_beef":26,"minecraft:oak_log":64,"minecraft:loom":2,"minecraft:cooked_mutton":1,"minecraft:rail":6,"minecraft:stick":19,"minecraft:iron_axe":1,"minecraft:bow":7,"minecraft:wooden_pickaxe":1},"minecraft:picked_up":{"minecraft:crafting_table":3,"minecraft:ladder":1,"minecraft:water_bucket":1,"minecraft:leather":2,"minecraft:stone_slab":1,"minecraft:oak_log":133,"minecraft:oak_trapdoor":2,"minecraft:dirt":47,"minecraft:iron_axe":1,"minecraft:oak_sign":5,"minecraft:wheat_seeds":1,"minecraft:bell":1,"minecraft:beef":5,"minecraft:redstone_torch":3,"minecraft:fletching_table":2,"minecraft:minecart":1,"minecraft:powered_rail":7,"minecraft:oak_planks":6,"minecraft:spruce_trapdoor":4,"minecraft:furnace":3,"minecraft:stick":20,"minecraft:torch":1,"minecraft:white_bed":1,"minecraft:loom":2,"minecraft:mossy_cobblestone":6,"minecraft:rotten_flesh":1,"minecraft:stone_axe":1,"minecraft:oak_button":22,"minecraft:coal":4,"minecraft:snowball":48,"minecraft:rail":10,"minecraft:cobblestone":120}},"DataVersion":3953}