{"stats":{"minecraft:used":{"minecraft:apple":1,"minecraft:stone_sword":51,"minecraft:bread":6,"minecraft:stone_pickaxe":7,"minecraft:wooden_pickaxe":13,"minecraft:stone_axe":72,"minecraft:cobblestone":5,"minecraft:dirt":3,"minecraft:mutton":2,"minecraft:crafting_table":1,"minecraft:oak_sapling":2,"minecraft:porkchop":2,"minecraft:yellow_bed":1,"minecraft:stripped_oak_log":2},"minecraft:dropped":{"minecraft:cobblestone":1,"minecraft:wooden_pickaxe":1},"minecraft:crafted":{"minecraft:stick":8,"minecraft:stone_pickaxe":1,"minecraft:stone_sword":1,"minecraft:birch_planks":48,"minecraft:stone_axe":1,"minecraft:bread":36,"minecraft:wheat":108},"minecraft:killed":{"minecraft:sheep":3,"minecraft:zombie":3,"minecraft:pig":2,"minecraft:spider":1,"minecraft:iron_golem":1},"minecraft:mined":{"minecraft:hay_block":15,"minecraft:birch_log":12,"minecraft:birch_leaves":1,"minecraft:yellow_bed":1,"minecraft:crafting_table":1,"minecraft:short_grass":11,"minecraft:grass_block":1,"minecraft:oak_log":30,"minecraft:dirt":2,"minecraft:tall_grass":4,"minecraft:stripped_oak_log":25,"minecraft:cobblestone":5,"minecraft:stone":13,"minecraft:grindstone":1},"minecraft:custom":{"minecraft:time_since_rest":362,"minecraft:interact_with_furnace":1,"minecraft:sprint_one_cm":59007,"minecraft:damage_taken":458,"minecraft:walk_one_cm":42906,"minecraft:mob_kills":10,"minecraft:drop":2,"minecraft:damage_dealt":2249,"minecraft:talked_to_villager":1,"minecraft:swim_one_cm":3747,"minecraft:interact_with_crafting_table":3,"minecraft:fly_one_cm":56846,"minecraft:open_chest":1,"minecraft:crouch_one_cm":237,"minecraft:play_time":16288,"minecraft:bell_ring":1,"minecraft:sneak_time":604,"minecraft:walk_under_water_one_cm":307,"minecraft:jump":285,"minecraft:time_since_death":16288,"minecraft:walk_on_water_one_cm":564,"minecraft:sleep_in_bed":1,"minecraft:total_world_time":16288,"minecraft:fall_one_cm":7918},"minecraft:picked_up":{"minecraft:stripped_oak_log":25,"minecraft:birch_log":12,"minecraft:stick":1,"minecraft:crafting_table":1,"minecraft:dandelion":1,"minecraft:wooden_pickaxe":1,"minecraft:porkchop":4,"minecraft:oak_log":29,"minecraft:yellow_bed":1,"minecraft:spider_eye":1,"minecraft:string":1,"minecraft:dirt":3,"minecraft:rotten_flesh":4,"minecraft:apple":1,"minecraft:hay_block":15,"minecraft:iron_ingot":3,"minecraft:grindstone":1,"minecraft:oak_sapling":2,"minecraft:mutton":5,"minecraft:white_wool":3,"minecraft:cobblestone":19}},"DataVersion":3953}