{"stats":{"minecraft:killed":{"minecraft:horse":2,"minecraft:skeleton":3,"minecraft:zombie":5,"minecraft:cow":4},"minecraft:custom":{"minecraft:interact_with_smithing_table":1,"minecraft:mob_kills":14,"minecraft:interact_with_crafting_table":20,"minecraft:leave_game":3,"minecraft:time_since_death":137112,"minecraft:climb_one_cm":10205,"minecraft:sprint_one_cm":276588,"minecraft:walk_one_cm":264232,"minecraft:damage_blocked_by_shield":590,"minecraft:drop":58,"minecraft:talked_to_villager":70,"minecraft:play_time":137112,"minecraft:sneak_time":12259,"minecraft:walk_under_water_one_cm":13816,"minecraft:jump":1782,"minecraft:interact_with_blast_furnace":3,"minecraft:walk_on_water_one_cm":20912,"minecraft:total_world_time":137112,"minecraft:interact_with_furnace":25,"minecraft:traded_with_villager":171,"minecraft:sleep_in_bed":7,"minecraft:time_since_rest":3304,"minecraft:damage_taken":1154,"minecraft:damage_dealt":2972,"minecraft:swim_one_cm":2881,"minecraft:fly_one_cm":214264,"minecraft:open_chest":47,"minecraft:crouch_one_cm":37179,"minecraft:fall_one_cm":48221},"minecraft:crafted":{"minecraft:grindstone":1,"minecraft:oak_planks":1356,"minecraft:furnace":5,"minecraft:stone":4,"minecraft:diamond_shovel":1,"minecraft:cooked_mutton":1,"minecraft:oak_trapdoor":4,"minecraft:iron_boots":1,"minecraft:bow":8,"minecraft:iron_axe":1,"minecraft:ladder":27,"minecraft:stone_pickaxe":1,"minecraft:chest":2,"minecraft:oak_button":29,"minecraft:cooked_beef":5,"minecraft:oak_slab":6,"minecraft:diamond_sword":1,"minecraft:emerald":147,"minecraft:diamond_axe":1,"minecraft:crafting_table":3,"minecraft:spruce_planks":776,"minecraft:iron_helmet":1,"minecraft:wooden_pickaxe":1,"minecraft:iron_sword":3,"minecraft:bucket":1,"minecraft:stone_axe":1,"minecraft:bread":60,"minecraft:air":0,"minecraft:iron_chestplate":1,"minecraft:diamond_pickaxe":1,"minecraft:shield":1,"minecraft:stick":4072,"minecraft:stone_slab":6,"minecraft:iron_pickaxe":1,"minecraft:stone_sword":1,"minecraft:snow_block":5,"minecraft:iron_leggings":1,"minecraft:torch":44},"minecraft:used":{"minecraft:oak_trapdoor":6,"minecraft:stone_sword":6,"minecraft:iron_shovel":23,"minecraft:redstone":1,"minecraft:ladder":9,"minecraft:spruce_planks":2,"minecraft:chest":2,"minecraft:shield":5,"minecraft:stone":122,"minecraft:iron_sword":22,"minecraft:bell":1,"minecraft:torch":123,"minecraft:dirt":2,"minecraft:snowball":92,"minecraft:glass":6,"minecraft:villager_spawn_egg":2,"minecraft:grass_block":39,"minecraft:iron_axe":83,"minecraft:netherite_hoe":98,"minecraft:iron_boots":1,"minecraft:furnace":8,"minecraft:minecart":1,"minecraft:cooked_beef":7,"minecraft:potato":80,"minecraft:wheat_seeds":24,"minecraft:water_bucket":28,"minecraft:snow_block":5,"minecraft:stone_pickaxe":121,"minecraft:powered_rail":7,"minecraft:oak_planks":19,"minecraft:wooden_pickaxe":11,"minecraft:composter":2,"minecraft:spruce_sign":2,"minecraft:diamond_axe":146,"minecraft:fletching_table":2,"minecraft:cobblestone_slab":32,"minecraft:mossy_cobblestone":6,"minecraft:rail":21,"minecraft:oak_slab":6,"minecraft:crafting_table":6,"minecraft:white_bed":6,"minecraft:spruce_log":2,"minecraft:redstone_torch":3,"minecraft:lever":2,"minecraft:diamond_pickaxe":108,"minecraft:cornflower":2,"minecraft:diamond_shovel":61,"minecraft:bread":24,"minecraft:oak_button":39,"minecraft:iron_pickaxe":5,"minecraft:stone_slab":66,"minecraft:spruce_trapdoor":10,"minecraft:spruce_sapling":4,"minecraft:stone_axe":84,"minecraft:diamond_sword":17,"minecraft:cobblestone":243,"minecraft:grindstone":6,"minecraft:bucket":27},"minecraft:mined":{"minecraft:spruce_planks":2,"minecraft:mossy_cobblestone":6,"minecraft:deepslate_diamond_ore":5,"minecraft:spruce_trapdoor":4,"minecraft:ladder":1,"minecraft:grass_block":7,"minecraft:spruce_leaves":22,"minecraft:spawner":1,"minecraft:oak_trapdoor":2,"minecraft:sculk_catalyst":1,"minecraft:carrots":17,"minecraft:furnace":3,"minecraft:cobbled_deepslate":21,"minecraft:snow":5,"minecraft:fletching_table":1,"minecraft:potatoes":1,"minecraft:rail":5,"minecraft:stripped_oak_log":16,"minecraft:stone":103,"minecraft:redstone_wall_torch":1,"minecraft:snow_block":51,"minecraft:crafting_table":3,"minecraft:torch":3,"minecraft:short_grass":5,"minecraft:lectern":1,"minecraft:stone_slab":2,"minecraft:glass":1,"minecraft:tall_grass":1,"minecraft:cobblestone":77,"minecraft:grindstone":4,"minecraft:oak_planks":6,"minecraft:wall_torch":1,"minecraft:powered_rail":6,"minecraft:birch_log":6,"minecraft:wheat":24,"minecraft:redstone_torch":1,"minecraft:spruce_log":196,"minecraft:coal_ore":7,"minecraft:oak_log":69,"minecraft:loom":1,"minecraft:dirt":11,"minecraft:oak_button":4,"minecraft:oak_leaves":2,"minecraft:deepslate":2},"minecraft:dropped":{"minecraft:water_bucket":2,"minecraft:iron_ingot":1,"minecraft:iron_sword":3,"minecraft:wheat_seeds":48,"minecraft:cooked_beef":26,"minecraft:oak_log":64,"minecraft:loom":2,"minecraft:rail":13,"minecraft:stick":19,"minecraft:dirt":2,"minecraft:snowball":49,"minecraft:iron_axe":1,"minecraft:spruce_sapling":11,"minecraft:dandelion":2,"minecraft:stone_axe":1,"minecraft:wheat":4,"minecraft:iron_boots":10,"minecraft:stone_slab":5,"minecraft:cooked_mutton":1,"minecraft:carrot":60,"minecraft:chainmail_boots":2,"minecraft:bow":8,"minecraft:wooden_pickaxe":1},"minecraft:picked_up":{"minecraft:crafting_table":3,"minecraft:wheat":24,"minecraft:chainmail_boots":2,"minecraft:ladder":1,"minecraft:stone_slab":2,"minecraft:cornflower":2,"minecraft:oak_trapdoor":2,"minecraft:iron_axe":1,"minecraft:oak_sign":5,"minecraft:spruce_planks":2,"minecraft:beef":10,"minecraft:redstone_torch":3,"minecraft:lectern":1,"minecraft:minecart":1,"minecraft:spruce_trapdoor":5,"minecraft:iron_boots":10,"minecraft:furnace":3,"minecraft:stick":87,"minecraft:torch":7,"minecraft:carrot":60,"minecraft:rotten_flesh":1,"minecraft:snowball":161,"minecraft:rail":16,"minecraft:cobblestone":171,"minecraft:birch_log":6,"minecraft:stripped_oak_log":16,"minecraft:water_bucket":1,"minecraft:leather":9,"minecraft:oak_log":133,"minecraft:dirt":48,"minecraft:wheat_seeds":73,"minecraft:bell":1,"minecraft:grindstone":5,"minecraft:fletching_table":2,"minecraft:powered_rail":7,"minecraft:iron_sword":1,"minecraft:oak_planks":6,"minecraft:dandelion":2,"minecraft:spruce_sapling":15,"minecraft:spruce_log":195,"minecraft:loom":2,"minecraft:white_bed":1,"minecraft:mossy_cobblestone":6,"minecraft:diamond":5,"minecraft:stone_axe":1,"minecraft:oak_button":22,"minecraft:coal":7}},"DataVersion":3953}