{"stats":{"minecraft:killed_by":{"minecraft:player":3,"minecraft:iron_golem":1},"minecraft:used":{"minecraft:iron_shovel":271,"minecraft:diamond_hoe":2,"minecraft:decorated_pot":1,"minecraft:chest":5,"minecraft:shield":4,"minecraft:white_terracotta":6,"minecraft:iron_sword":178,"minecraft:iron_chestplate":1,"minecraft:mutton":2,"minecraft:jungle_planks":4,"minecraft:carrot":10,"minecraft:tuff":7,"minecraft:azure_bluet":1,"minecraft:obsidian":10,"minecraft:honey_bottle":10,"minecraft:bricks":37,"minecraft:grass_block":1,"minecraft:crimson_roots":4,"minecraft:birch_button":7,"minecraft:bow":6,"minecraft:magma_block":2,"minecraft:scaffolding":77,"minecraft:furnace":11,"minecraft:oak_sapling":14,"minecraft:egg":1,"minecraft:potato":4,"minecraft:diamond_boots":1,"minecraft:stone_pickaxe":133,"minecraft:oak_planks":12,"minecraft:ender_pearl":1,"minecraft:wooden_pickaxe":13,"minecraft:sandstone":4,"minecraft:diamond_axe":51,"minecraft:white_wool":1,"minecraft:crossbow":17,"minecraft:shears":5,"minecraft:bread":24,"minecraft:lectern":28,"minecraft:gravel":23,"minecraft:diamond_sword":83,"minecraft:fire_charge":2,"minecraft:grindstone":4,"minecraft:smithing_table":1,"minecraft:oak_trapdoor":2,"minecraft:oak_fence":1,"minecraft:iron_bars":2,"minecraft:stone_sword":130,"minecraft:stone_shovel":143,"minecraft:cooked_salmon":4,"minecraft:netherrack":15,"minecraft:oak_door":9,"minecraft:torch":46,"minecraft:brewing_stand":2,"minecraft:dirt":295,"minecraft:diamond_helmet":1,"minecraft:iron_axe":516,"minecraft:oak_stairs":3,"minecraft:iron_boots":1,"minecraft:barrel":2,"minecraft:bamboo":35,"minecraft:diamond_chestplate":1,"minecraft:beef":10,"minecraft:cooked_beef":11,"minecraft:cobbled_deepslate":25,"minecraft:pumpkin":5,"minecraft:iron_leggings":1,"minecraft:cooked_mutton":4,"minecraft:water_bucket":6,"minecraft:birch_planks":41,"minecraft:glass_bottle":1,"minecraft:baked_potato":24,"minecraft:fletching_table":11,"minecraft:mossy_cobblestone":17,"minecraft:crafting_table":12,"minecraft:white_bed":3,"minecraft:diamond_pickaxe":332,"minecraft:apple":8,"minecraft:oxeye_daisy":1,"minecraft:wind_charge":2,"minecraft:oak_button":11,"minecraft:iron_pickaxe":71,"minecraft:stone_axe":323,"minecraft:cobblestone":77,"minecraft:potion":1,"minecraft:white_banner":27,"minecraft:porkchop":4,"minecraft:cooked_porkchop":6,"minecraft:bucket":7,"minecraft:yellow_bed":1,"minecraft:stripped_oak_log":3,"minecraft:dandelion":1,"minecraft:candle":8},"minecraft:broken":{"minecraft:stone_pickaxe":1,"minecraft:stone_axe":2,"minecraft:iron_sword":1,"minecraft:stone_shovel":1,"minecraft:stone_sword":1,"minecraft:iron_axe":3},"minecraft:dropped":{"minecraft:ominous_bottle":10,"minecraft:baked_potato":2,"minecraft:glass_bottle":5,"minecraft:diamond":64,"minecraft:crimson_roots":4,"minecraft:sand":4,"minecraft:stone_axe":6,"minecraft:sugar_cane":1,"minecraft:wheat":1,"minecraft:rotten_flesh":3,"minecraft:oak_planks":13,"minecraft:carrot":10,"minecraft:poppy":3,"minecraft:gunpowder":1,"minecraft:acacia_sapling":1,"minecraft:chainmail_boots":4,"minecraft:scaffolding":60,"minecraft:iron_ingot":5,"minecraft:bread":53,"minecraft:wheat_seeds":10,"minecraft:iron_helmet":1,"minecraft:feather":2,"minecraft:cobblestone":1,"minecraft:prismarine_crystals":6,"minecraft:chainmail_helmet":1,"minecraft:coal":1,"minecraft:stick":1,"minecraft:potion":1,"minecraft:iron_leggings":3,"minecraft:heart_of_the_sea":1,"minecraft:string":1,"minecraft:bucket":1,"minecraft:dandelion":1,"minecraft:redstone":6,"minecraft:filled_map":1,"minecraft:potato":1,"minecraft:iron_chestplate":2,"minecraft:spider_eye":2,"minecraft:wooden_pickaxe":1},"minecraft:crafted":{"minecraft:oak_planks":2740,"minecraft:chainmail_helmet":18,"minecraft:birch_slab":12,"minecraft:bookshelf":2,"minecraft:cooked_mutton":4,"minecraft:diamond_helmet":2,"minecraft:bow":2,"minecraft:diamond_leggings":2,"minecraft:iron_boots":1,"minecraft:chest":3,"minecraft:oak_button":10,"minecraft:bricks":16,"minecraft:birch_button":7,"minecraft:emerald":267,"minecraft:arrow":128,"minecraft:cooked_porkchop":6,"minecraft:diamond_axe":1,"minecraft:crafting_table":4,"minecraft:iron_helmet":5,"minecraft:baked_potato":31,"minecraft:fletching_table":3,"minecraft:birch_planks":212,"minecraft:lectern":2,"minecraft:book":9,"minecraft:iron_chestplate":1,"minecraft:paper":27,"minecraft:diamond_pickaxe":2,"minecraft:shield":1,"minecraft:stick":6431,"minecraft:iron_pickaxe":1,"minecraft:iron_ingot":46,"minecraft:iron_block":26,"minecraft:stone_sword":1,"minecraft:oak_door":3,"minecraft:redstone":12,"minecraft:stone_shovel":1,"minecraft:diamond_hoe":2,"minecraft:furnace":8,"minecraft:oak_trapdoor":2,"minecraft:iron_axe":4,"minecraft:stone_pickaxe":1,"minecraft:diamond_boots":2,"minecraft:chainmail_leggings":11,"minecraft:wheat":216,"minecraft:cooked_beef":11,"minecraft:crossbow":13,"minecraft:diamond_sword":1,"minecraft:iron_sword":1,"minecraft:bucket":1,"minecraft:stone_axe":7,"minecraft:enchanted_book":2,"minecraft:bread":72,"minecraft:air":0,"minecraft:jungle_planks":4,"minecraft:golden_apple":1,"minecraft:chainmail_boots":25,"minecraft:iron_shovel":1,"minecraft:iron_leggings":1,"minecraft:white_bed":1,"minecraft:torch":64,"minecraft:diamond_chestplate":2},"minecraft:killed":{"minecraft:spider":3,"minecraft:skeleton":4,"minecraft:chicken":2,"minecraft:piglin":1,"minecraft:pig":4,"minecraft:zombie_villager":1,"minecraft:iron_golem":2,"minecraft:creeper":3,"minecraft:sheep":4,"minecraft:pillager":53,"minecraft:zombie":22,"minecraft:cow":11,"minecraft:armadillo":5,"minecraft:vindicator":7,"minecraft:drowned":2,"minecraft:villager":1,"minecraft:enderman":1},"minecraft:mined":{"minecraft:white_bed":2,"minecraft:obsidian":13,"minecraft:carved_pumpkin":5,"minecraft:grass_block":92,"minecraft:magma_block":2,"minecraft:iron_ore":5,"minecraft:barrel":1,"minecraft:cobbled_deepslate":3,"minecraft:pumpkin":5,"minecraft:fletching_table":8,"minecraft:dirt_path":19,"minecraft:oak_stairs":3,"minecraft:deepslate_redstone_ore":9,"minecraft:torch":2,"minecraft:poppy":1,"minecraft:chest":1,"minecraft:cobblestone":37,"minecraft:bricks":7,"minecraft:oak_planks":18,"minecraft:grindstone":5,"minecraft:sugar_cane":34,"minecraft:wall_torch":3,"minecraft:white_terracotta":5,"minecraft:birch_log":53,"minecraft:stripped_oak_wood":3,"minecraft:oak_log":635,"minecraft:sand":4,"minecraft:dirt":151,"minecraft:netherrack":123,"minecraft:oak_leaves":65,"minecraft:deepslate":68,"minecraft:tuff":24,"minecraft:deepslate_diamond_ore":2,"minecraft:candle":5,"minecraft:oak_door":6,"minecraft:decorated_pot":1,"minecraft:crimson_roots":4,"minecraft:spruce_leaves":58,"minecraft:sandstone":42,"minecraft:large_fern":1,"minecraft:hay_block":24,"minecraft:furnace":3,"minecraft:carrots":5,"minecraft:potatoes":6,"minecraft:stripped_oak_log":54,"minecraft:bamboo":132,"minecraft:stone":55,"minecraft:smithing_table":1,"minecraft:acacia_leaves":3,"minecraft:scaffolding":1,"minecraft:oak_fence":1,"minecraft:crafting_table":7,"minecraft:short_grass":45,"minecraft:lectern":26,"minecraft:tall_grass":6,"minecraft:deepslate_gold_ore":10,"minecraft:birch_planks":7,"minecraft:birch_leaves":6,"minecraft:yellow_bed":1,"minecraft:coal_ore":128,"minecraft:gravel":39},"minecraft:custom":{"minecraft:animals_bred":1,"minecraft:interact_with_crafting_table":45,"minecraft:open_barrel":48,"minecraft:bell_ring":1,"minecraft:eat_cake_slice":2,"minecraft:leave_game":6,"minecraft:time_since_death":154175,"minecraft:sprint_one_cm":688982,"minecraft:damage_blocked_by_shield":155,"minecraft:drop":85,"minecraft:talked_to_villager":193,"minecraft:play_time":361663,"minecraft:deaths":5,"minecraft:jump":4702,"minecraft:walk_on_water_one_cm":51758,"minecraft:interact_with_furnace":64,"minecraft:traded_with_villager":370,"minecraft:sleep_in_bed":8,"minecraft:damage_dealt":12382,"minecraft:player_kills":5,"minecraft:crouch_one_cm":45812,"minecraft:interact_with_anvil":1,"minecraft:mob_kills":129,"minecraft:inspect_hopper":1,"minecraft:climb_one_cm":2336,"minecraft:walk_one_cm":779729,"minecraft:sneak_time":14759,"minecraft:walk_under_water_one_cm":62926,"minecraft:boat_one_cm":22126,"minecraft:total_world_time":361663,"minecraft:time_since_rest":5565,"minecraft:damage_taken":4821,"minecraft:swim_one_cm":582280,"minecraft:fly_one_cm":818261,"minecraft:open_chest":246,"minecraft:fall_one_cm":138989},"minecraft:picked_up":{"minecraft:iron_chestplate":3,"minecraft:wheat":1,"minecraft:chainmail_boots":1,"minecraft:smithing_table":1,"minecraft:oak_stairs":3,"minecraft:potion":1,"minecraft:string":10,"minecraft:iron_leggings":4,"minecraft:diamond_leggings":1,"minecraft:cobbled_deepslate":110,"minecraft:bucket":1,"minecraft:iron_pickaxe":1,"minecraft:iron_boots":2,"minecraft:furnace":3,"minecraft:stick":61,"minecraft:oak_fence":1,"minecraft:torch":17,"minecraft:porkchop":10,"minecraft:stone_sword":1,"minecraft:rotten_flesh":20,"minecraft:armadillo_scute":1,"minecraft:carved_pumpkin":5,"minecraft:white_terracotta":6,"minecraft:obsidian":17,"minecraft:cobblestone":89,"minecraft:birch_log":53,"minecraft:magma_block":2,"minecraft:feather":3,"minecraft:cooked_beef":7,"minecraft:water_bucket":1,"minecraft:potato":142,"minecraft:flint":7,"minecraft:tuff":39,"minecraft:dirt":364,"minecraft:bone":3,"minecraft:acacia_planks":18,"minecraft:bow":2,"minecraft:wheat_seeds":14,"minecraft:raw_gold":20,"minecraft:grindstone":5,"minecraft:bamboo":1141,"minecraft:fletching_table":8,"minecraft:diamond_helmet":1,"minecraft:oak_planks":19,"minecraft:scrape_pottery_sherd":2,"minecraft:sand":4,"minecraft:grass_block":1,"minecraft:barrel":1,"minecraft:diamond":27,"minecraft:crossbow":1,"minecraft:bread":86,"minecraft:emerald":51,"minecraft:oak_sapling":21,"minecraft:netherrack":207,"minecraft:bricks":7,"minecraft:crimson_roots":8,"minecraft:diamond_pickaxe":1,"minecraft:crafting_table":7,"minecraft:ominous_bottle":1,"minecraft:chicken":2,"minecraft:wooden_pickaxe":1,"minecraft:shield":3,"minecraft:iron_axe":1,"minecraft:iron_shovel":3,"minecraft:candle":8,"minecraft:beef":25,"minecraft:poppy":4,"minecraft:lectern":26,"minecraft:guster_pottery_sherd":2,"minecraft:chest":1,"minecraft:sugar_cane":47,"minecraft:egg":1,"minecraft:raw_iron":69,"minecraft:sandstone":41,"minecraft:oak_door":6,"minecraft:carrot":20,"minecraft:redstone":99,"minecraft:prismarine_crystals":3,"minecraft:arrow":221,"minecraft:diamond_chestplate":1,"minecraft:decorated_pot":1,"minecraft:diamond_boots":1,"minecraft:hay_block":24,"minecraft:saddle":1,"minecraft:mutton":5,"minecraft:white_wool":25,"minecraft:stripped_oak_log":54,"minecraft:leather":13,"minecraft:birch_planks":8,"minecraft:oak_log":632,"minecraft:yellow_bed":1,"minecraft:gunpowder":14,"minecraft:white_banner":8,"minecraft:cooked_mutton":1,"minecraft:apple":20,"minecraft:heart_of_the_sea":1,"minecraft:iron_ingot":208,"minecraft:stone_pickaxe":1,"minecraft:stripped_oak_wood":2,"minecraft:iron_sword":3,"minecraft:acacia_sapling":1,"minecraft:scaffolding":137,"minecraft:pumpkin":10,"minecraft:dandelion":3,"minecraft:gravel":34,"minecraft:spruce_sapling":2,"minecraft:white_bed":2,"minecraft:spider_eye":2,"minecraft:pumpkin_seeds":20,"minecraft:stone_axe":3,"minecraft:iron_helmet":2,"minecraft:diamond_axe":1,"minecraft:oak_button":1,"minecraft:baked_potato":12,"minecraft:coal":190,"minecraft:ender_pearl":4}},"DataVersion":3953}