{"stats":{"minecraft:killed":{"minecraft:skeleton":1,"minecraft:zombie":3,"minecraft:cow":1},"minecraft:custom":{"minecraft:interact_with_smithing_table":1,"minecraft:mob_kills":5,"minecraft:interact_with_crafting_table":20,"minecraft:leave_game":3,"minecraft:time_since_death":101112,"minecraft:climb_one_cm":8573,"minecraft:sprint_one_cm":141136,"minecraft:walk_one_cm":195699,"minecraft:drop":46,"minecraft:talked_to_villager":45,"minecraft:play_time":101112,"minecraft:sneak_time":9124,"minecraft:walk_under_water_one_cm":5190,"minecraft:jump":1091,"minecraft:interact_with_blast_furnace":3,"minecraft:walk_on_water_one_cm":13754,"minecraft:total_world_time":101112,"minecraft:interact_with_furnace":24,"minecraft:traded_with_villager":126,"minecraft:sleep_in_bed":6,"minecraft:time_since_rest":5529,"minecraft:damage_taken":722,"minecraft:damage_dealt":1671,"minecraft:swim_one_cm":2520,"minecraft:fly_one_cm":131012,"minecraft:open_chest":32,"minecraft:crouch_one_cm":29198,"minecraft:fall_one_cm":24062},"minecraft:crafted":{"minecraft:grindstone":1,"minecraft:oak_planks":1292,"minecraft:furnace":5,"minecraft:stone":4,"minecraft:diamond_shovel":1,"minecraft:cooked_mutton":1,"minecraft:oak_trapdoor":4,"minecraft:iron_boots":1,"minecraft:bow":8,"minecraft:iron_axe":1,"minecraft:ladder":27,"minecraft:stone_pickaxe":1,"minecraft:chest":2,"minecraft:oak_button":29,"minecraft:cooked_beef":5,"minecraft:oak_slab":6,"minecraft:emerald":104,"minecraft:crafting_table":3,"minecraft:spruce_planks":4,"minecraft:iron_helmet":1,"minecraft:wooden_pickaxe":1,"minecraft:iron_sword":3,"minecraft:bucket":1,"minecraft:stone_axe":1,"minecraft:bread":60,"minecraft:air":0,"minecraft:iron_chestplate":1,"minecraft:diamond_pickaxe":1,"minecraft:shield":1,"minecraft:stick":2396,"minecraft:stone_slab":6,"minecraft:iron_pickaxe":1,"minecraft:stone_sword":1,"minecraft:snow_block":5,"minecraft:iron_leggings":1},"minecraft:used":{"minecraft:oak_trapdoor":6,"minecraft:stone_sword":6,"minecraft:iron_shovel":23,"minecraft:redstone":1,"minecraft:ladder":9,"minecraft:spruce_planks":2,"minecraft:chest":2,"minecraft:stone":122,"minecraft:iron_sword":20,"minecraft:bell":1,"minecraft:torch":96,"minecraft:dirt":2,"minecraft:snowball":92,"minecraft:glass":6,"minecraft:villager_spawn_egg":2,"minecraft:grass_block":39,"minecraft:iron_axe":7,"minecraft:netherite_hoe":98,"minecraft:iron_boots":1,"minecraft:furnace":8,"minecraft:minecart":1,"minecraft:cooked_beef":7,"minecraft:potato":80,"minecraft:water_bucket":4,"minecraft:snow_block":5,"minecraft:stone_pickaxe":121,"minecraft:powered_rail":7,"minecraft:oak_planks":19,"minecraft:wooden_pickaxe":11,"minecraft:composter":2,"minecraft:spruce_sign":2,"minecraft:fletching_table":2,"minecraft:cobblestone_slab":32,"minecraft:mossy_cobblestone":6,"minecraft:rail":21,"minecraft:oak_slab":6,"minecraft:crafting_table":6,"minecraft:white_bed":6,"minecraft:redstone_torch":3,"minecraft:lever":2,"minecraft:diamond_pickaxe":35,"minecraft:cornflower":2,"minecraft:diamond_shovel":60,"minecraft:bread":9,"minecraft:oak_button":39,"minecraft:iron_pickaxe":5,"minecraft:stone_slab":66,"minecraft:spruce_trapdoor":9,"minecraft:stone_axe":84,"minecraft:cobblestone":243,"minecraft:grindstone":6,"minecraft:bucket":3},"minecraft:mined":{"minecraft:spruce_planks":2,"minecraft:mossy_cobblestone":6,"minecraft:spruce_trapdoor":3,"minecraft:ladder":1,"minecraft:grass_block":7,"minecraft:spawner":1,"minecraft:oak_trapdoor":2,"minecraft:furnace":3,"minecraft:snow":5,"minecraft:fletching_table":1,"minecraft:potatoes":1,"minecraft:rail":5,"minecraft:stone":101,"minecraft:redstone_wall_torch":1,"minecraft:snow_block":51,"minecraft:crafting_table":3,"minecraft:torch":2,"minecraft:short_grass":5,"minecraft:stone_slab":2,"minecraft:glass":1,"minecraft:cobblestone":38,"minecraft:grindstone":4,"minecraft:oak_planks":6,"minecraft:wall_torch":1,"minecraft:powered_rail":6,"minecraft:redstone_torch":1,"minecraft:coal_ore":4,"minecraft:oak_log":69,"minecraft:loom":1,"minecraft:dirt":11,"minecraft:oak_button":2,"minecraft:oak_leaves":2},"minecraft:dropped":{"minecraft:water_bucket":1,"minecraft:iron_sword":2,"minecraft:wheat_seeds":8,"minecraft:cooked_beef":26,"minecraft:oak_log":64,"minecraft:loom":2,"minecraft:rail":6,"minecraft:stick":19,"minecraft:dirt":2,"minecraft:snowball":49,"minecraft:iron_axe":1,"minecraft:dandelion":2,"minecraft:stone_axe":1,"minecraft:iron_boots":10,"minecraft:cooked_mutton":1,"minecraft:chainmail_boots":2,"minecraft:bow":7,"minecraft:wooden_pickaxe":1},"minecraft:picked_up":{"minecraft:crafting_table":3,"minecraft:chainmail_boots":2,"minecraft:ladder":1,"minecraft:stone_slab":2,"minecraft:cornflower":2,"minecraft:oak_trapdoor":2,"minecraft:iron_axe":1,"minecraft:oak_sign":5,"minecraft:spruce_planks":2,"minecraft:beef":5,"minecraft:redstone_torch":3,"minecraft:minecart":1,"minecraft:spruce_trapdoor":4,"minecraft:iron_boots":10,"minecraft:furnace":3,"minecraft:stick":84,"minecraft:torch":5,"minecraft:rotten_flesh":1,"minecraft:snowball":161,"minecraft:rail":16,"minecraft:cobblestone":131,"minecraft:water_bucket":1,"minecraft:leather":2,"minecraft:oak_log":133,"minecraft:dirt":48,"minecraft:wheat_seeds":9,"minecraft:bell":1,"minecraft:grindstone":5,"minecraft:fletching_table":2,"minecraft:powered_rail":7,"minecraft:oak_planks":6,"minecraft:dandelion":2,"minecraft:loom":2,"minecraft:white_bed":1,"minecraft:mossy_cobblestone":6,"minecraft:stone_axe":1,"minecraft:oak_button":22,"minecraft:coal":4}},"DataVersion":3953}