{"stats":{"minecraft:used":{"minecraft:oak_fence":1,"minecraft:cooked_mutton":1,"minecraft:stone_sword":71,"minecraft:birch_planks":37,"minecraft:stone_shovel":108,"minecraft:stone_pickaxe":40,"minecraft:wooden_pickaxe":13,"minecraft:dirt":6,"minecraft:mutton":2,"minecraft:crafting_table":2,"minecraft:apple":1,"minecraft:bread":11,"minecraft:stone_axe":162,"minecraft:birch_button":7,"minecraft:cobblestone":8,"minecraft:furnace":1,"minecraft:grindstone":1,"minecraft:oak_sapling":3,"minecraft:porkchop":3,"minecraft:yellow_bed":1,"minecraft:stripped_oak_log":3,"minecraft:potato":1},"minecraft:broken":{"minecraft:stone_axe":1},"minecraft:crafted":{"minecraft:stone_shovel":1,"minecraft:cooked_porkchop":1,"minecraft:crafting_table":1,"minecraft:furnace":1,"minecraft:bucket":1,"minecraft:birch_planks":48,"minecraft:stone_axe":2,"minecraft:cooked_mutton":3,"minecraft:bread":36,"minecraft:air":0,"minecraft:stick":20,"minecraft:stone_pickaxe":1,"minecraft:stone_sword":1,"minecraft:birch_button":7,"minecraft:wheat":108},"minecraft:dropped":{"minecraft:iron_ingot":5,"minecraft:wheat_seeds":2,"minecraft:cobblestone":1,"minecraft:spider_eye":2,"minecraft:wooden_pickaxe":1,"minecraft:bucket":1,"minecraft:dandelion":1},"minecraft:killed":{"minecraft:armadillo":1,"minecraft:pig":3,"minecraft:spider":2,"minecraft:iron_golem":1,"minecraft:sheep":3,"minecraft:zombie":3,"minecraft:cow":1},"minecraft:mined":{"minecraft:oak_fence":1,"minecraft:crafting_table":1,"minecraft:short_grass":28,"minecraft:grass_block":3,"minecraft:tall_grass":4,"minecraft:cobblestone":15,"minecraft:grindstone":2,"minecraft:oak_planks":10,"minecraft:wall_torch":1,"minecraft:hay_block":24,"minecraft:birch_planks":5,"minecraft:birch_log":12,"minecraft:birch_leaves":1,"minecraft:yellow_bed":1,"minecraft:coal_ore":20,"minecraft:potatoes":1,"minecraft:oak_log":98,"minecraft:dirt_path":3,"minecraft:gravel":13,"minecraft:dirt":3,"minecraft:stripped_oak_log":26,"minecraft:stone":15,"minecraft:oak_leaves":6},"minecraft:custom":{"minecraft:interact_with_furnace":6,"minecraft:mob_kills":15,"minecraft:interact_with_crafting_table":8,"minecraft:open_barrel":1,"minecraft:bell_ring":1,"minecraft:time_since_death":34288,"minecraft:sleep_in_bed":1,"minecraft:time_since_rest":18362,"minecraft:sprint_one_cm":82825,"minecraft:damage_taken":638,"minecraft:walk_one_cm":89015,"minecraft:drop":8,"minecraft:damage_dealt":2887,"minecraft:swim_one_cm":3747,"minecraft:talked_to_villager":1,"minecraft:fly_one_cm":86030,"minecraft:open_chest":2,"minecraft:crouch_one_cm":1680,"minecraft:play_time":34288,"minecraft:sneak_time":1709,"minecraft:walk_under_water_one_cm":307,"minecraft:boat_one_cm":1148,"minecraft:jump":471,"minecraft:walk_on_water_one_cm":564,"minecraft:total_world_time":34288,"minecraft:fall_one_cm":12996},"minecraft:picked_up":{"minecraft:stripped_oak_log":26,"minecraft:birch_log":12,"minecraft:crafting_table":1,"minecraft:leather":2,"minecraft:wooden_pickaxe":1,"minecraft:potato":1,"minecraft:birch_planks":6,"minecraft:flint":3,"minecraft:oak_log":97,"minecraft:yellow_bed":1,"minecraft:dirt":8,"minecraft:string":1,"minecraft:apple":1,"minecraft:wheat_seeds":2,"minecraft:grindstone":2,"minecraft:iron_ingot":3,"minecraft:beef":1,"minecraft:oak_planks":10,"minecraft:stick":1,"minecraft:oak_fence":1,"minecraft:dandelion":1,"minecraft:gravel":10,"minecraft:porkchop":7,"minecraft:spider_eye":2,"minecraft:rotten_flesh":4,"minecraft:hay_block":24,"minecraft:oak_sapling":3,"minecraft:coal":18,"minecraft:mutton":5,"minecraft:cobblestone":31,"minecraft:white_wool":3}},"DataVersion":3953}