{"stats":{"minecraft:picked_up":{"minecraft:crafting_table":10,"minecraft:chicken":15,"minecraft:yellow_wool":2,"minecraft:diamond_sword":3,"minecraft:wooden_pickaxe":2,"minecraft:oak_stairs":86,"minecraft:gold_block":1,"minecraft:golden_sword":1,"minecraft:shield":1,"minecraft:string":8300,"minecraft:flint_and_steel":1,"minecraft:diamond_leggings":3,"minecraft:cartography_table":2,"minecraft:cobbled_deepslate":16,"minecraft:beef":16,"minecraft:oak_boat":1,"minecraft:poppy":2,"minecraft:iron_pickaxe":1,"minecraft:enchanted_golden_apple":3,"minecraft:sugar_cane":21,"minecraft:chest":6,"minecraft:furnace":15,"minecraft:iron_boots":1,"minecraft:egg":7,"minecraft:stick":32,"minecraft:raw_iron":43,"minecraft:stone":3,"minecraft:oak_door":5,"minecraft:oak_fence":30,"minecraft:torch":149,"minecraft:acacia_log":9,"minecraft:porkchop":37,"minecraft:diorite":52,"minecraft:redstone":74,"minecraft:diamond_chestplate":2,"minecraft:arrow":6,"minecraft:stone_shovel":1,"minecraft:rotten_flesh":7,"minecraft:diamond_boots":3,"minecraft:hay_block":42,"minecraft:gold_ingot":1,"minecraft:oxeye_daisy":1,"minecraft:birch_log":5,"minecraft:obsidian":33,"minecraft:mutton":58,"minecraft:white_wool":49,"minecraft:cobblestone":1125,"minecraft:stripped_oak_log":3,"minecraft:enchanting_table":1,"minecraft:magma_block":2,"minecraft:feather":16,"minecraft:cooked_beef":1,"minecraft:tripwire_hook":1,"minecraft:water_bucket":3,"minecraft:andesite":5,"minecraft:leather":11,"minecraft:flint":5,"minecraft:tuff":1,"minecraft:oak_log":73,"minecraft:yellow_bed":1,"minecraft:cobblestone_stairs":11,"minecraft:lapis_lazuli":46,"minecraft:dirt":221,"minecraft:cooked_mutton":110,"minecraft:bone":7,"minecraft:acacia_planks":4,"minecraft:stone_bricks":1,"minecraft:bow":4,"minecraft:wheat_seeds":26,"minecraft:raw_gold":21,"minecraft:iron_ingot":60,"minecraft:stone_pickaxe":2,"minecraft:cooked_chicken":1,"minecraft:diamond_helmet":3,"minecraft:oak_planks":334,"minecraft:oak_slab":15,"minecraft:cooked_porkchop":82,"minecraft:gravel":1,"minecraft:sand":18,"minecraft:white_bed":5,"minecraft:grass_block":1,"minecraft:spider_eye":1,"minecraft:red_terracotta":383,"minecraft:mossy_cobblestone":57,"minecraft:diamond_shovel":3,"minecraft:diamond":46,"minecraft:stone_axe":2,"minecraft:lever":1,"minecraft:diamond_axe":3,"minecraft:gray_wool":1,"minecraft:emerald":395,"minecraft:bread":353,"minecraft:terracotta":2,"minecraft:oak_sapling":3,"minecraft:coal":52,"minecraft:diamond_pickaxe":3},"minecraft:used":{"minecraft:oak_fence":32,"minecraft:enchanting_table":2,"minecraft:flint_and_steel":107,"minecraft:poppy":1,"minecraft:chest":6,"minecraft:shield":10,"minecraft:iron_sword":110,"minecraft:cooked_chicken":3,"minecraft:iron_chestplate":1,"minecraft:torch":11,"minecraft:dirt":183,"minecraft:tuff":1,"minecraft:obsidian":16,"minecraft:iron_axe":72,"minecraft:oak_stairs":18,"minecraft:iron_boots":1,"minecraft:bow":5,"minecraft:tripwire_hook":1,"minecraft:golden_sword":39,"minecraft:magma_block":2,"minecraft:beef":1,"minecraft:furnace":18,"minecraft:egg":7,"minecraft:orange_terracotta":2,"minecraft:cobbled_deepslate":11,"minecraft:iron_leggings":1,"minecraft:acacia_planks":14,"minecraft:water_bucket":32,"minecraft:oak_planks":32,"minecraft:stone_pickaxe":147,"minecraft:wooden_pickaxe":6,"minecraft:sugar_cane":18,"minecraft:diamond_axe":333,"minecraft:white_wool":1,"minecraft:mossy_cobblestone":1,"minecraft:terracotta":6,"minecraft:yellow_terracotta":8,"minecraft:oak_slab":35,"minecraft:crafting_table":14,"minecraft:white_bed":5,"minecraft:oak_log":34,"minecraft:diamond_pickaxe":493,"minecraft:diamond_shovel":311,"minecraft:iron_pickaxe":94,"minecraft:bread":48,"minecraft:string":9,"minecraft:red_terracotta":22,"minecraft:yellow_wool":1,"minecraft:stone_axe":65,"minecraft:diamond_sword":29,"minecraft:cobblestone":56,"minecraft:cooked_porkchop":8,"minecraft:andesite":5,"minecraft:bucket":33,"minecraft:diamond_leggings":1},"minecraft:custom":{"minecraft:interact_with_anvil":3,"minecraft:mob_kills":115,"minecraft:inspect_hopper":1,"minecraft:interact_with_crafting_table":38,"minecraft:open_barrel":57,"minecraft:leave_game":3,"minecraft:time_since_death":25655,"minecraft:climb_one_cm":8577,"minecraft:sprint_one_cm":526045,"minecraft:walk_one_cm":755641,"minecraft:damage_blocked_by_shield":689,"minecraft:drop":94,"minecraft:talked_to_villager":241,"minecraft:play_time":252692,"minecraft:sneak_time":14212,"minecraft:deaths":6,"minecraft:walk_under_water_one_cm":34571,"minecraft:jump":3366,"minecraft:interact_with_blast_furnace":2,"minecraft:walk_on_water_one_cm":58308,"minecraft:total_world_time":252692,"minecraft:interact_with_furnace":116,"minecraft:traded_with_villager":482,"minecraft:interact_with_grindstone":5,"minecraft:sleep_in_bed":10,"minecraft:time_since_rest":940,"minecraft:damage_taken":3942,"minecraft:damage_dealt":14296,"minecraft:swim_one_cm":42718,"minecraft:fly_one_cm":888534,"minecraft:open_chest":260,"minecraft:crouch_one_cm":44896,"minecraft:fall_one_cm":73504},"minecraft:crafted":{"minecraft:oak_planks":116,"minecraft:cooked_chicken":15,"minecraft:furnace":4,"minecraft:diamond_shovel":1,"minecraft:cooked_mutton":55,"minecraft:flint_and_steel":2,"minecraft:diamond_helmet":1,"minecraft:diamond_leggings":1,"minecraft:iron_boots":1,"minecraft:iron_axe":1,"minecraft:stone_pickaxe":3,"minecraft:chest":2,"minecraft:diamond_boots":1,"minecraft:oak_fence":9,"minecraft:wheat":378,"minecraft:cooked_beef":9,"minecraft:oak_slab":24,"minecraft:diamond_sword":1,"minecraft:emerald":466,"minecraft:cooked_porkchop":36,"minecraft:diamond_axe":1,"minecraft:crafting_table":4,"minecraft:enchanting_table":1,"minecraft:wooden_pickaxe":1,"minecraft:iron_helmet":1,"minecraft:iron_sword":1,"minecraft:bucket":1,"minecraft:birch_planks":20,"minecraft:enchanted_book":8,"minecraft:stone_axe":2,"minecraft:bread":126,"minecraft:air":0,"minecraft:iron_chestplate":1,"minecraft:book":1,"minecraft:paper":3,"minecraft:diamond_pickaxe":2,"minecraft:shield":2,"minecraft:stick":124,"minecraft:iron_ingot":42,"minecraft:iron_pickaxe":1,"minecraft:iron_leggings":1,"minecraft:gold_ingot":25,"minecraft:acacia_planks":36,"minecraft:lapis_lazuli":18,"minecraft:diamond_chestplate":1},"minecraft:mined":{"minecraft:tuff":1,"minecraft:white_bed":4,"minecraft:mossy_cobblestone":34,"minecraft:deepslate_diamond_ore":10,"minecraft:oak_door":3,"minecraft:cobblestone_stairs":15,"minecraft:obsidian":17,"minecraft:acacia_log":9,"minecraft:grass_block":27,"minecraft:cartography_table":1,"minecraft:hay_block":44,"minecraft:magma_block":1,"minecraft:furnace":15,"minecraft:iron_ore":29,"minecraft:fire":20,"minecraft:andesite":5,"minecraft:deepslate_lapis_ore":1,"minecraft:gold_block":1,"minecraft:enchanting_table":1,"minecraft:dirt_path":39,"minecraft:deepslate_iron_ore":14,"minecraft:oak_stairs":130,"minecraft:stripped_oak_log":3,"minecraft:stone":87,"minecraft:white_wool":2,"minecraft:tripwire":11,"minecraft:deepslate_redstone_ore":16,"minecraft:oak_slab":16,"minecraft:acacia_leaves":1,"minecraft:glass_pane":32,"minecraft:oak_fence":29,"minecraft:crafting_table":10,"minecraft:torch":6,"minecraft:short_grass":104,"minecraft:chest":6,"minecraft:dead_bush":3,"minecraft:tall_grass":19,"minecraft:cobblestone":313,"minecraft:deepslate_gold_ore":15,"minecraft:lapis_ore":6,"minecraft:oak_planks":71,"minecraft:sugar_cane":21,"minecraft:bricks":2,"minecraft:diorite":51,"minecraft:wall_torch":2,"minecraft:red_terracotta":5,"minecraft:cobblestone_wall":1,"minecraft:yellow_wool":2,"minecraft:birch_log":5,"minecraft:birch_leaves":2,"minecraft:yellow_bed":1,"minecraft:oak_log":71,"minecraft:coal_ore":52,"minecraft:gravel":1,"minecraft:sand":18,"minecraft:dirt":139,"minecraft:tripwire_hook":1,"minecraft:terracotta":2,"minecraft:acacia_planks":3,"minecraft:stone_bricks":1,"minecraft:netherrack":5,"minecraft:oak_leaves":14,"minecraft:deepslate":17},"minecraft:dropped":{"minecraft:wheat_seeds":22,"minecraft:mossy_cobblestone":40,"minecraft:cooked_porkchop":2,"minecraft:feather":15,"minecraft:stick":1,"minecraft:flint":5,"minecraft:cobblestone_stairs":7,"minecraft:emerald":2,"minecraft:oxeye_daisy":1,"minecraft:dirt":9,"minecraft:mutton":1,"minecraft:sand":18,"minecraft:string":144,"minecraft:gold_ingot":1,"minecraft:bone":1,"minecraft:oak_door":2,"minecraft:stone_axe":1,"minecraft:lever":1,"minecraft:cobbled_deepslate":5,"minecraft:yellow_wool":1,"minecraft:obsidian":7,"minecraft:rotten_flesh":5,"minecraft:red_terracotta":250,"minecraft:stone":3,"minecraft:diamond_pickaxe":1,"minecraft:oak_sapling":2,"minecraft:chest":1,"minecraft:golden_sword":1,"minecraft:spider_eye":1,"minecraft:arrow":2,"minecraft:bow":2,"minecraft:stone_pickaxe":1},"minecraft:broken":{"minecraft:flint_and_steel":1,"minecraft:stone_pickaxe":1,"minecraft:golden_sword":1},"minecraft:killed":{"minecraft:armadillo":12,"minecraft:zombified_piglin":1,"minecraft:skeleton":3,"minecraft:fox":1,"minecraft:chicken":15,"minecraft:parrot":2,"minecraft:pig":17,"minecraft:iron_golem":3,"minecraft:frog":4,"minecraft:sheep":38,"minecraft:zombie":6,"minecraft:enderman":2,"minecraft:cow":10},"minecraft:killed_by":{"minecraft:player":4,"minecraft:iron_golem":1}},"DataVersion":3953}