{"stats":{"minecraft:picked_up":{"minecraft:crafting_table":10,"minecraft:chicken":15,"minecraft:yellow_wool":2,"minecraft:wooden_pickaxe":2,"minecraft:oak_stairs":86,"minecraft:gold_block":1,"minecraft:string":6050,"minecraft:cartography_table":1,"minecraft:cobbled_deepslate":16,"minecraft:beef":16,"minecraft:poppy":2,"minecraft:iron_pickaxe":1,"minecraft:iron_boots":1,"minecraft:sugar_cane":21,"minecraft:chest":5,"minecraft:egg":7,"minecraft:furnace":15,"minecraft:stick":17,"minecraft:raw_iron":43,"minecraft:stone":3,"minecraft:oak_door":5,"minecraft:oak_fence":30,"minecraft:torch":41,"minecraft:acacia_log":9,"minecraft:porkchop":37,"minecraft:diorite":52,"minecraft:redstone":74,"minecraft:arrow":1,"minecraft:stone_shovel":1,"minecraft:rotten_flesh":7,"minecraft:hay_block":42,"minecraft:gold_ingot":1,"minecraft:stripped_oak_log":3,"minecraft:obsidian":33,"minecraft:mutton":58,"minecraft:cobblestone":451,"minecraft:white_wool":48,"minecraft:birch_log":5,"minecraft:enchanting_table":1,"minecraft:magma_block":2,"minecraft:feather":15,"minecraft:cooked_beef":1,"minecraft:tripwire_hook":1,"minecraft:andesite":5,"minecraft:leather":11,"minecraft:flint":1,"minecraft:tuff":1,"minecraft:oak_log":73,"minecraft:yellow_bed":1,"minecraft:cobblestone_stairs":7,"minecraft:lapis_lazuli":46,"minecraft:dirt":217,"minecraft:bone":7,"minecraft:acacia_planks":4,"minecraft:stone_bricks":1,"minecraft:bow":1,"minecraft:wheat_seeds":25,"minecraft:raw_gold":21,"minecraft:stone_pickaxe":2,"minecraft:iron_ingot":12,"minecraft:cooked_chicken":1,"minecraft:oak_planks":73,"minecraft:oak_slab":15,"minecraft:cooked_porkchop":1,"minecraft:sand":18,"minecraft:gravel":1,"minecraft:white_bed":5,"minecraft:grass_block":1,"minecraft:red_terracotta":1,"minecraft:mossy_cobblestone":25,"minecraft:diamond":10,"minecraft:stone_axe":2,"minecraft:lever":1,"minecraft:gray_wool":1,"minecraft:terracotta":2,"minecraft:oak_sapling":2,"minecraft:coal":52,"minecraft:diamond_pickaxe":1},"minecraft:used":{"minecraft:oak_fence":32,"minecraft:enchanting_table":2,"minecraft:flint_and_steel":107,"minecraft:poppy":1,"minecraft:chest":6,"minecraft:shield":5,"minecraft:iron_sword":110,"minecraft:cooked_chicken":3,"minecraft:iron_chestplate":1,"minecraft:torch":6,"minecraft:dirt":182,"minecraft:tuff":1,"minecraft:obsidian":16,"minecraft:iron_axe":72,"minecraft:oak_stairs":18,"minecraft:iron_boots":1,"minecraft:tripwire_hook":1,"minecraft:golden_sword":39,"minecraft:magma_block":2,"minecraft:beef":1,"minecraft:furnace":18,"minecraft:egg":7,"minecraft:acacia_planks":14,"minecraft:cobbled_deepslate":11,"minecraft:orange_terracotta":2,"minecraft:iron_leggings":1,"minecraft:water_bucket":27,"minecraft:stone_pickaxe":147,"minecraft:oak_planks":32,"minecraft:wooden_pickaxe":6,"minecraft:diamond_axe":299,"minecraft:sugar_cane":18,"minecraft:white_wool":1,"minecraft:mossy_cobblestone":1,"minecraft:terracotta":6,"minecraft:yellow_terracotta":8,"minecraft:oak_slab":35,"minecraft:crafting_table":14,"minecraft:white_bed":5,"minecraft:oak_log":34,"minecraft:diamond_pickaxe":485,"minecraft:diamond_shovel":306,"minecraft:bread":23,"minecraft:string":6,"minecraft:iron_pickaxe":94,"minecraft:red_terracotta":15,"minecraft:yellow_wool":1,"minecraft:stone_axe":65,"minecraft:diamond_sword":22,"minecraft:cobblestone":22,"minecraft:cooked_porkchop":8,"minecraft:bucket":28,"minecraft:andesite":5},"minecraft:custom":{"minecraft:mob_kills":95,"minecraft:interact_with_crafting_table":35,"minecraft:open_barrel":7,"minecraft:leave_game":3,"minecraft:time_since_death":186108,"minecraft:climb_one_cm":3378,"minecraft:sprint_one_cm":363309,"minecraft:walk_one_cm":607510,"minecraft:damage_blocked_by_shield":314,"minecraft:drop":76,"minecraft:talked_to_villager":121,"minecraft:play_time":198461,"minecraft:deaths":2,"minecraft:sneak_time":12794,"minecraft:walk_under_water_one_cm":21624,"minecraft:jump":2528,"minecraft:walk_on_water_one_cm":43078,"minecraft:total_world_time":198461,"minecraft:interact_with_furnace":111,"minecraft:traded_with_villager":235,"minecraft:sleep_in_bed":9,"minecraft:time_since_rest":54555,"minecraft:damage_taken":1665,"minecraft:damage_dealt":11956,"minecraft:swim_one_cm":23789,"minecraft:fly_one_cm":471854,"minecraft:open_chest":116,"minecraft:crouch_one_cm":36781,"minecraft:fall_one_cm":53953},"minecraft:crafted":{"minecraft:oak_planks":116,"minecraft:cooked_chicken":15,"minecraft:furnace":4,"minecraft:diamond_shovel":1,"minecraft:cooked_mutton":55,"minecraft:flint_and_steel":2,"minecraft:diamond_helmet":1,"minecraft:diamond_leggings":1,"minecraft:iron_boots":1,"minecraft:iron_axe":1,"minecraft:stone_pickaxe":3,"minecraft:chest":2,"minecraft:diamond_boots":1,"minecraft:oak_fence":9,"minecraft:wheat":378,"minecraft:cooked_beef":9,"minecraft:oak_slab":24,"minecraft:diamond_sword":1,"minecraft:emerald":227,"minecraft:cooked_porkchop":36,"minecraft:diamond_axe":1,"minecraft:crafting_table":4,"minecraft:enchanting_table":1,"minecraft:wooden_pickaxe":1,"minecraft:iron_helmet":1,"minecraft:iron_sword":1,"minecraft:bucket":1,"minecraft:birch_planks":20,"minecraft:stone_axe":2,"minecraft:bread":126,"minecraft:air":0,"minecraft:book":1,"minecraft:iron_chestplate":1,"minecraft:paper":3,"minecraft:diamond_pickaxe":1,"minecraft:shield":1,"minecraft:stick":120,"minecraft:iron_ingot":42,"minecraft:iron_pickaxe":1,"minecraft:iron_leggings":1,"minecraft:gold_ingot":25,"minecraft:acacia_planks":36,"minecraft:diamond_chestplate":1},"minecraft:mined":{"minecraft:tuff":1,"minecraft:white_bed":4,"minecraft:mossy_cobblestone":34,"minecraft:deepslate_diamond_ore":10,"minecraft:oak_door":3,"minecraft:cobblestone_stairs":15,"minecraft:obsidian":17,"minecraft:acacia_log":9,"minecraft:grass_block":25,"minecraft:cartography_table":1,"minecraft:hay_block":44,"minecraft:magma_block":1,"minecraft:furnace":15,"minecraft:iron_ore":29,"minecraft:fire":20,"minecraft:andesite":5,"minecraft:deepslate_lapis_ore":1,"minecraft:enchanting_table":1,"minecraft:gold_block":1,"minecraft:deepslate_iron_ore":14,"minecraft:dirt_path":38,"minecraft:oak_stairs":130,"minecraft:stripped_oak_log":3,"minecraft:stone":87,"minecraft:white_wool":2,"minecraft:tripwire":9,"minecraft:deepslate_redstone_ore":16,"minecraft:oak_slab":16,"minecraft:acacia_leaves":1,"minecraft:glass_pane":32,"minecraft:oak_fence":29,"minecraft:crafting_table":10,"minecraft:torch":3,"minecraft:short_grass":100,"minecraft:chest":5,"minecraft:tall_grass":19,"minecraft:cobblestone":309,"minecraft:lapis_ore":6,"minecraft:deepslate_gold_ore":15,"minecraft:sugar_cane":21,"minecraft:oak_planks":71,"minecraft:bricks":2,"minecraft:diorite":51,"minecraft:wall_torch":2,"minecraft:red_terracotta":1,"minecraft:cobblestone_wall":1,"minecraft:yellow_wool":2,"minecraft:birch_log":5,"minecraft:birch_leaves":2,"minecraft:yellow_bed":1,"minecraft:oak_log":71,"minecraft:coal_ore":52,"minecraft:gravel":1,"minecraft:sand":18,"minecraft:dirt":139,"minecraft:terracotta":2,"minecraft:tripwire_hook":1,"minecraft:acacia_planks":3,"minecraft:stone_bricks":1,"minecraft:netherrack":5,"minecraft:oak_leaves":14,"minecraft:deepslate":17},"minecraft:dropped":{"minecraft:wheat_seeds":21,"minecraft:mossy_cobblestone":8,"minecraft:cooked_porkchop":2,"minecraft:feather":15,"minecraft:cobblestone_stairs":3,"minecraft:flint":1,"minecraft:emerald":2,"minecraft:dirt":9,"minecraft:mutton":1,"minecraft:sand":18,"minecraft:string":16,"minecraft:gold_ingot":1,"minecraft:bone":1,"minecraft:oak_door":2,"minecraft:stone_axe":1,"minecraft:lever":1,"minecraft:cobbled_deepslate":5,"minecraft:yellow_wool":1,"minecraft:obsidian":7,"minecraft:rotten_flesh":5,"minecraft:stone":3,"minecraft:diamond_pickaxe":1,"minecraft:oak_sapling":2,"minecraft:chest":1,"minecraft:bow":1,"minecraft:stone_pickaxe":1},"minecraft:broken":{"minecraft:flint_and_steel":1,"minecraft:stone_pickaxe":1,"minecraft:golden_sword":1},"minecraft:killed":{"minecraft:skeleton":3,"minecraft:chicken":15,"minecraft:pig":17,"minecraft:iron_golem":3,"minecraft:sheep":38,"minecraft:zombie":6,"minecraft:cow":10,"minecraft:enderman":2},"minecraft:killed_by":{"minecraft:player":1,"minecraft:iron_golem":1}},"DataVersion":3953}