{"stats":{"minecraft:picked_up":{"minecraft:birch_log":5,"minecraft:crafting_table":2,"minecraft:feather":4,"minecraft:cooked_beef":1,"minecraft:chicken":3,"minecraft:andesite":3,"minecraft:leather":5,"minecraft:wooden_pickaxe":2,"minecraft:oak_log":26,"minecraft:yellow_bed":1,"minecraft:dirt":5,"minecraft:bone":2,"minecraft:acacia_planks":4,"minecraft:beef":8,"minecraft:iron_ingot":3,"minecraft:poppy":1,"minecraft:egg":3,"minecraft:furnace":1,"minecraft:oak_door":1,"minecraft:torch":3,"minecraft:acacia_log":9,"minecraft:porkchop":17,"minecraft:rotten_flesh":2,"minecraft:hay_block":3,"minecraft:mutton":1,"minecraft:coal":16,"minecraft:cobblestone":46,"minecraft:white_wool":2},"minecraft:used":{"minecraft:stone_pickaxe":48,"minecraft:poppy":1,"minecraft:wooden_pickaxe":6,"minecraft:cooked_chicken":2,"minecraft:dirt":5,"minecraft:crafting_table":4,"minecraft:bread":9,"minecraft:iron_pickaxe":8,"minecraft:stone_axe":51,"minecraft:golden_sword":39,"minecraft:beef":1,"minecraft:furnace":3,"minecraft:andesite":3,"minecraft:egg":3,"minecraft:acacia_planks":14},"minecraft:custom":{"minecraft:interact_with_furnace":12,"minecraft:mob_kills":18,"minecraft:interact_with_crafting_table":9,"minecraft:time_since_death":10868,"minecraft:sleep_in_bed":4,"minecraft:time_since_rest":10893,"minecraft:sprint_one_cm":77936,"minecraft:damage_taken":922,"minecraft:walk_one_cm":63191,"minecraft:drop":4,"minecraft:damage_dealt":2620,"minecraft:swim_one_cm":5757,"minecraft:talked_to_villager":2,"minecraft:fly_one_cm":105811,"minecraft:open_chest":4,"minecraft:crouch_one_cm":1596,"minecraft:play_time":23221,"minecraft:deaths":2,"minecraft:sneak_time":764,"minecraft:walk_under_water_one_cm":1027,"minecraft:jump":385,"minecraft:walk_on_water_one_cm":1779,"minecraft:total_world_time":23221,"minecraft:fall_one_cm":12117},"minecraft:mined":{"minecraft:acacia_leaves":1,"minecraft:crafting_table":2,"minecraft:short_grass":7,"minecraft:acacia_log":9,"minecraft:grass_block":4,"minecraft:cobblestone":16,"minecraft:tall_grass":6,"minecraft:wall_torch":1,"minecraft:hay_block":5,"minecraft:furnace":1,"minecraft:birch_log":5,"minecraft:andesite":3,"minecraft:birch_leaves":2,"minecraft:yellow_bed":1,"minecraft:coal_ore":16,"minecraft:oak_log":26,"minecraft:dirt":1,"minecraft:acacia_planks":3,"minecraft:stone":24,"minecraft:oak_leaves":4},"minecraft:crafted":{"minecraft:cooked_beef":1,"minecraft:oak_planks":104,"minecraft:cooked_porkchop":9,"minecraft:crafting_table":2,"minecraft:wooden_pickaxe":1,"minecraft:cooked_chicken":3,"minecraft:furnace":3,"minecraft:birch_planks":20,"minecraft:stone_axe":2,"minecraft:bread":9,"minecraft:air":0,"minecraft:stick":24,"minecraft:iron_pickaxe":1,"minecraft:stone_pickaxe":2,"minecraft:acacia_planks":36,"minecraft:wheat":27},"minecraft:dropped":{"minecraft:feather":4},"minecraft:broken":{"minecraft:golden_sword":1},"minecraft:killed":{"minecraft:pig":7,"minecraft:iron_golem":1,"minecraft:sheep":1,"minecraft:skeleton":1,"minecraft:zombie":1,"minecraft:chicken":3,"minecraft:cow":4},"minecraft:killed_by":{"minecraft:player":1,"minecraft:iron_golem":1}},"DataVersion":3953}