{"stats":{"minecraft:picked_up":{"minecraft:crafting_table":8,"minecraft:chicken":15,"minecraft:wooden_pickaxe":2,"minecraft:oak_stairs":52,"minecraft:gold_block":1,"minecraft:string":6034,"minecraft:cobbled_deepslate":16,"minecraft:beef":16,"minecraft:poppy":2,"minecraft:sugar_cane":21,"minecraft:egg":7,"minecraft:furnace":12,"minecraft:raw_iron":43,"minecraft:stone":3,"minecraft:oak_door":2,"minecraft:torch":7,"minecraft:acacia_log":9,"minecraft:porkchop":37,"minecraft:diorite":47,"minecraft:redstone":74,"minecraft:rotten_flesh":7,"minecraft:hay_block":42,"minecraft:gold_ingot":1,"minecraft:obsidian":30,"minecraft:mutton":58,"minecraft:cobblestone":140,"minecraft:white_wool":36,"minecraft:birch_log":5,"minecraft:enchanting_table":1,"minecraft:magma_block":2,"minecraft:feather":15,"minecraft:cooked_beef":1,"minecraft:tripwire_hook":1,"minecraft:andesite":5,"minecraft:leather":10,"minecraft:tuff":1,"minecraft:oak_log":52,"minecraft:yellow_bed":1,"minecraft:cobblestone_stairs":3,"minecraft:lapis_lazuli":46,"minecraft:dirt":44,"minecraft:bone":3,"minecraft:acacia_planks":4,"minecraft:bow":1,"minecraft:wheat_seeds":16,"minecraft:raw_gold":16,"minecraft:iron_ingot":12,"minecraft:oak_planks":50,"minecraft:oak_slab":4,"minecraft:cooked_porkchop":1,"minecraft:gravel":1,"minecraft:white_bed":3,"minecraft:red_terracotta":1,"minecraft:mossy_cobblestone":5,"minecraft:diamond":10,"minecraft:lever":1,"minecraft:gray_wool":1,"minecraft:terracotta":2,"minecraft:coal":52,"minecraft:diamond_pickaxe":1},"minecraft:used":{"minecraft:enchanting_table":2,"minecraft:flint_and_steel":1,"minecraft:poppy":1,"minecraft:chest":2,"minecraft:shield":5,"minecraft:iron_sword":110,"minecraft:cooked_chicken":3,"minecraft:iron_chestplate":1,"minecraft:torch":6,"minecraft:dirt":20,"minecraft:tuff":1,"minecraft:obsidian":14,"minecraft:iron_axe":72,"minecraft:oak_stairs":7,"minecraft:iron_boots":1,"minecraft:tripwire_hook":1,"minecraft:golden_sword":39,"minecraft:magma_block":2,"minecraft:beef":1,"minecraft:furnace":15,"minecraft:egg":7,"minecraft:acacia_planks":14,"minecraft:cobbled_deepslate":11,"minecraft:orange_terracotta":2,"minecraft:iron_leggings":1,"minecraft:water_bucket":16,"minecraft:stone_pickaxe":147,"minecraft:oak_planks":27,"minecraft:wooden_pickaxe":6,"minecraft:diamond_axe":115,"minecraft:sugar_cane":18,"minecraft:mossy_cobblestone":1,"minecraft:terracotta":6,"minecraft:yellow_terracotta":8,"minecraft:oak_slab":7,"minecraft:crafting_table":10,"minecraft:white_bed":5,"minecraft:oak_log":10,"minecraft:diamond_pickaxe":146,"minecraft:diamond_shovel":17,"minecraft:bread":13,"minecraft:string":6,"minecraft:iron_pickaxe":94,"minecraft:red_terracotta":15,"minecraft:stone_axe":65,"minecraft:cobblestone":4,"minecraft:cooked_porkchop":8,"minecraft:bucket":17,"minecraft:andesite":5},"minecraft:custom":{"minecraft:mob_kills":93,"minecraft:interact_with_crafting_table":28,"minecraft:open_barrel":7,"minecraft:leave_game":2,"minecraft:time_since_death":139921,"minecraft:climb_one_cm":3378,"minecraft:sprint_one_cm":272235,"minecraft:walk_one_cm":396022,"minecraft:damage_blocked_by_shield":314,"minecraft:drop":44,"minecraft:talked_to_villager":120,"minecraft:play_time":152274,"minecraft:deaths":2,"minecraft:sneak_time":8756,"minecraft:walk_under_water_one_cm":17059,"minecraft:jump":2070,"minecraft:walk_on_water_one_cm":39910,"minecraft:total_world_time":152274,"minecraft:interact_with_furnace":111,"minecraft:traded_with_villager":235,"minecraft:sleep_in_bed":9,"minecraft:time_since_rest":8368,"minecraft:damage_taken":1516,"minecraft:damage_dealt":11466,"minecraft:swim_one_cm":23789,"minecraft:fly_one_cm":377675,"minecraft:open_chest":86,"minecraft:crouch_one_cm":23737,"minecraft:fall_one_cm":47777},"minecraft:crafted":{"minecraft:oak_planks":104,"minecraft:cooked_chicken":15,"minecraft:furnace":4,"minecraft:diamond_shovel":1,"minecraft:cooked_mutton":55,"minecraft:flint_and_steel":1,"minecraft:diamond_helmet":1,"minecraft:diamond_leggings":1,"minecraft:iron_boots":1,"minecraft:iron_axe":1,"minecraft:stone_pickaxe":3,"minecraft:chest":2,"minecraft:diamond_boots":1,"minecraft:wheat":378,"minecraft:cooked_beef":9,"minecraft:oak_slab":6,"minecraft:diamond_sword":1,"minecraft:emerald":227,"minecraft:cooked_porkchop":36,"minecraft:diamond_axe":1,"minecraft:crafting_table":2,"minecraft:enchanting_table":1,"minecraft:wooden_pickaxe":1,"minecraft:iron_helmet":1,"minecraft:iron_sword":1,"minecraft:bucket":1,"minecraft:birch_planks":20,"minecraft:stone_axe":2,"minecraft:bread":126,"minecraft:air":0,"minecraft:book":1,"minecraft:iron_chestplate":1,"minecraft:paper":3,"minecraft:diamond_pickaxe":1,"minecraft:shield":1,"minecraft:stick":112,"minecraft:iron_ingot":42,"minecraft:iron_pickaxe":1,"minecraft:iron_leggings":1,"minecraft:gold_ingot":25,"minecraft:acacia_planks":36,"minecraft:diamond_chestplate":1},"minecraft:mined":{"minecraft:tuff":1,"minecraft:white_bed":3,"minecraft:mossy_cobblestone":5,"minecraft:deepslate_diamond_ore":10,"minecraft:oak_door":1,"minecraft:cobblestone_stairs":3,"minecraft:obsidian":14,"minecraft:acacia_log":9,"minecraft:grass_block":8,"minecraft:hay_block":44,"minecraft:magma_block":1,"minecraft:furnace":12,"minecraft:iron_ore":29,"minecraft:andesite":5,"minecraft:deepslate_lapis_ore":1,"minecraft:enchanting_table":1,"minecraft:gold_block":1,"minecraft:deepslate_iron_ore":14,"minecraft:dirt_path":3,"minecraft:oak_stairs":52,"minecraft:stone":82,"minecraft:tripwire":9,"minecraft:deepslate_redstone_ore":16,"minecraft:oak_slab":2,"minecraft:acacia_leaves":1,"minecraft:glass_pane":3,"minecraft:crafting_table":8,"minecraft:torch":3,"minecraft:short_grass":52,"minecraft:tall_grass":8,"minecraft:cobblestone":49,"minecraft:lapis_ore":6,"minecraft:deepslate_gold_ore":15,"minecraft:sugar_cane":21,"minecraft:oak_planks":50,"minecraft:diorite":47,"minecraft:wall_torch":1,"minecraft:red_terracotta":1,"minecraft:birch_log":5,"minecraft:birch_leaves":2,"minecraft:yellow_bed":1,"minecraft:oak_log":50,"minecraft:coal_ore":52,"minecraft:dirt":22,"minecraft:terracotta":2,"minecraft:tripwire_hook":1,"minecraft:acacia_planks":3,"minecraft:netherrack":5,"minecraft:oak_leaves":9,"minecraft:deepslate":17},"minecraft:dropped":{"minecraft:wheat_seeds":13,"minecraft:cooked_porkchop":2,"minecraft:feather":15,"minecraft:emerald":2,"minecraft:dirt":9,"minecraft:mutton":1,"minecraft:gold_ingot":1,"minecraft:bone":1,"minecraft:lever":1,"minecraft:cobbled_deepslate":5,"minecraft:rotten_flesh":5,"minecraft:stone":3,"minecraft:diamond_pickaxe":1,"minecraft:bow":1},"minecraft:broken":{"minecraft:stone_pickaxe":1,"minecraft:golden_sword":1},"minecraft:killed":{"minecraft:skeleton":2,"minecraft:chicken":15,"minecraft:pig":17,"minecraft:iron_golem":3,"minecraft:sheep":38,"minecraft:zombie":6,"minecraft:cow":10,"minecraft:enderman":1},"minecraft:killed_by":{"minecraft:player":1,"minecraft:iron_golem":1}},"DataVersion":3953}