{"stats":{"minecraft:picked_up":{"minecraft:birch_log":5,"minecraft:crafting_table":5,"minecraft:feather":4,"minecraft:cooked_beef":1,"minecraft:chicken":3,"minecraft:andesite":5,"minecraft:leather":5,"minecraft:wooden_pickaxe":2,"minecraft:tuff":1,"minecraft:oak_log":26,"minecraft:yellow_bed":1,"minecraft:lapis_lazuli":34,"minecraft:dirt":9,"minecraft:bone":3,"minecraft:acacia_planks":4,"minecraft:bow":1,"minecraft:cobbled_deepslate":16,"minecraft:raw_gold":16,"minecraft:beef":8,"minecraft:iron_ingot":3,"minecraft:poppy":1,"minecraft:oak_planks":5,"minecraft:egg":3,"minecraft:furnace":5,"minecraft:raw_iron":43,"minecraft:oak_door":1,"minecraft:gravel":1,"minecraft:torch":6,"minecraft:acacia_log":9,"minecraft:porkchop":17,"minecraft:redstone":74,"minecraft:rotten_flesh":2,"minecraft:diamond":10,"minecraft:hay_block":3,"minecraft:mutton":1,"minecraft:coal":52,"minecraft:cobblestone":72,"minecraft:white_wool":2},"minecraft:used":{"minecraft:oak_planks":12,"minecraft:stone_pickaxe":140,"minecraft:poppy":1,"minecraft:shield":5,"minecraft:wooden_pickaxe":6,"minecraft:cooked_chicken":3,"minecraft:iron_chestplate":1,"minecraft:torch":6,"minecraft:dirt":5,"minecraft:crafting_table":6,"minecraft:tuff":1,"minecraft:iron_axe":4,"minecraft:bread":9,"minecraft:iron_pickaxe":85,"minecraft:iron_boots":1,"minecraft:stone_axe":65,"minecraft:golden_sword":39,"minecraft:beef":1,"minecraft:cooked_porkchop":3,"minecraft:furnace":5,"minecraft:andesite":5,"minecraft:egg":3,"minecraft:cobbled_deepslate":10,"minecraft:acacia_planks":14,"minecraft:iron_leggings":1},"minecraft:custom":{"minecraft:interact_with_furnace":35,"minecraft:mob_kills":21,"minecraft:interact_with_crafting_table":16,"minecraft:leave_game":1,"minecraft:time_since_death":35072,"minecraft:sleep_in_bed":4,"minecraft:time_since_rest":35097,"minecraft:sprint_one_cm":101677,"minecraft:damage_taken":1209,"minecraft:walk_one_cm":131525,"minecraft:damage_blocked_by_shield":314,"minecraft:drop":4,"minecraft:damage_dealt":3340,"minecraft:swim_one_cm":5757,"minecraft:talked_to_villager":2,"minecraft:fly_one_cm":141427,"minecraft:open_chest":4,"minecraft:crouch_one_cm":4898,"minecraft:play_time":47425,"minecraft:deaths":2,"minecraft:sneak_time":2762,"minecraft:walk_under_water_one_cm":1102,"minecraft:jump":832,"minecraft:walk_on_water_one_cm":4225,"minecraft:total_world_time":47425,"minecraft:fall_one_cm":25272},"minecraft:mined":{"minecraft:deepslate_redstone_ore":16,"minecraft:tuff":1,"minecraft:acacia_leaves":1,"minecraft:deepslate_diamond_ore":10,"minecraft:crafting_table":5,"minecraft:torch":3,"minecraft:short_grass":7,"minecraft:acacia_log":9,"minecraft:grass_block":4,"minecraft:cobblestone":16,"minecraft:tall_grass":6,"minecraft:deepslate_gold_ore":15,"minecraft:lapis_ore":4,"minecraft:oak_planks":5,"minecraft:wall_torch":1,"minecraft:hay_block":5,"minecraft:furnace":5,"minecraft:birch_log":5,"minecraft:iron_ore":29,"minecraft:andesite":5,"minecraft:birch_leaves":2,"minecraft:deepslate_lapis_ore":1,"minecraft:yellow_bed":1,"minecraft:coal_ore":52,"minecraft:oak_log":26,"minecraft:deepslate_iron_ore":14,"minecraft:dirt":1,"minecraft:acacia_planks":3,"minecraft:stone":44,"minecraft:deepslate":17,"minecraft:oak_leaves":4},"minecraft:crafted":{"minecraft:cooked_beef":1,"minecraft:oak_planks":104,"minecraft:cooked_porkchop":16,"minecraft:crafting_table":2,"minecraft:iron_helmet":1,"minecraft:wooden_pickaxe":1,"minecraft:cooked_chicken":3,"minecraft:furnace":3,"minecraft:birch_planks":20,"minecraft:stone_axe":2,"minecraft:bread":9,"minecraft:air":0,"minecraft:iron_boots":1,"minecraft:iron_chestplate":1,"minecraft:shield":1,"minecraft:iron_axe":1,"minecraft:stick":24,"minecraft:iron_ingot":29,"minecraft:iron_pickaxe":1,"minecraft:stone_pickaxe":3,"minecraft:iron_leggings":1,"minecraft:acacia_planks":36,"minecraft:wheat":27},"minecraft:dropped":{"minecraft:feather":4},"minecraft:broken":{"minecraft:golden_sword":1},"minecraft:killed":{"minecraft:pig":7,"minecraft:iron_golem":1,"minecraft:sheep":1,"minecraft:skeleton":2,"minecraft:zombie":2,"minecraft:chicken":3,"minecraft:cow":4},"minecraft:killed_by":{"minecraft:player":1,"minecraft:iron_golem":1}},"DataVersion":3953}