{"stats":{"minecraft:picked_up":{"minecraft:crafting_table":7,"minecraft:feather":6,"minecraft:cooked_beef":6,"minecraft:chicken":8,"minecraft:glow_ink_sac":3,"minecraft:brown_wool":3,"minecraft:leather":8,"minecraft:wooden_pickaxe":2,"minecraft:oak_log":11,"minecraft:gunpowder":2,"minecraft:string":287,"minecraft:lapis_lazuli":15,"minecraft:dirt":56,"minecraft:cooked_mutton":2,"minecraft:bone":8,"minecraft:wheat_seeds":40,"minecraft:cobbled_deepslate":2,"minecraft:raw_gold":10,"minecraft:cooked_chicken":3,"minecraft:iron_ingot":2,"minecraft:stone_pickaxe":3,"minecraft:beef":10,"minecraft:iron_pickaxe":1,"minecraft:cobblestone_slab":4,"minecraft:poppy":2,"minecraft:light_gray_wool":1,"minecraft:oak_planks":60,"minecraft:egg":4,"minecraft:furnace":6,"minecraft:raw_iron":25,"minecraft:stick":28,"minecraft:torch":43,"minecraft:dandelion":4,"minecraft:diorite":2,"minecraft:white_bed":4,"minecraft:spider_eye":2,"minecraft:stone_shovel":1,"minecraft:stone_sword":1,"minecraft:arrow":8,"minecraft:rotten_flesh":2,"minecraft:diamond":8,"minecraft:stone_axe":3,"minecraft:granite":6,"minecraft:gray_wool":3,"minecraft:coal":34,"minecraft:oak_sapling":2,"minecraft:black_wool":1,"minecraft:mutton":12,"minecraft:white_wool":22,"minecraft:cobblestone":125},"minecraft:used":{"minecraft:cooked_mutton":12,"minecraft:stone_sword":48,"minecraft:stone_shovel":110,"minecraft:stone_pickaxe":129,"minecraft:oak_planks":8,"minecraft:wooden_pickaxe":19,"minecraft:cooked_chicken":6,"minecraft:torch":103,"minecraft:dirt":56,"minecraft:mutton":2,"minecraft:crafting_table":6,"minecraft:white_bed":2,"minecraft:chicken":1,"minecraft:string":92,"minecraft:iron_pickaxe":24,"minecraft:stone_axe":113,"minecraft:cobblestone":13,"minecraft:furnace":5,"minecraft:cobbled_deepslate":2,"minecraft:cooked_beef":4},"minecraft:custom":{"minecraft:interact_with_furnace":35,"minecraft:mob_kills":42,"minecraft:interact_with_crafting_table":22,"minecraft:leave_game":2,"minecraft:time_since_death":107,"minecraft:sleep_in_bed":3,"minecraft:time_since_rest":205,"minecraft:sprint_one_cm":295489,"minecraft:damage_taken":2579,"minecraft:walk_one_cm":156169,"minecraft:drop":17,"minecraft:damage_dealt":5304,"minecraft:swim_one_cm":32915,"minecraft:fly_one_cm":611827,"minecraft:player_kills":1,"minecraft:open_chest":5,"minecraft:crouch_one_cm":4606,"minecraft:play_time":73044,"minecraft:deaths":3,"minecraft:sneak_time":3779,"minecraft:walk_under_water_one_cm":16609,"minecraft:jump":842,"minecraft:walk_on_water_one_cm":38884,"minecraft:total_world_time":73044,"minecraft:fall_one_cm":20677},"minecraft:mined":{"minecraft:white_bed":2,"minecraft:deepslate_diamond_ore":4,"minecraft:crafting_table":6,"minecraft:torch":20,"minecraft:short_grass":98,"minecraft:grass_block":12,"minecraft:tall_grass":4,"minecraft:cobblestone":6,"minecraft:deepslate_gold_ore":5,"minecraft:oak_planks":1,"minecraft:diorite":1,"minecraft:wall_torch":21,"minecraft:furnace":5,"minecraft:iron_ore":9,"minecraft:deepslate_lapis_ore":2,"minecraft:coal_ore":22,"minecraft:oak_log":6,"minecraft:deepslate_iron_ore":7,"minecraft:dirt":32,"minecraft:tripwire":1,"minecraft:stone":58,"minecraft:deepslate":2,"minecraft:oak_leaves":4},"minecraft:crafted":{"minecraft:cooked_beef":10,"minecraft:oak_planks":44,"minecraft:stone_shovel":1,"minecraft:crafting_table":1,"minecraft:iron_helmet":1,"minecraft:cooked_chicken":7,"minecraft:furnace":1,"minecraft:stone_axe":2,"minecraft:cooked_mutton":10,"minecraft:air":0,"minecraft:iron_boots":1,"minecraft:stick":40,"minecraft:iron_pickaxe":1,"minecraft:iron_ingot":15,"minecraft:stone_pickaxe":1,"minecraft:stone_sword":1,"minecraft:torch":76},"minecraft:dropped":{"minecraft:stone_axe":1,"minecraft:glow_ink_sac":2,"minecraft:light_gray_wool":1,"minecraft:poppy":2,"minecraft:cobblestone_slab":4,"minecraft:gray_wool":1,"minecraft:gunpowder":1,"minecraft:brown_wool":1,"minecraft:oak_sapling":2,"minecraft:wooden_pickaxe":1,"minecraft:string":195,"minecraft:black_wool":1,"minecraft:dandelion":4},"minecraft:broken":{"minecraft:stone_axe":2,"minecraft:wooden_pickaxe":1},"minecraft:killed":{"minecraft:armadillo":1,"minecraft:spider":1,"minecraft:creeper":1,"minecraft:sheep":11,"minecraft:skeleton":8,"minecraft:zombie":7,"minecraft:chicken":8,"minecraft:cow":4},"minecraft:killed_by":{"minecraft:player":1,"minecraft:skeleton":1}},"DataVersion":3953}