{"stats":{"minecraft:picked_up":{"minecraft:crafting_table":13,"minecraft:chicken":11,"minecraft:diamond_sword":1,"minecraft:wooden_pickaxe":2,"minecraft:golden_sword":8,"minecraft:shield":1,"minecraft:string":303,"minecraft:diamond_leggings":1,"minecraft:gold_nugget":37,"minecraft:cobbled_deepslate":2,"minecraft:beef":10,"minecraft:cobblestone_slab":4,"minecraft:poppy":6,"minecraft:iron_pickaxe":2,"minecraft:light_gray_wool":1,"minecraft:birch_sapling":7,"minecraft:egg":5,"minecraft:furnace":7,"minecraft:raw_iron":25,"minecraft:stick":81,"minecraft:torch":43,"minecraft:diorite":2,"minecraft:diamond_chestplate":1,"minecraft:rotten_flesh":30,"minecraft:stone_sword":2,"minecraft:arrow":13,"minecraft:stone_shovel":1,"minecraft:diamond_boots":1,"minecraft:mutton":12,"minecraft:white_wool":22,"minecraft:cobblestone":126,"minecraft:feather":8,"minecraft:cooked_beef":6,"minecraft:glow_ink_sac":3,"minecraft:salmon":2,"minecraft:leather":8,"minecraft:brown_wool":3,"minecraft:oak_log":19,"minecraft:gunpowder":2,"minecraft:lapis_lazuli":15,"minecraft:dirt":59,"minecraft:cooked_mutton":2,"minecraft:bone":9,"minecraft:wheat_seeds":44,"minecraft:raw_gold":10,"minecraft:stone_pickaxe":4,"minecraft:iron_ingot":14,"minecraft:cooked_chicken":9,"minecraft:diamond_helmet":1,"minecraft:acacia_sapling":64,"minecraft:oak_planks":86,"minecraft:dandelion":6,"minecraft:white_bed":4,"minecraft:grass_block":2,"minecraft:spider_eye":4,"minecraft:diamond":10,"minecraft:stone_axe":3,"minecraft:diamond_axe":1,"minecraft:granite":6,"minecraft:gray_wool":3,"minecraft:emerald":18,"minecraft:bread":114,"minecraft:oak_sapling":23,"minecraft:coal":34,"minecraft:black_wool":1,"minecraft:diamond_pickaxe":1},"minecraft:used":{"minecraft:stone_sword":53,"minecraft:stone_shovel":110,"minecraft:shield":66,"minecraft:cooked_chicken":13,"minecraft:torch":103,"minecraft:dirt":59,"minecraft:mutton":2,"minecraft:acacia_sapling":64,"minecraft:birch_sapling":7,"minecraft:oak_sapling":19,"minecraft:furnace":5,"minecraft:cooked_beef":4,"minecraft:cobbled_deepslate":2,"minecraft:cooked_mutton":12,"minecraft:stone_pickaxe":129,"minecraft:oak_planks":8,"minecraft:wooden_pickaxe":19,"minecraft:diamond_axe":19,"minecraft:crafting_table":8,"minecraft:white_bed":3,"minecraft:chicken":1,"minecraft:bread":27,"minecraft:string":92,"minecraft:iron_pickaxe":24,"minecraft:stone_axe":113,"minecraft:diamond_sword":217,"minecraft:cobblestone":13},"minecraft:custom":{"minecraft:mob_kills":126,"minecraft:interact_with_crafting_table":24,"minecraft:open_barrel":3,"minecraft:leave_game":2,"minecraft:time_since_death":37781,"minecraft:climb_one_cm":11177,"minecraft:sprint_one_cm":802561,"minecraft:walk_one_cm":377597,"minecraft:damage_blocked_by_shield":2439,"minecraft:drop":40,"minecraft:talked_to_villager":56,"minecraft:play_time":144026,"minecraft:deaths":4,"minecraft:sneak_time":5828,"minecraft:walk_under_water_one_cm":30688,"minecraft:jump":1670,"minecraft:interact_with_blast_furnace":1,"minecraft:walk_on_water_one_cm":52524,"minecraft:total_world_time":144026,"minecraft:interact_with_furnace":35,"minecraft:traded_with_villager":196,"minecraft:sleep_in_bed":4,"minecraft:time_since_rest":37849,"minecraft:damage_taken":4103,"minecraft:damage_dealt":19912,"minecraft:swim_one_cm":50784,"minecraft:fly_one_cm":784250,"minecraft:player_kills":2,"minecraft:open_chest":41,"minecraft:crouch_one_cm":11726,"minecraft:fall_one_cm":27974},"minecraft:mined":{"minecraft:white_bed":2,"minecraft:deepslate_diamond_ore":4,"minecraft:grass_block":13,"minecraft:furnace":5,"minecraft:iron_ore":9,"minecraft:deepslate_lapis_ore":2,"minecraft:deepslate_iron_ore":7,"minecraft:stone":58,"minecraft:tripwire":1,"minecraft:dandelion":1,"minecraft:crafting_table":9,"minecraft:torch":20,"minecraft:short_grass":141,"minecraft:dead_bush":1,"minecraft:tall_grass":8,"minecraft:cobblestone":6,"minecraft:deepslate_gold_ore":5,"minecraft:oak_planks":1,"minecraft:diorite":1,"minecraft:wall_torch":21,"minecraft:oak_log":14,"minecraft:coal_ore":22,"minecraft:dirt":34,"minecraft:oak_leaves":4,"minecraft:deepslate":2},"minecraft:crafted":{"minecraft:oak_planks":100,"minecraft:stone_shovel":1,"minecraft:cooked_chicken":7,"minecraft:furnace":1,"minecraft:cooked_mutton":10,"minecraft:diamond_helmet":1,"minecraft:diamond_leggings":1,"minecraft:iron_boots":1,"minecraft:stone_pickaxe":1,"minecraft:diamond_boots":2,"minecraft:cooked_beef":10,"minecraft:diamond_sword":1,"minecraft:emerald":188,"minecraft:diamond_axe":1,"minecraft:crafting_table":1,"minecraft:iron_helmet":1,"minecraft:stone_axe":2,"minecraft:air":0,"minecraft:diamond_pickaxe":1,"minecraft:shield":2,"minecraft:stick":88,"minecraft:iron_pickaxe":1,"minecraft:iron_ingot":15,"minecraft:stone_sword":1,"minecraft:torch":76,"minecraft:diamond_chestplate":1},"minecraft:dropped":{"minecraft:bread":52,"minecraft:wheat_seeds":3,"minecraft:glow_ink_sac":2,"minecraft:feather":2,"minecraft:cobblestone":1,"minecraft:grass_block":2,"minecraft:gray_wool":1,"minecraft:brown_wool":1,"minecraft:gold_nugget":9,"minecraft:string":207,"minecraft:dandelion":5,"minecraft:bone":1,"minecraft:stone_axe":1,"minecraft:stone_sword":1,"minecraft:chicken":3,"minecraft:rotten_flesh":10,"minecraft:light_gray_wool":1,"minecraft:iron_boots":1,"minecraft:salmon":1,"minecraft:poppy":4,"minecraft:cobblestone_slab":4,"minecraft:shield":1,"minecraft:gunpowder":1,"minecraft:oak_sapling":3,"minecraft:golden_sword":1,"minecraft:spider_eye":2,"minecraft:diamond_boots":1,"minecraft:arrow":5,"minecraft:stone_pickaxe":1,"minecraft:wooden_pickaxe":1,"minecraft:black_wool":1,"minecraft:egg":1},"minecraft:broken":{"minecraft:wooden_pickaxe":1,"minecraft:stone_axe":2},"minecraft:killed":{"minecraft:armadillo":1,"minecraft:zombified_piglin":64,"minecraft:witch":1,"minecraft:spider":5,"minecraft:horse":1,"minecraft:skeleton":14,"minecraft:chicken":11,"minecraft:salmon":1,"minecraft:creeper":2,"minecraft:sheep":11,"minecraft:zombie":8,"minecraft:enderman":2,"minecraft:cow":4},"minecraft:killed_by":{"minecraft:player":1,"minecraft:zombified_piglin":1,"minecraft:skeleton":1}},"DataVersion":3953}