{"stats":{"minecraft:killed":{"minecraft:pig":1,"minecraft:chicken":2,"minecraft:iron_golem":2,"minecraft:creeper":2},"minecraft:custom":{"minecraft:time_since_rest":6747,"minecraft:interact_with_furnace":3,"minecraft:sprint_one_cm":41588,"minecraft:damage_taken":410,"minecraft:walk_one_cm":38979,"minecraft:mob_kills":7,"minecraft:drop":1,"minecraft:damage_dealt":2371,"minecraft:swim_one_cm":4017,"minecraft:interact_with_crafting_table":5,"minecraft:fly_one_cm":63049,"minecraft:open_chest":19,"minecraft:crouch_one_cm":829,"minecraft:play_time":15520,"minecraft:deaths":1,"minecraft:sneak_time":864,"minecraft:walk_under_water_one_cm":1077,"minecraft:jump":342,"minecraft:interact_with_stonecutter":2,"minecraft:leave_game":1,"minecraft:time_since_death":6713,"minecraft:walk_on_water_one_cm":182,"minecraft:total_world_time":15520,"minecraft:fall_one_cm":8777},"minecraft:killed_by":{"minecraft:enderman":1},"minecraft:crafted":{"minecraft:oak_planks":72,"minecraft:iron_boots":1,"minecraft:iron_chestplate":1,"minecraft:iron_axe":1,"minecraft:crafting_table":2,"minecraft:stick":16,"minecraft:iron_helmet":1,"minecraft:iron_pickaxe":1,"minecraft:cooked_chicken":2,"minecraft:wooden_pickaxe":1,"minecraft:stone_pickaxe":1,"minecraft:iron_sword":1,"minecraft:iron_leggings":1,"minecraft:furnace":1,"minecraft:stone_axe":1,"minecraft:air":0},"minecraft:used":{"minecraft:bread":2,"minecraft:iron_axe":7,"minecraft:stone_pickaxe":54,"minecraft:poppy":4,"minecraft:oak_planks":8,"minecraft:wooden_pickaxe":7,"minecraft:iron_sword":31,"minecraft:cooked_chicken":2,"minecraft:stone_axe":18,"minecraft:dirt":6,"minecraft:cobblestone":2,"minecraft:crafting_table":4,"minecraft:furnace":1,"minecraft:andesite":1,"minecraft:egg":1},"minecraft:dropped":{"minecraft:feather":1},"minecraft:mined":{"minecraft:andesite":1,"minecraft:crafting_table":3,"minecraft:short_grass":1,"minecraft:oak_log":18,"minecraft:grass_block":3,"minecraft:coal_ore":37,"minecraft:dirt":5,"minecraft:tall_grass":1,"minecraft:stone":23,"minecraft:oak_planks":6,"minecraft:oak_leaves":7},"minecraft:picked_up":{"minecraft:crafting_table":3,"minecraft:feather":1,"minecraft:chicken":2,"minecraft:andesite":1,"minecraft:leather":3,"minecraft:torch":1,"minecraft:porkchop":3,"minecraft:oak_log":18,"minecraft:dirt":10,"minecraft:iron_ingot":10,"minecraft:poppy":4,"minecraft:oak_planks":7,"minecraft:coal":37,"minecraft:white_wool":2,"minecraft:cobblestone":31,"minecraft:egg":1}},"DataVersion":3953}