{"stats":{"minecraft:killed":{"minecraft:pig":1,"minecraft:iron_golem":2,"minecraft:creeper":2,"minecraft:chicken":2},"minecraft:custom":{"minecraft:interact_with_furnace":3,"minecraft:interact_with_anvil":8,"minecraft:mob_kills":7,"minecraft:traded_with_villager":38,"minecraft:interact_with_crafting_table":10,"minecraft:interact_with_stonecutter":2,"minecraft:leave_game":2,"minecraft:time_since_death":46883,"minecraft:sleep_in_bed":1,"minecraft:time_since_rest":36934,"minecraft:sprint_one_cm":92718,"minecraft:damage_taken":582,"minecraft:walk_one_cm":92724,"minecraft:drop":8,"minecraft:damage_dealt":3187,"minecraft:swim_one_cm":4017,"minecraft:talked_to_villager":28,"minecraft:fly_one_cm":159396,"minecraft:open_chest":37,"minecraft:crouch_one_cm":4936,"minecraft:play_time":55690,"minecraft:deaths":1,"minecraft:sneak_time":2077,"minecraft:walk_under_water_one_cm":1324,"minecraft:jump":809,"minecraft:walk_on_water_one_cm":305,"minecraft:total_world_time":55690,"minecraft:fall_one_cm":20058},"minecraft:killed_by":{"minecraft:enderman":1},"minecraft:crafted":{"minecraft:oak_planks":72,"minecraft:emerald":38,"minecraft:crafting_table":2,"minecraft:spruce_planks":452,"minecraft:wooden_pickaxe":1,"minecraft:cooked_chicken":2,"minecraft:iron_helmet":1,"minecraft:iron_sword":1,"minecraft:furnace":1,"minecraft:bucket":1,"minecraft:stone_axe":1,"minecraft:air":0,"minecraft:iron_boots":1,"minecraft:iron_chestplate":1,"minecraft:shield":1,"minecraft:iron_axe":1,"minecraft:stick":1100,"minecraft:iron_pickaxe":1,"minecraft:stone_pickaxe":1,"minecraft:polished_basalt":36,"minecraft:iron_shovel":1,"minecraft:iron_leggings":1},"minecraft:used":{"minecraft:water_bucket":2,"minecraft:iron_shovel":15,"minecraft:stone_pickaxe":54,"minecraft:oak_planks":8,"minecraft:poppy":4,"minecraft:polished_basalt":38,"minecraft:spruce_planks":1,"minecraft:wooden_pickaxe":7,"minecraft:iron_sword":37,"minecraft:netherrack":1,"minecraft:cooked_chicken":2,"minecraft:dirt":17,"minecraft:anvil":1,"minecraft:crafting_table":6,"minecraft:mace":15,"minecraft:iron_axe":35,"minecraft:bread":8,"minecraft:iron_pickaxe":5,"minecraft:spruce_sapling":4,"minecraft:diamond_chestplate":1,"minecraft:stone_axe":18,"minecraft:cobblestone":5,"minecraft:furnace":1,"minecraft:bucket":3,"minecraft:andesite":1,"minecraft:egg":1},"minecraft:mined":{"minecraft:spruce_planks":25,"minecraft:crafting_table":5,"minecraft:short_grass":16,"minecraft:grass_block":15,"minecraft:cobblestone":3,"minecraft:tall_grass":2,"minecraft:oak_planks":6,"minecraft:polished_basalt":2,"minecraft:fire":2,"minecraft:spruce_log":1,"minecraft:andesite":1,"minecraft:coal_ore":37,"minecraft:oak_log":18,"minecraft:dirt_path":1,"minecraft:dirt":11,"minecraft:stone":23,"minecraft:oak_leaves":7},"minecraft:dropped":{"minecraft:bread":1,"minecraft:wheat_seeds":3,"minecraft:feather":1,"minecraft:milk_bucket":2,"minecraft:iron_axe":1},"minecraft:picked_up":{"minecraft:crafting_table":5,"minecraft:feather":1,"minecraft:chicken":2,"minecraft:andesite":1,"minecraft:leather":3,"minecraft:oak_log":18,"minecraft:dirt":28,"minecraft:iron_axe":1,"minecraft:wheat_seeds":3,"minecraft:spruce_planks":15,"minecraft:iron_ingot":10,"minecraft:poppy":4,"minecraft:oak_planks":7,"minecraft:egg":1,"minecraft:milk_bucket":2,"minecraft:torch":3,"minecraft:porkchop":3,"minecraft:spruce_sapling":4,"minecraft:spruce_log":11,"minecraft:polished_basalt":2,"minecraft:bread":1,"minecraft:netherrack":14,"minecraft:coal":37,"minecraft:white_wool":2,"minecraft:cobblestone":34}},"DataVersion":3953}