{"stats":{"minecraft:killed_by":{"minecraft:player":2},"minecraft:used":{"minecraft:baked_potato":6,"minecraft:diamond_axe":3,"minecraft:iron_chestplate":1,"minecraft:carrot":33,"minecraft:crossbow":24,"minecraft:iron_axe":218,"minecraft:iron_helmet":1,"minecraft:iron_boots":1,"minecraft:bamboo":4,"minecraft:chainmail_boots":1,"minecraft:potato":92,"minecraft:iron_leggings":1,"minecraft:splash_potion":1},"minecraft:crafted":{"minecraft:emerald":33,"minecraft:diamond_axe":1,"minecraft:crafting_table":1,"minecraft:stick":1136,"minecraft:iron_ingot":63,"minecraft:iron_pickaxe":2,"minecraft:diamond_boots":1,"minecraft:acacia_planks":28,"minecraft:diamond_chestplate":1},"minecraft:dropped":{"minecraft:stone_axe":2,"minecraft:sugar_cane":2,"minecraft:wheat_seeds":3,"minecraft:diamond_axe":1,"minecraft:baked_potato":1,"minecraft:ender_pearl":3,"minecraft:obsidian":8,"minecraft:diamond_leggings":2,"minecraft:poisonous_potato":1,"minecraft:rotten_flesh":1,"minecraft:chainmail_helmet":1,"minecraft:carrot":1,"minecraft:potato":30,"minecraft:diamond_pickaxe":2,"minecraft:chainmail_boots":3,"minecraft:bamboo":16,"minecraft:iron_shovel":2,"minecraft:bucket":2,"minecraft:netherrack":64,"minecraft:dandelion":1},"minecraft:killed":{"minecraft:zombie":1},"minecraft:mined":{"minecraft:acacia_leaves":1,"minecraft:dandelion":1,"minecraft:acacia_log":6,"minecraft:tall_grass":2,"minecraft:carrots":18,"minecraft:potatoes":62,"minecraft:stripped_acacia_log":1,"minecraft:bamboo_sapling":2,"minecraft:bamboo":208},"minecraft:custom":{"minecraft:interact_with_smithing_table":1,"minecraft:interact_with_furnace":1,"minecraft:mob_kills":1,"minecraft:traded_with_villager":36,"minecraft:interact_with_crafting_table":6,"minecraft:open_barrel":15,"minecraft:leave_game":2,"minecraft:time_since_death":36642,"minecraft:sleep_in_bed":1,"minecraft:time_since_rest":3900,"minecraft:sprint_one_cm":101145,"minecraft:walk_one_cm":190306,"minecraft:damage_taken":1240,"minecraft:drop":33,"minecraft:damage_dealt":321,"minecraft:talked_to_villager":50,"minecraft:fly_one_cm":97650,"minecraft:player_kills":2,"minecraft:open_chest":50,"minecraft:crouch_one_cm":899,"minecraft:play_time":52635,"minecraft:deaths":2,"minecraft:sneak_time":384,"minecraft:walk_under_water_one_cm":856,"minecraft:jump":767,"minecraft:interact_with_blast_furnace":1,"minecraft:walk_on_water_one_cm":309,"minecraft:total_world_time":52635,"minecraft:fall_one_cm":21494},"minecraft:picked_up":{"minecraft:iron_chestplate":4,"minecraft:crafting_table":1,"minecraft:chainmail_boots":4,"minecraft:potato":259,"minecraft:shield":2,"minecraft:iron_axe":3,"minecraft:iron_leggings":3,"minecraft:iron_shovel":2,"minecraft:acacia_planks":36,"minecraft:diamond_leggings":2,"minecraft:wheat_seeds":3,"minecraft:bucket":2,"minecraft:iron_ingot":91,"minecraft:iron_pickaxe":3,"minecraft:bamboo":2268,"minecraft:sugar_cane":2,"minecraft:iron_boots":2,"minecraft:stick":18,"minecraft:dandelion":1,"minecraft:acacia_log":6,"minecraft:poisonous_potato":1,"minecraft:carrot":48,"minecraft:stripped_acacia_log":1,"minecraft:arrow":52,"minecraft:rotten_flesh":1,"minecraft:stone_axe":2,"minecraft:diamond_boots":1,"minecraft:iron_helmet":1,"minecraft:crossbow":2,"minecraft:chainmail_helmet":2,"minecraft:baked_potato":7,"minecraft:netherrack":64,"minecraft:obsidian":8,"minecraft:diamond_pickaxe":2,"minecraft:ender_pearl":3}},"DataVersion":3953}