{"stats":{"minecraft:picked_up":{"minecraft:fishing_rod":9,"minecraft:crafting_table":8,"minecraft:iron_chestplate":8,"minecraft:azure_bluet":2,"minecraft:ladder":3,"minecraft:diamond_sword":1,"minecraft:wooden_pickaxe":1,"minecraft:potion":1,"minecraft:shield":8,"minecraft:golden_sword":5,"minecraft:string":737,"minecraft:oak_trapdoor":6,"minecraft:iron_axe":1,"minecraft:iron_leggings":8,"minecraft:diamond_leggings":1,"minecraft:red_sand":43,"minecraft:gold_nugget":13,"minecraft:poppy":2,"minecraft:iron_pickaxe":6,"minecraft:light_gray_wool":1,"minecraft:sugar_cane":7,"minecraft:birch_sapling":15,"minecraft:iron_boots":5,"minecraft:furnace":3,"minecraft:stick":276,"minecraft:torch":7,"minecraft:green_bed":1,"minecraft:cactus":11,"minecraft:rotten_flesh":195,"minecraft:diamond_chestplate":1,"minecraft:shears":2,"minecraft:diamond_boots":1,"minecraft:hay_block":126,"minecraft:armadillo_scute":1,"minecraft:saddle":1,"minecraft:mutton":12,"minecraft:cod":6,"minecraft:white_wool":195,"minecraft:cobblestone":163,"minecraft:birch_log":395,"minecraft:golden_carrot":238,"minecraft:water_bucket":9,"minecraft:salmon":2,"minecraft:brown_wool":1,"minecraft:cut_sandstone":3,"minecraft:leather":186,"minecraft:oak_log":1543,"minecraft:lapis_lazuli":34,"minecraft:dirt":737,"minecraft:name_tag":3,"minecraft:orange_terracotta":1,"minecraft:smooth_sandstone":1,"minecraft:apple":2,"minecraft:bow":14,"minecraft:wheat_seeds":8,"minecraft:iron_ingot":88,"minecraft:diamond_helmet":1,"minecraft:glass_bottle":1,"minecraft:oak_planks":249,"minecraft:oak_slab":8,"minecraft:cooked_porkchop":24,"minecraft:dandelion":16,"minecraft:gravel":8,"minecraft:sand":98,"minecraft:white_bed":15,"minecraft:grass_block":4,"minecraft:red_terracotta":3,"minecraft:spider_eye":4,"minecraft:camel_spawn_egg":1,"minecraft:iron_hoe":2,"minecraft:diamond":3,"minecraft:iron_helmet":5,"minecraft:crossbow":4,"minecraft:diamond_axe":12,"minecraft:gray_wool":1,"minecraft:emerald":408,"minecraft:bread":247,"minecraft:oak_sapling":435,"minecraft:melon_seeds":3,"minecraft:black_wool":1,"minecraft:coal":24,"minecraft:diamond_pickaxe":2},"minecraft:used":{"minecraft:red_sand":3,"minecraft:ladder":2,"minecraft:shield":24,"minecraft:iron_chestplate":3,"minecraft:torch":1,"minecraft:dirt":156,"minecraft:iron_hoe":74,"minecraft:iron_axe":18,"minecraft:grass_block":4,"minecraft:iron_helmet":1,"minecraft:iron_boots":1,"minecraft:diamond_chestplate":1,"minecraft:golden_carrot":17,"minecraft:hay_block":1,"minecraft:oak_sapling":1,"minecraft:furnace":1,"minecraft:cooked_mutton":10,"minecraft:water_bucket":9,"minecraft:stone_pickaxe":30,"minecraft:oak_planks":125,"minecraft:cactus":3,"minecraft:wooden_pickaxe":28,"minecraft:cobblestone_slab":2,"minecraft:sugar_cane":7,"minecraft:diamond_axe":1097,"minecraft:white_wool":56,"minecraft:sand":12,"minecraft:crafting_table":6,"minecraft:white_bed":5,"minecraft:shears":56,"minecraft:oak_log":1,"minecraft:apple":1,"minecraft:diamond_shovel":62,"minecraft:bread":52,"minecraft:iron_pickaxe":7,"minecraft:red_terracotta":56,"minecraft:stone_axe":52,"minecraft:fishing_rod":5,"minecraft:cobblestone":2,"minecraft:potion":1,"minecraft:cooked_porkchop":3,"minecraft:bucket":11,"minecraft:oak_boat":1},"minecraft:custom":{"minecraft:mob_kills":27,"minecraft:interact_with_crafting_table":16,"minecraft:open_barrel":9,"minecraft:leave_game":14,"minecraft:time_since_death":2800,"minecraft:climb_one_cm":208,"minecraft:sprint_one_cm":779784,"minecraft:walk_one_cm":532301,"minecraft:damage_blocked_by_shield":1254,"minecraft:drop":101,"minecraft:talked_to_villager":4,"minecraft:play_time":273653,"minecraft:sneak_time":13045,"minecraft:deaths":24,"minecraft:walk_under_water_one_cm":33837,"minecraft:boat_one_cm":26478,"minecraft:jump":6138,"minecraft:walk_on_water_one_cm":54283,"minecraft:total_world_time":273653,"minecraft:interact_with_furnace":6,"minecraft:sleep_in_bed":5,"minecraft:time_since_rest":3135,"minecraft:damage_taken":15071,"minecraft:damage_dealt":8542,"minecraft:player_kills":1,"minecraft:swim_one_cm":36236,"minecraft:fly_one_cm":1655939,"minecraft:open_chest":85,"minecraft:crouch_one_cm":34519,"minecraft:fish_caught":3,"minecraft:fall_one_cm":155907},"minecraft:mined":{"minecraft:white_bed":4,"minecraft:oak_sapling":2,"minecraft:red_sand":7,"minecraft:grass_block":110,"minecraft:hay_block":65,"minecraft:tall_seagrass":3,"minecraft:dirt_path":4,"minecraft:stone":13,"minecraft:white_wool":56,"minecraft:green_bed":1,"minecraft:cut_sandstone":1,"minecraft:acacia_leaves":1,"minecraft:orange_terracotta":1,"minecraft:smooth_sandstone":1,"minecraft:short_grass":43,"minecraft:dead_bush":7,"minecraft:tall_grass":4,"minecraft:cobblestone":22,"minecraft:sugar_cane":9,"minecraft:oak_planks":45,"minecraft:seagrass":1,"minecraft:red_terracotta":2,"minecraft:birch_log":148,"minecraft:birch_leaves":9,"minecraft:oak_log":627,"minecraft:gravel":8,"minecraft:sand":2,"minecraft:dirt":81,"minecraft:oak_leaves":204},"minecraft:crafted":{"minecraft:oak_planks":356,"minecraft:cobblestone_slab":6,"minecraft:fishing_rod":1,"minecraft:furnace":1,"minecraft:diamond_shovel":1,"minecraft:cooked_mutton":12,"minecraft:diamond_helmet":1,"minecraft:iron_boots":1,"minecraft:iron_hoe":1,"minecraft:stone_pickaxe":1,"minecraft:crafting_table":5,"minecraft:wooden_pickaxe":1,"minecraft:iron_helmet":1,"minecraft:bucket":2,"minecraft:stone_axe":1,"minecraft:air":0,"minecraft:oak_boat":1,"minecraft:iron_chestplate":1,"minecraft:shield":1,"minecraft:stick":12,"minecraft:iron_leggings":1,"minecraft:white_bed":1,"minecraft:shears":1},"minecraft:dropped":{"minecraft:water_bucket":1,"minecraft:bread":1,"minecraft:oak_slab":2,"minecraft:wheat_seeds":2,"minecraft:diamond_axe":2,"minecraft:diamond":16,"minecraft:crossbow":4,"minecraft:cobblestone":56,"minecraft:leather":122,"minecraft:apple":1,"minecraft:stick":13,"minecraft:dirt":1,"minecraft:torch":1,"minecraft:cut_sandstone":3,"minecraft:gold_nugget":3,"minecraft:armadillo_scute":1,"minecraft:sand":1,"minecraft:cactus":4,"minecraft:string":840,"minecraft:white_wool":63,"minecraft:green_bed":1,"minecraft:birch_sapling":14,"minecraft:rotten_flesh":194,"minecraft:iron_hoe":1,"minecraft:red_terracotta":75,"minecraft:salmon":2,"minecraft:diamond_sword":1,"minecraft:orange_terracotta":1,"minecraft:diamond_pickaxe":1,"minecraft:melon_seeds":3,"minecraft:oak_sapling":46,"minecraft:golden_sword":3,"minecraft:red_sand":10,"minecraft:bow":14},"minecraft:broken":{"minecraft:iron_boots":1},"minecraft:killed":{"minecraft:zombified_piglin":1,"minecraft:spider":2,"minecraft:horse":1,"minecraft:skeleton":1,"minecraft:camel":1,"minecraft:salmon":1,"minecraft:iron_golem":2,"minecraft:creeper":2,"minecraft:sheep":10,"minecraft:zombie":5},"minecraft:killed_by":{"minecraft:zombie_villager":1,"minecraft:player":16,"minecraft:zombified_piglin":1,"minecraft:creeper":1,"minecraft:iron_golem":2,"minecraft:skeleton":2}},"DataVersion":3953}