{"stats":{"minecraft:crafted":{"minecraft:cooked_beef":10,"minecraft:oak_planks":76,"minecraft:crafting_table":1,"minecraft:stick":8,"minecraft:wooden_pickaxe":1,"minecraft:stone_pickaxe":1,"minecraft:stone_axe":1,"minecraft:air":0},"minecraft:mined":{"minecraft:iron_ore":3,"minecraft:crafting_table":1,"minecraft:short_grass":3,"minecraft:grass_block":5,"minecraft:oak_log":19,"minecraft:coal_ore":20,"minecraft:sand":39,"minecraft:cobblestone":2,"minecraft:stone":19,"minecraft:oak_leaves":6,"minecraft:sandstone":12},"minecraft:used":{"minecraft:stone_pickaxe":51,"minecraft:oak_planks":11,"minecraft:wooden_pickaxe":12,"minecraft:sandstone":12,"minecraft:stone_axe":21,"minecraft:dirt":4,"minecraft:sand":39,"minecraft:cobblestone":3,"minecraft:crafting_table":1,"minecraft:cooked_beef":2},"minecraft:picked_up":{"minecraft:crafting_table":1,"minecraft:raw_iron":3,"minecraft:sandstone":12,"minecraft:sand":39,"minecraft:oak_log":19,"minecraft:shield":1,"minecraft:dirt":4,"minecraft:beef":5,"minecraft:coal":20,"minecraft:cobblestone":21},"minecraft:custom":{"minecraft:time_since_rest":16642,"minecraft:interact_with_furnace":5,"minecraft:sprint_one_cm":62696,"minecraft:damage_taken":870,"minecraft:walk_one_cm":34348,"minecraft:mob_kills":2,"minecraft:damage_dealt":310,"minecraft:interact_with_crafting_table":4,"minecraft:fly_one_cm":59017,"minecraft:crouch_one_cm":3357,"minecraft:play_time":26215,"minecraft:deaths":3,"minecraft:sneak_time":1698,"minecraft:walk_under_water_one_cm":713,"minecraft:jump":396,"minecraft:leave_game":2,"minecraft:walk_on_water_one_cm":381,"minecraft:time_since_death":16614,"minecraft:climb_one_cm":826,"minecraft:total_world_time":26215,"minecraft:fall_one_cm":20952},"minecraft:killed":{"minecraft:cow":2}},"DataVersion":3953}