{"stats":{"minecraft:custom":{"minecraft:time_since_rest":3459,"minecraft:sprint_one_cm":17974,"minecraft:interact_with_furnace":7,"minecraft:damage_taken":557,"minecraft:walk_one_cm":7893,"minecraft:damage_dealt":882,"minecraft:player_kills":1,"minecraft:fly_one_cm":115647,"minecraft:interact_with_crafting_table":3,"minecraft:swim_one_cm":2358,"minecraft:open_chest":5,"minecraft:crouch_one_cm":3649,"minecraft:play_time":10589,"minecraft:deaths":1,"minecraft:sneak_time":1182,"minecraft:walk_under_water_one_cm":13251,"minecraft:jump":115,"minecraft:leave_game":2,"minecraft:time_since_death":3427,"minecraft:walk_on_water_one_cm":711,"minecraft:total_world_time":10589,"minecraft:fall_one_cm":5944},"minecraft:killed_by":{"minecraft:iron_golem":1},"minecraft:crafted":{"minecraft:oak_planks":48,"minecraft:iron_boots":1,"minecraft:iron_chestplate":1,"minecraft:iron_axe":1,"minecraft:crafting_table":1,"minecraft:stick":12,"minecraft:wooden_pickaxe":1,"minecraft:iron_helmet":1,"minecraft:iron_pickaxe":1,"minecraft:stone_pickaxe":1,"minecraft:iron_leggings":1,"minecraft:stone_axe":1,"minecraft:cooked_mutton":3,"minecraft:air":0},"minecraft:used":{"minecraft:cooked_mutton":3,"minecraft:wooden_pickaxe":18,"minecraft:gravel":15,"minecraft:stone_axe":12,"minecraft:crafting_table":2},"minecraft:mined":{"minecraft:crafting_table":1,"minecraft:oak_log":12,"minecraft:stone":18},"minecraft:picked_up":{"minecraft:crafting_table":2,"minecraft:gravel":1,"minecraft:oak_log":12,"minecraft:cooked_mutton":1,"minecraft:cobblestone":18}},"DataVersion":3953}