{"stats":{"minecraft:killed_by":{"minecraft:player":4,"minecraft:zombie":1},"minecraft:used":{"minecraft:iron_shovel":195,"minecraft:poppy":8,"minecraft:chest":1,"minecraft:iron_sword":89,"minecraft:cooked_chicken":5,"minecraft:trial_key":5,"minecraft:iron_chestplate":3,"minecraft:torch":6,"minecraft:dirt":149,"minecraft:anvil":1,"minecraft:carrot":16,"minecraft:honey_bottle":8,"minecraft:iron_hoe":538,"minecraft:iron_axe":143,"minecraft:oak_stairs":15,"minecraft:iron_helmet":3,"minecraft:iron_boots":2,"minecraft:bamboo":3,"minecraft:birch_button":2,"minecraft:bow":54,"minecraft:scaffolding":221,"minecraft:egg":1,"minecraft:cooked_beef":2,"minecraft:potato":57,"minecraft:iron_leggings":1,"minecraft:wheat_seeds":1144,"minecraft:water_bucket":47,"minecraft:stone_pickaxe":4,"minecraft:oak_planks":23,"minecraft:baked_potato":13,"minecraft:wooden_pickaxe":20,"minecraft:waxed_copper_block":1,"minecraft:oak_slab":1,"minecraft:crafting_table":6,"minecraft:blast_furnace":1,"minecraft:white_bed":19,"minecraft:wooden_hoe":205,"minecraft:bread":71,"minecraft:wind_charge":26,"minecraft:iron_pickaxe":96,"minecraft:golden_helmet":1,"minecraft:stone_axe":99,"minecraft:cobblestone":11,"minecraft:potion":2,"minecraft:cooked_porkchop":7,"minecraft:bucket":48,"minecraft:smooth_stone_slab":1},"minecraft:broken":{"minecraft:wooden_hoe":2,"minecraft:iron_hoe":1},"minecraft:crafted":{"minecraft:smooth_stone":3,"minecraft:oak_planks":112,"minecraft:cooked_chicken":4,"minecraft:wind_charge":12,"minecraft:furnace":1,"minecraft:blast_furnace":1,"minecraft:stone":3,"minecraft:scaffolding":108,"minecraft:iron_boots":2,"minecraft:iron_axe":1,"minecraft:iron_hoe":5,"minecraft:stone_pickaxe":1,"minecraft:chest":1,"minecraft:wheat":72,"minecraft:cooked_porkchop":6,"minecraft:crafting_table":6,"minecraft:wooden_pickaxe":2,"minecraft:iron_helmet":1,"minecraft:iron_sword":1,"minecraft:bucket":2,"minecraft:stone_axe":2,"minecraft:bread":169,"minecraft:air":0,"minecraft:iron_chestplate":1,"minecraft:wooden_hoe":4,"minecraft:shield":1,"minecraft:stick":36,"minecraft:iron_pickaxe":1,"minecraft:iron_block":3,"minecraft:iron_shovel":1,"minecraft:iron_leggings":1,"minecraft:anvil":1,"minecraft:white_bed":19,"minecraft:acacia_planks":96,"minecraft:shears":1},"minecraft:dropped":{"minecraft:water_bucket":1,"minecraft:bread":99,"minecraft:iron_ingot":69,"minecraft:iron_sword":3,"minecraft:cooked_beef":7,"minecraft:golden_helmet":2,"minecraft:glass_bottle":2,"minecraft:crafting_table":2,"minecraft:iron_helmet":1,"minecraft:dirt":8,"minecraft:wooden_hoe":2,"minecraft:torch":1,"minecraft:cornflower":1,"minecraft:iron_leggings":1,"minecraft:oak_stairs":14,"minecraft:armadillo_scute":5,"minecraft:iron_axe":1,"minecraft:iron_pickaxe":1,"minecraft:string":6,"minecraft:white_wool":6,"minecraft:gravel":2,"minecraft:stone_axe":2,"minecraft:cobbled_deepslate":12,"minecraft:wheat":1,"minecraft:rotten_flesh":2,"minecraft:oak_planks":2,"minecraft:shears":1,"minecraft:carrot":21,"minecraft:poppy":4,"minecraft:shield":1,"minecraft:iron_chestplate":3,"minecraft:beetroot_seeds":4,"minecraft:spider_eye":6,"minecraft:arrow":10,"minecraft:bow":3,"minecraft:wooden_pickaxe":1,"minecraft:waxed_oxidized_copper_grate":4},"minecraft:killed":{"minecraft:cave_spider":3,"minecraft:bogged":18,"minecraft:witch":4,"minecraft:spider":15,"minecraft:horse":1,"minecraft:chicken":7,"minecraft:pig":3,"minecraft:creeper":1,"minecraft:zombie":2,"minecraft:breeze":4},"minecraft:mined":{"minecraft:farmland":5,"minecraft:waxed_oxidized_chiseled_copper":1,"minecraft:acacia_log":24,"minecraft:grass_block":113,"minecraft:decorated_pot":2,"minecraft:oxeye_daisy":1,"minecraft:tuff_bricks":3,"minecraft:hay_block":8,"minecraft:carrots":25,"minecraft:cobbled_deepslate":2,"minecraft:azure_bluet":1,"minecraft:potatoes":25,"minecraft:dirt_path":41,"minecraft:oak_stairs":13,"minecraft:bamboo_sapling":1,"minecraft:bamboo":90,"minecraft:stone":49,"minecraft:oak_slab":1,"minecraft:acacia_leaves":1,"minecraft:glass_pane":1,"minecraft:dandelion":5,"minecraft:oak_fence":8,"minecraft:crafting_table":1,"minecraft:cornflower":1,"minecraft:short_grass":804,"minecraft:white_stained_glass_pane":1,"minecraft:cobblestone":24,"minecraft:tall_grass":41,"minecraft:oak_planks":21,"minecraft:diorite":15,"minecraft:wall_torch":1,"minecraft:waxed_oxidized_copper_grate":2,"minecraft:wheat":569,"minecraft:waxed_copper_block":1,"minecraft:stripped_oak_wood":1,"minecraft:yellow_stained_glass_pane":1,"minecraft:coal_ore":6,"minecraft:oak_log":26,"minecraft:beetroots":1,"minecraft:gravel":2,"minecraft:birch_button":1,"minecraft:dirt":35,"minecraft:oak_leaves":3,"minecraft:deepslate":11},"minecraft:custom":{"minecraft:mob_kills":61,"minecraft:interact_with_anvil":2,"minecraft:animals_bred":7,"minecraft:interact_with_crafting_table":44,"minecraft:open_barrel":16,"minecraft:leave_game":8,"minecraft:time_since_death":3236,"minecraft:climb_one_cm":35409,"minecraft:sprint_one_cm":1217302,"minecraft:walk_one_cm":782671,"minecraft:drop":166,"minecraft:talked_to_villager":5,"minecraft:play_time":256213,"minecraft:deaths":7,"minecraft:sneak_time":5939,"minecraft:walk_under_water_one_cm":5758,"minecraft:boat_one_cm":656,"minecraft:jump":6500,"minecraft:walk_on_water_one_cm":39814,"minecraft:total_world_time":256213,"minecraft:interact_with_furnace":20,"minecraft:sleep_in_bed":10,"minecraft:time_since_rest":3266,"minecraft:damage_taken":6005,"minecraft:damage_dealt":9476,"minecraft:player_kills":6,"minecraft:swim_one_cm":1901,"minecraft:fly_one_cm":1278644,"minecraft:open_chest":98,"minecraft:crouch_one_cm":22584,"minecraft:fall_one_cm":219966,"minecraft:inspect_dispenser":4},"minecraft:picked_up":{"minecraft:iron_chestplate":6,"minecraft:crafting_table":5,"minecraft:wheat":462,"minecraft:azure_bluet":3,"minecraft:chicken":7,"minecraft:wooden_pickaxe":5,"minecraft:oak_stairs":42,"minecraft:potion":3,"minecraft:birch_button":2,"minecraft:shield":2,"minecraft:brick":10,"minecraft:wind_charge":3,"minecraft:cornflower":1,"minecraft:string":20,"minecraft:iron_axe":4,"minecraft:smooth_stone_slab":1,"minecraft:iron_leggings":4,"minecraft:iron_shovel":3,"minecraft:cobbled_deepslate":12,"minecraft:trial_key":5,"minecraft:poppy":32,"minecraft:iron_pickaxe":2,"minecraft:guster_pottery_sherd":1,"minecraft:iron_boots":4,"minecraft:egg":1,"minecraft:tipped_arrow":17,"minecraft:golden_helmet":2,"minecraft:stick":10,"minecraft:oak_fence":10,"minecraft:torch":8,"minecraft:acacia_log":24,"minecraft:porkchop":6,"minecraft:diorite":15,"minecraft:carrot":37,"minecraft:redstone":32,"minecraft:rotten_flesh":6,"minecraft:arrow":32,"minecraft:honey_bottle":4,"minecraft:beetroot_seeds":14,"minecraft:hay_block":8,"minecraft:armadillo_scute":6,"minecraft:carved_pumpkin":1,"minecraft:tuff_bricks":3,"minecraft:cobblestone":118,"minecraft:white_wool":62,"minecraft:oxeye_daisy":3,"minecraft:feather":10,"minecraft:cooked_beef":9,"minecraft:water_bucket":4,"minecraft:leather":1,"minecraft:potato":57,"minecraft:oak_log":38,"minecraft:waxed_copper_block":1,"minecraft:gunpowder":4,"minecraft:dirt":218,"minecraft:wooden_hoe":1,"minecraft:bone":13,"minecraft:acacia_planks":8,"minecraft:bow":4,"minecraft:wheat_seeds":1410,"minecraft:iron_ingot":99,"minecraft:stone_pickaxe":4,"minecraft:cooked_chicken":1,"minecraft:bolt_armor_trim_smithing_template":1,"minecraft:stripped_oak_wood":2,"minecraft:glass_bottle":6,"minecraft:bamboo":630,"minecraft:oak_planks":84,"minecraft:iron_sword":2,"minecraft:scaffolding":139,"minecraft:oak_slab":1,"minecraft:cooked_porkchop":1,"minecraft:dandelion":26,"minecraft:gravel":2,"minecraft:polished_tuff":1,"minecraft:spider_eye":6,"minecraft:iron_hoe":1,"minecraft:sugar":1,"minecraft:diamond":4,"minecraft:stone_axe":6,"minecraft:waxed_oxidized_copper_grate":4,"minecraft:iron_helmet":4,"minecraft:breeze_rod":8,"minecraft:golden_apple":2,"minecraft:bread":26,"minecraft:emerald":7,"minecraft:baked_potato":13,"minecraft:coal":6}},"DataVersion":3953}