{"stats":{"minecraft:picked_up":{"minecraft:crafting_table":3,"minecraft:shield":1,"minecraft:amethyst_block":4,"minecraft:music_disc_cat":3,"minecraft:string":3,"minecraft:dark_oak_trapdoor":1,"minecraft:gold_nugget":38,"minecraft:cobbled_deepslate":67,"minecraft:spruce_planks":2,"minecraft:beef":17,"minecraft:calcite":2,"minecraft:spruce_slab":1,"minecraft:chest":2,"minecraft:sugar_cane":9,"minecraft:diamond_hoe":1,"minecraft:furnace":3,"minecraft:raw_iron":75,"minecraft:stick":5,"minecraft:sandstone":13,"minecraft:torch":1,"minecraft:spruce_fence":1,"minecraft:porkchop":3,"minecraft:diorite":10,"minecraft:arrow":8,"minecraft:rotten_flesh":19,"minecraft:obsidian":12,"minecraft:white_wool":9,"minecraft:cobblestone":57,"minecraft:cooked_beef":27,"minecraft:glow_ink_sac":3,"minecraft:andesite":3,"minecraft:leather":4,"minecraft:flint":1,"minecraft:oak_log":34,"minecraft:tuff":35,"minecraft:gunpowder":3,"minecraft:dirt":4,"minecraft:bone":9,"minecraft:raw_gold":5,"minecraft:iron_ingot":1,"minecraft:oak_planks":12,"minecraft:soul_sand":30,"minecraft:oak_slab":4,"minecraft:smooth_basalt":2,"minecraft:cooked_porkchop":17,"minecraft:raw_iron_block":1,"minecraft:gravel":5,"minecraft:sand":79,"minecraft:amethyst_shard":4,"minecraft:blast_furnace":1,"minecraft:spider_eye":2,"minecraft:diamond":15,"minecraft:oak_sapling":4,"minecraft:coal":85,"minecraft:netherrack":33,"minecraft:ender_pearl":1},"minecraft:used":{"minecraft:iron_shovel":46,"minecraft:flint_and_steel":6,"minecraft:diamond_hoe":30,"minecraft:chest":4,"minecraft:shield":52,"minecraft:rotten_flesh":5,"minecraft:netherrack":33,"minecraft:torch":50,"minecraft:dirt":4,"minecraft:obsidian":12,"minecraft:iron_axe":12,"minecraft:furnace":4,"minecraft:cooked_beef":19,"minecraft:cobbled_deepslate":3,"minecraft:water_bucket":2,"minecraft:diorite":10,"minecraft:stone_pickaxe":150,"minecraft:oak_planks":84,"minecraft:wooden_pickaxe":15,"minecraft:sandstone":12,"minecraft:sugar_cane":9,"minecraft:sand":39,"minecraft:oak_slab":2,"minecraft:crafting_table":6,"minecraft:blast_furnace":2,"minecraft:diamond_pickaxe":95,"minecraft:iron_pickaxe":169,"minecraft:gravel":5,"minecraft:stone_axe":112,"minecraft:diamond_sword":75,"minecraft:cobblestone":3,"minecraft:cooked_porkchop":15,"minecraft:bucket":3},"minecraft:custom":{"minecraft:mob_kills":49,"minecraft:interact_with_crafting_table":25,"minecraft:leave_game":10,"minecraft:time_since_death":122195,"minecraft:climb_one_cm":972,"minecraft:sprint_one_cm":444001,"minecraft:walk_one_cm":205716,"minecraft:damage_blocked_by_shield":1092,"minecraft:drop":11,"minecraft:play_time":131796,"minecraft:deaths":3,"minecraft:sneak_time":12004,"minecraft:walk_under_water_one_cm":8123,"minecraft:jump":2739,"minecraft:interact_with_blast_furnace":9,"minecraft:walk_on_water_one_cm":31292,"minecraft:total_world_time":131796,"minecraft:interact_with_furnace":29,"minecraft:play_record":2,"minecraft:sleep_in_bed":2,"minecraft:time_since_rest":11298,"minecraft:damage_taken":3447,"minecraft:damage_dealt":9551,"minecraft:fly_one_cm":571347,"minecraft:swim_one_cm":16602,"minecraft:open_chest":12,"minecraft:crouch_one_cm":36391,"minecraft:fall_one_cm":81793},"minecraft:crafted":{"minecraft:smooth_stone":3,"minecraft:oak_planks":136,"minecraft:raw_iron":9,"minecraft:furnace":2,"minecraft:blast_furnace":1,"minecraft:stone":3,"minecraft:flint_and_steel":1,"minecraft:iron_boots":1,"minecraft:iron_axe":1,"minecraft:stone_pickaxe":2,"minecraft:chest":2,"minecraft:cooked_beef":10,"minecraft:diamond_sword":1,"minecraft:cooked_porkchop":3,"minecraft:crafting_table":3,"minecraft:wooden_pickaxe":1,"minecraft:iron_helmet":1,"minecraft:bucket":1,"minecraft:stone_axe":2,"minecraft:air":0,"minecraft:iron_chestplate":1,"minecraft:diamond_pickaxe":1,"minecraft:stick":32,"minecraft:iron_ingot":81,"minecraft:iron_pickaxe":1,"minecraft:iron_leggings":1,"minecraft:iron_shovel":1,"minecraft:gold_ingot":9,"minecraft:torch":60},"minecraft:mined":{"minecraft:nether_gold_ore":9,"minecraft:tuff":37,"minecraft:spruce_planks":2,"minecraft:deepslate_diamond_ore":15,"minecraft:obsidian":12,"minecraft:spruce_fence":1,"minecraft:grass_block":5,"minecraft:sandstone":13,"minecraft:raw_iron_block":1,"minecraft:furnace":3,"minecraft:dark_oak_trapdoor":1,"minecraft:iron_ore":40,"minecraft:fire":4,"minecraft:andesite":3,"minecraft:deepslate_iron_ore":37,"minecraft:stone":50,"minecraft:spruce_slab":1,"minecraft:oak_slab":4,"minecraft:soul_sand":32,"minecraft:amethyst_cluster":1,"minecraft:crafting_table":3,"minecraft:short_grass":4,"minecraft:blast_furnace":1,"minecraft:calcite":2,"minecraft:chest":2,"minecraft:cobblestone":2,"minecraft:deepslate_gold_ore":5,"minecraft:sugar_cane":5,"minecraft:oak_planks":8,"minecraft:diorite":9,"minecraft:amethyst_block":4,"minecraft:oak_log":34,"minecraft:coal_ore":71,"minecraft:gravel":6,"minecraft:sand":64,"minecraft:smooth_basalt":2,"minecraft:netherrack":35,"minecraft:oak_leaves":10,"minecraft:deepslate":68},"minecraft:dropped":{"minecraft:iron_ingot":1,"minecraft:cooked_beef":18,"minecraft:cooked_porkchop":4,"minecraft:oak_planks":4,"minecraft:oak_sapling":4},"minecraft:broken":{"minecraft:stone_pickaxe":1},"minecraft:killed":{"minecraft:spider":4,"minecraft:skeleton":8,"minecraft:pig":2,"minecraft:creeper":4,"minecraft:zombie":23,"minecraft:cow":7,"minecraft:enderman":1}},"DataVersion":3953}