{"stats":{"minecraft:killed_by":{"minecraft:player":4,"minecraft:zombie":1},"minecraft:used":{"minecraft:wheat_seeds":169,"minecraft:water_bucket":31,"minecraft:iron_shovel":180,"minecraft:oak_planks":21,"minecraft:stone_pickaxe":4,"minecraft:poppy":8,"minecraft:wooden_pickaxe":20,"minecraft:cooked_chicken":4,"minecraft:iron_chestplate":1,"minecraft:torch":6,"minecraft:dirt":148,"minecraft:anvil":1,"minecraft:oak_slab":1,"minecraft:crafting_table":4,"minecraft:white_bed":4,"minecraft:iron_hoe":308,"minecraft:wooden_hoe":201,"minecraft:bread":27,"minecraft:oak_stairs":15,"minecraft:iron_pickaxe":9,"minecraft:iron_helmet":1,"minecraft:iron_boots":2,"minecraft:stone_axe":88,"minecraft:birch_button":2,"minecraft:cobblestone":11,"minecraft:cooked_porkchop":2,"minecraft:bucket":32,"minecraft:smooth_stone_slab":1,"minecraft:egg":1,"minecraft:potato":3},"minecraft:broken":{"minecraft:wooden_hoe":2,"minecraft:iron_hoe":1},"minecraft:crafted":{"minecraft:oak_planks":68,"minecraft:cooked_porkchop":6,"minecraft:crafting_table":3,"minecraft:cooked_chicken":4,"minecraft:iron_helmet":1,"minecraft:wooden_pickaxe":2,"minecraft:bucket":2,"minecraft:stone_axe":2,"minecraft:bread":27,"minecraft:air":0,"minecraft:iron_boots":2,"minecraft:iron_chestplate":1,"minecraft:wooden_hoe":4,"minecraft:shield":1,"minecraft:iron_hoe":1,"minecraft:stick":24,"minecraft:iron_pickaxe":1,"minecraft:stone_pickaxe":1,"minecraft:iron_block":3,"minecraft:iron_shovel":1,"minecraft:iron_leggings":1,"minecraft:anvil":1,"minecraft:white_bed":4,"minecraft:acacia_planks":28,"minecraft:shears":1,"minecraft:wheat":72},"minecraft:dropped":{"minecraft:iron_ingot":5,"minecraft:stone_axe":1,"minecraft:wheat":1,"minecraft:rotten_flesh":2,"minecraft:oak_planks":2,"minecraft:poppy":4,"minecraft:wooden_hoe":1,"minecraft:torch":1,"minecraft:cornflower":1,"minecraft:beetroot_seeds":3,"minecraft:armadillo_scute":1,"minecraft:wooden_pickaxe":1},"minecraft:killed":{"minecraft:pig":3,"minecraft:horse":1,"minecraft:zombie":1,"minecraft:chicken":7},"minecraft:mined":{"minecraft:oak_slab":1,"minecraft:farmland":3,"minecraft:glass_pane":1,"minecraft:dandelion":5,"minecraft:oak_fence":8,"minecraft:crafting_table":1,"minecraft:cornflower":1,"minecraft:short_grass":766,"minecraft:acacia_log":7,"minecraft:grass_block":107,"minecraft:white_stained_glass_pane":1,"minecraft:tall_grass":38,"minecraft:cobblestone":23,"minecraft:oak_planks":21,"minecraft:oxeye_daisy":1,"minecraft:wall_torch":1,"minecraft:hay_block":8,"minecraft:wheat":31,"minecraft:stripped_oak_wood":1,"minecraft:azure_bluet":1,"minecraft:yellow_stained_glass_pane":1,"minecraft:coal_ore":6,"minecraft:potatoes":3,"minecraft:oak_log":15,"minecraft:dirt_path":39,"minecraft:oak_stairs":13,"minecraft:birch_button":1,"minecraft:dirt":32,"minecraft:stone":1,"minecraft:oak_leaves":2},"minecraft:custom":{"minecraft:interact_with_furnace":13,"minecraft:mob_kills":12,"minecraft:interact_with_anvil":2,"minecraft:animals_bred":5,"minecraft:interact_with_crafting_table":26,"minecraft:open_barrel":5,"minecraft:leave_game":5,"minecraft:time_since_death":33289,"minecraft:sleep_in_bed":6,"minecraft:time_since_rest":7802,"minecraft:sprint_one_cm":524155,"minecraft:damage_taken":2841,"minecraft:walk_one_cm":341194,"minecraft:drop":23,"minecraft:damage_dealt":1523,"minecraft:swim_one_cm":1845,"minecraft:fly_one_cm":543064,"minecraft:player_kills":1,"minecraft:open_chest":25,"minecraft:crouch_one_cm":9743,"minecraft:play_time":104073,"minecraft:deaths":6,"minecraft:sneak_time":3166,"minecraft:walk_under_water_one_cm":1718,"minecraft:boat_one_cm":656,"minecraft:jump":2684,"minecraft:walk_on_water_one_cm":15544,"minecraft:total_world_time":104073,"minecraft:fall_one_cm":83444},"minecraft:picked_up":{"minecraft:iron_chestplate":2,"minecraft:crafting_table":2,"minecraft:wheat":26,"minecraft:feather":10,"minecraft:azure_bluet":3,"minecraft:chicken":7,"minecraft:water_bucket":2,"minecraft:leather":1,"minecraft:wooden_pickaxe":5,"minecraft:potato":3,"minecraft:oak_stairs":42,"minecraft:birch_button":2,"minecraft:oak_log":27,"minecraft:cornflower":1,"minecraft:wooden_hoe":1,"minecraft:dirt":202,"minecraft:smooth_stone_slab":1,"minecraft:iron_leggings":2,"minecraft:iron_shovel":2,"minecraft:acacia_planks":8,"minecraft:wheat_seeds":174,"minecraft:stone_pickaxe":4,"minecraft:iron_ingot":41,"minecraft:stripped_oak_wood":2,"minecraft:poppy":32,"minecraft:oak_planks":27,"minecraft:iron_boots":3,"minecraft:egg":1,"minecraft:oak_slab":1,"minecraft:stick":4,"minecraft:oak_fence":10,"minecraft:torch":8,"minecraft:acacia_log":7,"minecraft:dandelion":26,"minecraft:porkchop":6,"minecraft:rotten_flesh":4,"minecraft:stone_axe":6,"minecraft:beetroot_seeds":12,"minecraft:iron_helmet":2,"minecraft:hay_block":8,"minecraft:armadillo_scute":4,"minecraft:bread":20,"minecraft:coal":6,"minecraft:white_wool":17,"minecraft:cobblestone":69,"minecraft:oxeye_daisy":3}},"DataVersion":3953}