{"stats":{"minecraft:dropped":{"minecraft:black_dye":78,"minecraft:ominous_bottle":1,"minecraft:diamond_shovel":2,"minecraft:dirt":32,"minecraft:oak_button":62,"minecraft:rose_bush":3,"minecraft:snowball":17,"minecraft:wooden_shovel":2,"minecraft:potion":1,"minecraft:oak_stairs":64,"minecraft:sand":2,"minecraft:wooden_pickaxe":3,"minecraft:magma_block":1,"minecraft:bone":64},"minecraft:killed_by":{"minecraft:player":3},"minecraft:killed":{"minecraft:pig":3,"minecraft:frog":1,"minecraft:slime":5,"minecraft:sheep":9},"minecraft:custom":{"minecraft:interact_with_furnace":5,"minecraft:mob_kills":18,"minecraft:interact_with_crafting_table":6,"minecraft:tune_noteblock":5,"minecraft:leave_game":1,"minecraft:time_since_death":37757,"minecraft:sleep_in_bed":3,"minecraft:climb_one_cm":5027,"minecraft:time_since_rest":21973,"minecraft:sprint_one_cm":125740,"minecraft:damage_taken":2771,"minecraft:walk_one_cm":110056,"minecraft:drop":175,"minecraft:damage_dealt":1873,"minecraft:swim_one_cm":11651,"minecraft:fly_one_cm":523753,"minecraft:open_chest":1,"minecraft:crouch_one_cm":13806,"minecraft:play_time":87060,"minecraft:deaths":6,"minecraft:sneak_time":4577,"minecraft:walk_under_water_one_cm":3077,"minecraft:boat_one_cm":254633,"minecraft:jump":1217,"minecraft:walk_on_water_one_cm":18345,"minecraft:total_world_time":87060,"minecraft:fall_one_cm":48267},"minecraft:used":{"minecraft:cooked_mutton":8,"minecraft:zombie_horse_spawn_egg":1,"minecraft:netherite_sword":4,"minecraft:spruce_slab":1,"minecraft:stone_pickaxe":20,"minecraft:wooden_pickaxe":17,"minecraft:white_terracotta":120,"minecraft:creeper_head":3,"minecraft:sniffer_egg":1,"minecraft:dirt":729,"minecraft:rail":1,"minecraft:tnt":1,"minecraft:crafting_table":4,"minecraft:sculk_shrieker":6,"minecraft:white_bed":6,"minecraft:note_block":3,"minecraft:skeleton_horse_spawn_egg":2,"minecraft:spruce_log":1,"minecraft:big_dripleaf":8,"minecraft:honey_block":5,"minecraft:grass_block":133,"minecraft:tnt_minecart":4,"minecraft:diamond_ore":3,"minecraft:gravel":2,"minecraft:slime_spawn_egg":3,"minecraft:stone_axe":79,"minecraft:tadpole_bucket":35,"minecraft:potion":2,"minecraft:snow":1,"minecraft:magenta_terracotta":16,"minecraft:goat_horn":3,"minecraft:furnace":1,"minecraft:oak_boat":4,"minecraft:splash_potion":5,"minecraft:tropical_fish_bucket":26,"minecraft:bone_meal":23,"minecraft:dragon_head":1,"minecraft:pointed_dripstone":30,"minecraft:powder_snow_bucket":23,"minecraft:cobweb":17},"minecraft:mined":{"minecraft:white_bed":2,"minecraft:crafting_table":3,"minecraft:short_grass":2,"minecraft:grass_block":4,"minecraft:spruce_leaves":14,"minecraft:lily_pad":12,"minecraft:sugar_cane":3,"minecraft:furnace":1,"minecraft:spruce_log":9,"minecraft:coal_ore":12,"minecraft:oak_log":57,"minecraft:vine":1,"minecraft:stone":19,"minecraft:oak_leaves":12},"minecraft:crafted":{"minecraft:oak_planks":104,"minecraft:crafting_table":2,"minecraft:wooden_pickaxe":1,"minecraft:furnace":1,"minecraft:cooked_mutton":13,"minecraft:air":0,"minecraft:oak_boat":2,"minecraft:stick":8,"minecraft:white_bed":1},"minecraft:picked_up":{"minecraft:magma_block":1,"minecraft:crafting_table":3,"minecraft:feather":6,"minecraft:wooden_pickaxe":4,"minecraft:oak_log":57,"minecraft:lily_pad":13,"minecraft:dirt":215,"minecraft:stone_pickaxe":1,"minecraft:oak_boat":2,"minecraft:rose_bush":3,"minecraft:sugar_cane":4,"minecraft:furnace":1,"minecraft:stick":10,"minecraft:big_dripleaf":5,"minecraft:spruce_stairs":3,"minecraft:porkchop":6,"minecraft:spruce_sapling":5,"minecraft:pointed_dripstone":20,"minecraft:spruce_log":8,"minecraft:white_bed":3,"minecraft:black_dye":78,"minecraft:diamond_shovel":1,"minecraft:stone_axe":1,"minecraft:honey_block":2,"minecraft:oak_button":74,"minecraft:white_terracotta":1,"minecraft:mutton":14,"minecraft:coal":12,"minecraft:snowball":38,"minecraft:white_wool":9,"minecraft:cobblestone":32}},"DataVersion":3953}