{"stats":{"minecraft:picked_up":{"minecraft:stick":7,"minecraft:salmon":1,"minecraft:brown_wool":1,"minecraft:wooden_pickaxe":1,"minecraft:dandelion":4,"minecraft:oak_log":19,"minecraft:white_bed":2,"minecraft:dirt":73,"minecraft:apple":1,"minecraft:wheat_seeds":6,"minecraft:iron_ingot":3,"minecraft:gray_wool":1,"minecraft:poppy":2,"minecraft:light_gray_wool":1,"minecraft:oak_planks":1,"minecraft:oak_sapling":4,"minecraft:sugar_cane":7,"minecraft:black_wool":1,"minecraft:mutton":12,"minecraft:white_wool":6,"minecraft:cobblestone":35},"minecraft:used":{"minecraft:cooked_mutton":10,"minecraft:apple":1,"minecraft:stone_pickaxe":30,"minecraft:oak_planks":7,"minecraft:wooden_pickaxe":28,"minecraft:cobblestone_slab":2,"minecraft:sugar_cane":7,"minecraft:stone_axe":52,"minecraft:dirt":50,"minecraft:cobblestone":2,"minecraft:crafting_table":4,"minecraft:furnace":1,"minecraft:oak_sapling":1,"minecraft:bucket":1,"minecraft:white_bed":2},"minecraft:custom":{"minecraft:time_since_rest":31755,"minecraft:interact_with_furnace":6,"minecraft:sprint_one_cm":147632,"minecraft:damage_taken":2180,"minecraft:walk_one_cm":97905,"minecraft:mob_kills":12,"minecraft:drop":2,"minecraft:damage_dealt":2938,"minecraft:talked_to_villager":1,"minecraft:swim_one_cm":8801,"minecraft:interact_with_crafting_table":7,"minecraft:fly_one_cm":283947,"minecraft:open_chest":1,"minecraft:crouch_one_cm":7123,"minecraft:play_time":75623,"minecraft:deaths":6,"minecraft:sneak_time":3751,"minecraft:walk_under_water_one_cm":9830,"minecraft:jump":1125,"minecraft:leave_game":3,"minecraft:walk_on_water_one_cm":5215,"minecraft:time_since_death":31727,"minecraft:sleep_in_bed":2,"minecraft:total_world_time":75623,"minecraft:fall_one_cm":33826},"minecraft:crafted":{"minecraft:oak_planks":56,"minecraft:cobblestone_slab":6,"minecraft:crafting_table":4,"minecraft:stick":8,"minecraft:wooden_pickaxe":1,"minecraft:stone_pickaxe":1,"minecraft:furnace":1,"minecraft:white_bed":1,"minecraft:bucket":1,"minecraft:stone_axe":1,"minecraft:air":0,"minecraft:cooked_mutton":12},"minecraft:mined":{"minecraft:tall_seagrass":1,"minecraft:white_bed":1,"minecraft:short_grass":25,"minecraft:grass_block":52,"minecraft:oak_log":19,"minecraft:dirt_path":4,"minecraft:dead_bush":1,"minecraft:dirt":22,"minecraft:tall_grass":4,"minecraft:cobblestone":22,"minecraft:stone":13,"minecraft:sugar_cane":5,"minecraft:oak_leaves":3},"minecraft:dropped":{"minecraft:water_bucket":1,"minecraft:salmon":1},"minecraft:killed":{"minecraft:sheep":10,"minecraft:salmon":1,"minecraft:iron_golem":1},"minecraft:killed_by":{"minecraft:iron_golem":2,"minecraft:player":4}},"DataVersion":3953}