{"stats":{"minecraft:killed":{"minecraft:iron_golem":2,"minecraft:sheep":4,"minecraft:zombie":4,"minecraft:villager":11},"minecraft:custom":{"minecraft:mob_kills":21,"minecraft:interact_with_crafting_table":12,"minecraft:leave_game":4,"minecraft:time_since_death":18629,"minecraft:climb_one_cm":1324,"minecraft:sprint_one_cm":423822,"minecraft:walk_one_cm":168315,"minecraft:damage_blocked_by_shield":195,"minecraft:drop":56,"minecraft:talked_to_villager":61,"minecraft:play_time":130925,"minecraft:deaths":6,"minecraft:sneak_time":25788,"minecraft:walk_under_water_one_cm":14627,"minecraft:jump":3662,"minecraft:walk_on_water_one_cm":10074,"minecraft:total_world_time":130925,"minecraft:interact_with_furnace":12,"minecraft:traded_with_villager":222,"minecraft:sleep_in_bed":5,"minecraft:time_since_rest":2585,"minecraft:damage_taken":3992,"minecraft:damage_dealt":5344,"minecraft:player_kills":1,"minecraft:swim_one_cm":4810,"minecraft:fly_one_cm":1000144,"minecraft:open_chest":21,"minecraft:crouch_one_cm":65714,"minecraft:fall_one_cm":135326},"minecraft:killed_by":{"minecraft:player":3,"minecraft:iron_golem":1,"minecraft:warden":1},"minecraft:broken":{"minecraft:iron_axe":1},"minecraft:crafted":{"minecraft:oak_planks":92,"minecraft:cooked_mutton":13,"minecraft:iron_boots":11,"minecraft:diamond_leggings":1,"minecraft:iron_axe":4,"minecraft:iron_hoe":1,"minecraft:stone_pickaxe":1,"minecraft:diamond_boots":2,"minecraft:arrow":16,"minecraft:emerald":176,"minecraft:diamond_axe":1,"minecraft:crafting_table":3,"minecraft:spruce_planks":2460,"minecraft:wooden_pickaxe":1,"minecraft:iron_helmet":1,"minecraft:bucket":1,"minecraft:stone_axe":1,"minecraft:bread":60,"minecraft:air":0,"minecraft:iron_chestplate":1,"minecraft:diamond_pickaxe":1,"minecraft:shield":9,"minecraft:stick":5008,"minecraft:chainmail_boots":12,"minecraft:iron_pickaxe":1,"minecraft:iron_shovel":1,"minecraft:iron_leggings":1},"minecraft:used":{"minecraft:iron_shovel":25,"minecraft:spruce_planks":12,"minecraft:shield":2,"minecraft:iron_sword":58,"minecraft:dirt":11,"minecraft:milk_bucket":1,"minecraft:warden_spawn_egg":1,"minecraft:iron_hoe":58,"minecraft:iron_axe":659,"minecraft:cherry_leaves":294,"minecraft:iron_leggings":1,"minecraft:cooked_mutton":14,"minecraft:water_bucket":21,"minecraft:diamond_boots":1,"minecraft:oak_planks":2,"minecraft:wooden_pickaxe":18,"minecraft:diamond_axe":99,"minecraft:crafting_table":6,"minecraft:blast_furnace":2,"minecraft:white_bed":3,"minecraft:creeper_spawn_egg":8,"minecraft:diamond_pickaxe":69,"minecraft:bread":41,"minecraft:oak_button":4,"minecraft:iron_pickaxe":1,"minecraft:spruce_sapling":63,"minecraft:gravel":15,"minecraft:stone_axe":12,"minecraft:fire_charge":2,"minecraft:cobblestone":3,"minecraft:potion":2,"minecraft:bucket":22},"minecraft:mined":{"minecraft:white_bed":9,"minecraft:deepslate_diamond_ore":1,"minecraft:cherry_log":14,"minecraft:grass_block":25,"minecraft:birch_slab":1,"minecraft:spruce_leaves":3,"minecraft:oak_wall_sign":6,"minecraft:hay_block":51,"minecraft:spruce_sapling":7,"minecraft:barrel":3,"minecraft:stripped_spruce_log":1,"minecraft:azure_bluet":2,"minecraft:potatoes":30,"minecraft:stone":30,"minecraft:deepslate_redstone_ore":13,"minecraft:oak_slab":1,"minecraft:dandelion":4,"minecraft:oak_fence":1,"minecraft:crafting_table":3,"minecraft:cornflower":1,"minecraft:short_grass":55,"minecraft:blast_furnace":2,"minecraft:tall_grass":8,"minecraft:stone_slab":4,"minecraft:cobblestone":1,"minecraft:grindstone":1,"minecraft:oak_planks":1,"minecraft:sugar_cane":6,"minecraft:wall_torch":4,"minecraft:wheat":17,"minecraft:spruce_log":668,"minecraft:oak_log":35,"minecraft:beetroots":4,"minecraft:dirt":6,"minecraft:oak_button":1,"minecraft:deepslate":6},"minecraft:dropped":{"minecraft:iron_ingot":34,"minecraft:iron_sword":1,"minecraft:oak_slab":1,"minecraft:wheat_seeds":37,"minecraft:stick":67,"minecraft:iron_leggings":1,"minecraft:iron_axe":1,"minecraft:iron_pickaxe":1,"minecraft:iron_shovel":1,"minecraft:bucket":1,"minecraft:dandelion":4,"minecraft:wheat":6,"minecraft:grindstone":1,"minecraft:iron_boots":16,"minecraft:azure_bluet":2,"minecraft:potato":48,"minecraft:shield":8,"minecraft:oak_button":5,"minecraft:diamond_pickaxe":1,"minecraft:beetroot_seeds":8,"minecraft:chainmail_boots":12},"minecraft:picked_up":{"minecraft:iron_chestplate":2,"minecraft:crafting_table":5,"minecraft:wheat":6,"minecraft:azure_bluet":4,"minecraft:stone_slab":4,"minecraft:potion":1,"minecraft:shield":1,"minecraft:cornflower":2,"minecraft:iron_axe":1,"minecraft:iron_leggings":1,"minecraft:iron_shovel":1,"minecraft:beetroot":3,"minecraft:diamond_leggings":1,"minecraft:cobbled_deepslate":27,"minecraft:spruce_planks":12,"minecraft:iron_pickaxe":1,"minecraft:sugar_cane":7,"minecraft:iron_boots":6,"minecraft:stick":255,"minecraft:oak_fence":1,"minecraft:torch":3,"minecraft:cherry_log":28,"minecraft:redstone":57,"minecraft:arrow":16,"minecraft:rotten_flesh":2,"minecraft:beetroot_seeds":8,"minecraft:diamond_boots":1,"minecraft:hay_block":51,"minecraft:mutton":8,"minecraft:rail":14,"minecraft:white_wool":12,"minecraft:cobblestone":71,"minecraft:water_bucket":1,"minecraft:birch_slab":1,"minecraft:potato":48,"minecraft:oak_log":34,"minecraft:dirt":33,"minecraft:cooked_mutton":5,"minecraft:wheat_seeds":41,"minecraft:bell":1,"minecraft:grindstone":1,"minecraft:iron_ingot":49,"minecraft:oak_planks":23,"minecraft:iron_sword":3,"minecraft:oak_slab":1,"minecraft:milk_bucket":1,"minecraft:dandelion":4,"minecraft:gravel":1,"minecraft:stripped_spruce_log":1,"minecraft:spruce_sapling":80,"minecraft:blast_furnace":2,"minecraft:white_bed":9,"minecraft:spruce_log":723,"minecraft:diamond":1,"minecraft:iron_helmet":2,"minecraft:diamond_axe":1,"minecraft:bread":27,"minecraft:emerald":22,"minecraft:oak_button":15,"minecraft:diamond_pickaxe":2}},"DataVersion":3953}