{"stats":{"minecraft:killed_by":{"minecraft:player":2,"minecraft:zombie":1},"minecraft:used":{"minecraft:bread":12,"minecraft:stone_pickaxe":4,"minecraft:oak_planks":21,"minecraft:wooden_pickaxe":20,"minecraft:iron_boots":1,"minecraft:stone_axe":35,"minecraft:torch":1,"minecraft:dirt":2,"minecraft:cobblestone":11,"minecraft:oak_slab":1,"minecraft:crafting_table":2},"minecraft:crafted":{"minecraft:oak_planks":60,"minecraft:iron_boots":1,"minecraft:crafting_table":1,"minecraft:stick":12,"minecraft:iron_helmet":1,"minecraft:wooden_pickaxe":1,"minecraft:stone_pickaxe":1,"minecraft:iron_leggings":1,"minecraft:bucket":2,"minecraft:stone_axe":2,"minecraft:bread":24,"minecraft:wheat":72},"minecraft:dropped":{"minecraft:iron_ingot":5,"minecraft:poppy":4,"minecraft:stone_axe":1,"minecraft:rotten_flesh":2},"minecraft:killed":{"minecraft:zombie":1},"minecraft:mined":{"minecraft:hay_block":8,"minecraft:oak_slab":1,"minecraft:glass_pane":1,"minecraft:wheat":12,"minecraft:crafting_table":1,"minecraft:short_grass":14,"minecraft:oak_log":15,"minecraft:cobblestone":23,"minecraft:tall_grass":1,"minecraft:oak_planks":21,"minecraft:oak_leaves":2},"minecraft:custom":{"minecraft:time_since_rest":6651,"minecraft:interact_with_furnace":2,"minecraft:sprint_one_cm":136040,"minecraft:damage_taken":1972,"minecraft:walk_one_cm":70663,"minecraft:mob_kills":1,"minecraft:drop":12,"minecraft:damage_dealt":540,"minecraft:player_kills":1,"minecraft:interact_with_crafting_table":10,"minecraft:swim_one_cm":1845,"minecraft:fly_one_cm":165672,"minecraft:open_chest":8,"minecraft:crouch_one_cm":4541,"minecraft:play_time":33723,"minecraft:deaths":4,"minecraft:sneak_time":1628,"minecraft:walk_under_water_one_cm":414,"minecraft:boat_one_cm":656,"minecraft:jump":850,"minecraft:walk_on_water_one_cm":7045,"minecraft:time_since_death":6623,"minecraft:sleep_in_bed":3,"minecraft:total_world_time":33723,"minecraft:fall_one_cm":29455},"minecraft:picked_up":{"minecraft:wheat":4,"minecraft:oak_slab":1,"minecraft:stick":2,"minecraft:crafting_table":2,"minecraft:torch":2,"minecraft:wooden_pickaxe":3,"minecraft:oak_log":25,"minecraft:dirt":4,"minecraft:rotten_flesh":2,"minecraft:stone_axe":4,"minecraft:wheat_seeds":20,"minecraft:hay_block":8,"minecraft:iron_ingot":5,"minecraft:stone_pickaxe":3,"minecraft:bread":3,"minecraft:poppy":16,"minecraft:oak_planks":22,"minecraft:iron_boots":2,"minecraft:cobblestone":56}},"DataVersion":3953}