{"stats":{"minecraft:picked_up":{"minecraft:crafting_table":3,"minecraft:shield":2,"minecraft:amethyst_block":4,"minecraft:music_disc_cat":6,"minecraft:string":3,"minecraft:dark_oak_trapdoor":1,"minecraft:iron_axe":1,"minecraft:iron_shovel":2,"minecraft:pufferfish":1,"minecraft:gold_nugget":38,"minecraft:cobbled_deepslate":75,"minecraft:spruce_planks":2,"minecraft:beef":17,"minecraft:calcite":2,"minecraft:spruce_slab":1,"minecraft:melon_slice":11,"minecraft:chest":2,"minecraft:sugar_cane":9,"minecraft:egg":1,"minecraft:diamond_hoe":1,"minecraft:furnace":3,"minecraft:raw_iron":104,"minecraft:stick":6,"minecraft:sandstone":18,"minecraft:torch":3,"minecraft:spruce_fence":1,"minecraft:porkchop":14,"minecraft:diorite":11,"minecraft:arrow":8,"minecraft:rotten_flesh":36,"minecraft:obsidian":12,"minecraft:white_wool":11,"minecraft:cobblestone":66,"minecraft:cooked_beef":27,"minecraft:glow_ink_sac":3,"minecraft:andesite":3,"minecraft:leather":4,"minecraft:flint":1,"minecraft:oak_log":39,"minecraft:tuff":38,"minecraft:gunpowder":10,"minecraft:dirt":6,"minecraft:bone":11,"minecraft:raw_gold":5,"minecraft:iron_ingot":1,"minecraft:oak_planks":19,"minecraft:soul_sand":30,"minecraft:oak_slab":4,"minecraft:smooth_basalt":2,"minecraft:cooked_porkchop":17,"minecraft:raw_iron_block":1,"minecraft:gravel":5,"minecraft:sand":147,"minecraft:amethyst_shard":4,"minecraft:blast_furnace":1,"minecraft:spider_eye":2,"minecraft:diamond_shovel":1,"minecraft:diamond":20,"minecraft:black_wool":2,"minecraft:oak_sapling":5,"minecraft:coal":113,"minecraft:netherrack":33,"minecraft:diamond_pickaxe":1,"minecraft:ender_pearl":1},"minecraft:used":{"minecraft:iron_shovel":46,"minecraft:flint_and_steel":28,"minecraft:diamond_hoe":31,"minecraft:chest":4,"minecraft:shield":52,"minecraft:rotten_flesh":12,"minecraft:netherrack":33,"minecraft:torch":61,"minecraft:dirt":4,"minecraft:obsidian":13,"minecraft:iron_axe":31,"minecraft:furnace":4,"minecraft:egg":1,"minecraft:cooked_beef":30,"minecraft:cobbled_deepslate":11,"minecraft:water_bucket":13,"minecraft:diorite":10,"minecraft:stone_pickaxe":150,"minecraft:oak_planks":91,"minecraft:wooden_pickaxe":15,"minecraft:sandstone":12,"minecraft:sugar_cane":9,"minecraft:sand":55,"minecraft:oak_slab":2,"minecraft:crafting_table":6,"minecraft:blast_furnace":2,"minecraft:diamond_pickaxe":108,"minecraft:diamond_shovel":59,"minecraft:melon_slice":11,"minecraft:iron_pickaxe":249,"minecraft:gravel":5,"minecraft:stone_axe":112,"minecraft:diamond_sword":129,"minecraft:cobblestone":3,"minecraft:grindstone":1,"minecraft:cooked_porkchop":15,"minecraft:bucket":14},"minecraft:custom":{"minecraft:mob_kills":72,"minecraft:interact_with_crafting_table":33,"minecraft:leave_game":10,"minecraft:time_since_death":163346,"minecraft:climb_one_cm":2263,"minecraft:sprint_one_cm":562196,"minecraft:walk_one_cm":301395,"minecraft:damage_blocked_by_shield":1092,"minecraft:drop":30,"minecraft:play_time":172947,"minecraft:deaths":3,"minecraft:sneak_time":16222,"minecraft:walk_under_water_one_cm":9045,"minecraft:jump":3674,"minecraft:interact_with_blast_furnace":16,"minecraft:walk_on_water_one_cm":37943,"minecraft:total_world_time":172947,"minecraft:interact_with_furnace":51,"minecraft:play_record":2,"minecraft:interact_with_grindstone":3,"minecraft:sleep_in_bed":2,"minecraft:time_since_rest":52449,"minecraft:damage_taken":4616,"minecraft:damage_dealt":12968,"minecraft:player_kills":1,"minecraft:fly_one_cm":738274,"minecraft:swim_one_cm":21016,"minecraft:open_chest":18,"minecraft:crouch_one_cm":51102,"minecraft:fall_one_cm":109661},"minecraft:crafted":{"minecraft:grindstone":1,"minecraft:smooth_stone":3,"minecraft:oak_planks":156,"minecraft:raw_iron":9,"minecraft:furnace":2,"minecraft:blast_furnace":1,"minecraft:stone":6,"minecraft:diamond_shovel":1,"minecraft:flint_and_steel":1,"minecraft:iron_boots":2,"minecraft:iron_axe":2,"minecraft:stone_pickaxe":2,"minecraft:chest":2,"minecraft:cooked_beef":21,"minecraft:diamond_sword":1,"minecraft:cooked_porkchop":3,"minecraft:crafting_table":3,"minecraft:wooden_pickaxe":1,"minecraft:iron_helmet":2,"minecraft:bucket":1,"minecraft:stone_axe":2,"minecraft:air":0,"minecraft:iron_chestplate":1,"minecraft:diamond_pickaxe":1,"minecraft:stick":56,"minecraft:stone_slab":6,"minecraft:iron_ingot":81,"minecraft:iron_pickaxe":1,"minecraft:iron_leggings":1,"minecraft:iron_shovel":1,"minecraft:gold_ingot":9,"minecraft:torch":116},"minecraft:mined":{"minecraft:nether_gold_ore":9,"minecraft:tuff":40,"minecraft:spruce_planks":2,"minecraft:deepslate_diamond_ore":20,"minecraft:obsidian":12,"minecraft:grass_block":5,"minecraft:spruce_fence":1,"minecraft:sandstone":20,"minecraft:raw_iron_block":1,"minecraft:furnace":3,"minecraft:dark_oak_trapdoor":1,"minecraft:iron_ore":56,"minecraft:fire":8,"minecraft:andesite":3,"minecraft:deepslate_iron_ore":50,"minecraft:stone":60,"minecraft:spruce_slab":1,"minecraft:oak_slab":4,"minecraft:soul_sand":32,"minecraft:amethyst_cluster":1,"minecraft:crafting_table":3,"minecraft:short_grass":7,"minecraft:blast_furnace":1,"minecraft:calcite":2,"minecraft:chest":2,"minecraft:cobblestone":2,"minecraft:deepslate_gold_ore":5,"minecraft:sugar_cane":5,"minecraft:oak_planks":15,"minecraft:diorite":10,"minecraft:amethyst_block":4,"minecraft:lilac":1,"minecraft:oak_log":39,"minecraft:coal_ore":100,"minecraft:gravel":6,"minecraft:sand":131,"minecraft:dirt":2,"minecraft:smooth_basalt":2,"minecraft:netherrack":35,"minecraft:oak_leaves":10,"minecraft:deepslate":70,"minecraft:fern":2},"minecraft:dropped":{"minecraft:iron_ingot":1,"minecraft:cooked_beef":18,"minecraft:cooked_porkchop":4,"minecraft:iron_axe":1,"minecraft:iron_shovel":3,"minecraft:music_disc_cat":3,"minecraft:oak_planks":4,"minecraft:diamond_shovel":2,"minecraft:flint_and_steel":1,"minecraft:shield":1,"minecraft:gunpowder":7,"minecraft:diamond_pickaxe":1,"minecraft:oak_sapling":4},"minecraft:broken":{"minecraft:stone_pickaxe":1,"minecraft:iron_pickaxe":1},"minecraft:killed":{"minecraft:spider":5,"minecraft:skeleton":9,"minecraft:wolf":2,"minecraft:pig":6,"minecraft:zombie_villager":1,"minecraft:creeper":6,"minecraft:sheep":4,"minecraft:zombie":29,"minecraft:cow":7,"minecraft:enderman":1}},"DataVersion":3953}