{"stats":{"minecraft:killed_by":{"minecraft:player":4,"minecraft:zombie":1},"minecraft:used":{"minecraft:iron_shovel":193,"minecraft:poppy":8,"minecraft:cooked_chicken":5,"minecraft:trial_key":5,"minecraft:iron_chestplate":2,"minecraft:torch":6,"minecraft:dirt":148,"minecraft:anvil":1,"minecraft:carrot":16,"minecraft:honey_bottle":8,"minecraft:iron_hoe":308,"minecraft:iron_axe":94,"minecraft:oak_stairs":15,"minecraft:iron_helmet":2,"minecraft:iron_boots":2,"minecraft:bamboo":3,"minecraft:birch_button":2,"minecraft:bow":34,"minecraft:egg":1,"minecraft:potato":57,"minecraft:wheat_seeds":523,"minecraft:water_bucket":35,"minecraft:baked_potato":5,"minecraft:stone_pickaxe":4,"minecraft:oak_planks":21,"minecraft:wooden_pickaxe":20,"minecraft:waxed_copper_block":1,"minecraft:oak_slab":1,"minecraft:crafting_table":6,"minecraft:blast_furnace":1,"minecraft:white_bed":19,"minecraft:wooden_hoe":205,"minecraft:wind_charge":7,"minecraft:bread":55,"minecraft:iron_pickaxe":86,"minecraft:golden_helmet":1,"minecraft:stone_axe":99,"minecraft:cobblestone":11,"minecraft:potion":2,"minecraft:cooked_porkchop":7,"minecraft:bucket":36,"minecraft:smooth_stone_slab":1},"minecraft:broken":{"minecraft:wooden_hoe":2,"minecraft:iron_hoe":1},"minecraft:crafted":{"minecraft:smooth_stone":3,"minecraft:oak_planks":68,"minecraft:cooked_chicken":4,"minecraft:furnace":1,"minecraft:blast_furnace":1,"minecraft:stone":3,"minecraft:iron_boots":2,"minecraft:iron_axe":1,"minecraft:iron_hoe":1,"minecraft:stone_pickaxe":1,"minecraft:wheat":72,"minecraft:cooked_porkchop":6,"minecraft:crafting_table":6,"minecraft:wooden_pickaxe":2,"minecraft:iron_helmet":1,"minecraft:bucket":2,"minecraft:stone_axe":2,"minecraft:bread":63,"minecraft:air":0,"minecraft:wooden_hoe":4,"minecraft:iron_chestplate":1,"minecraft:shield":1,"minecraft:stick":28,"minecraft:iron_pickaxe":1,"minecraft:iron_block":3,"minecraft:iron_shovel":1,"minecraft:iron_leggings":1,"minecraft:anvil":1,"minecraft:white_bed":19,"minecraft:acacia_planks":96,"minecraft:shears":1},"minecraft:dropped":{"minecraft:water_bucket":1,"minecraft:iron_ingot":69,"minecraft:bread":14,"minecraft:iron_sword":2,"minecraft:cooked_beef":7,"minecraft:glass_bottle":1,"minecraft:crafting_table":1,"minecraft:iron_helmet":1,"minecraft:dirt":8,"minecraft:torch":1,"minecraft:wooden_hoe":2,"minecraft:cornflower":1,"minecraft:iron_leggings":1,"minecraft:oak_stairs":14,"minecraft:armadillo_scute":1,"minecraft:iron_axe":1,"minecraft:iron_pickaxe":1,"minecraft:string":6,"minecraft:gravel":2,"minecraft:stone_axe":2,"minecraft:cobbled_deepslate":6,"minecraft:wheat":1,"minecraft:rotten_flesh":2,"minecraft:oak_planks":2,"minecraft:carrot":21,"minecraft:poppy":4,"minecraft:shield":1,"minecraft:iron_chestplate":3,"minecraft:beetroot_seeds":4,"minecraft:spider_eye":6,"minecraft:bow":3,"minecraft:wooden_pickaxe":1},"minecraft:killed":{"minecraft:cave_spider":3,"minecraft:bogged":18,"minecraft:spider":15,"minecraft:horse":1,"minecraft:chicken":7,"minecraft:pig":3,"minecraft:creeper":1,"minecraft:zombie":1,"minecraft:breeze":4},"minecraft:mined":{"minecraft:farmland":3,"minecraft:acacia_log":24,"minecraft:grass_block":108,"minecraft:decorated_pot":2,"minecraft:oxeye_daisy":1,"minecraft:tuff_bricks":2,"minecraft:hay_block":8,"minecraft:carrots":25,"minecraft:azure_bluet":1,"minecraft:potatoes":25,"minecraft:dirt_path":39,"minecraft:oak_stairs":13,"minecraft:bamboo_sapling":1,"minecraft:stone":49,"minecraft:oak_slab":1,"minecraft:acacia_leaves":1,"minecraft:glass_pane":1,"minecraft:dandelion":5,"minecraft:oak_fence":8,"minecraft:crafting_table":1,"minecraft:cornflower":1,"minecraft:short_grass":772,"minecraft:white_stained_glass_pane":1,"minecraft:cobblestone":24,"minecraft:tall_grass":38,"minecraft:oak_planks":21,"minecraft:diorite":15,"minecraft:wall_torch":1,"minecraft:wheat":178,"minecraft:waxed_copper_block":1,"minecraft:stripped_oak_wood":1,"minecraft:yellow_stained_glass_pane":1,"minecraft:oak_log":15,"minecraft:coal_ore":6,"minecraft:beetroots":1,"minecraft:gravel":2,"minecraft:dirt":35,"minecraft:birch_button":1,"minecraft:oak_leaves":2,"minecraft:deepslate":7},"minecraft:custom":{"minecraft:mob_kills":56,"minecraft:interact_with_anvil":2,"minecraft:animals_bred":7,"minecraft:interact_with_crafting_table":35,"minecraft:open_barrel":9,"minecraft:leave_game":7,"minecraft:time_since_death":124956,"minecraft:climb_one_cm":2404,"minecraft:sprint_one_cm":932111,"minecraft:walk_one_cm":600439,"minecraft:drop":86,"minecraft:talked_to_villager":1,"minecraft:play_time":195740,"minecraft:deaths":6,"minecraft:sneak_time":4385,"minecraft:walk_under_water_one_cm":4183,"minecraft:boat_one_cm":656,"minecraft:jump":4946,"minecraft:walk_on_water_one_cm":36135,"minecraft:total_world_time":195740,"minecraft:interact_with_furnace":20,"minecraft:sleep_in_bed":9,"minecraft:time_since_rest":61287,"minecraft:damage_taken":4835,"minecraft:damage_dealt":7285,"minecraft:swim_one_cm":1901,"minecraft:player_kills":1,"minecraft:fly_one_cm":993813,"minecraft:open_chest":42,"minecraft:crouch_one_cm":13465,"minecraft:fall_one_cm":165413,"minecraft:inspect_dispenser":4},"minecraft:picked_up":{"minecraft:crafting_table":3,"minecraft:iron_chestplate":5,"minecraft:wheat":137,"minecraft:azure_bluet":3,"minecraft:chicken":7,"minecraft:wooden_pickaxe":5,"minecraft:oak_stairs":42,"minecraft:potion":3,"minecraft:birch_button":2,"minecraft:brick":10,"minecraft:shield":1,"minecraft:wind_charge":3,"minecraft:cornflower":1,"minecraft:string":20,"minecraft:iron_axe":2,"minecraft:smooth_stone_slab":1,"minecraft:iron_leggings":3,"minecraft:iron_shovel":2,"minecraft:cobbled_deepslate":6,"minecraft:trial_key":5,"minecraft:poppy":32,"minecraft:iron_pickaxe":1,"minecraft:guster_pottery_sherd":1,"minecraft:iron_boots":3,"minecraft:egg":1,"minecraft:tipped_arrow":16,"minecraft:golden_helmet":1,"minecraft:stick":7,"minecraft:oak_fence":10,"minecraft:torch":8,"minecraft:acacia_log":24,"minecraft:porkchop":6,"minecraft:diorite":15,"minecraft:carrot":37,"minecraft:honey_bottle":4,"minecraft:arrow":32,"minecraft:rotten_flesh":5,"minecraft:beetroot_seeds":14,"minecraft:hay_block":8,"minecraft:armadillo_scute":4,"minecraft:tuff_bricks":2,"minecraft:cobblestone":118,"minecraft:white_wool":58,"minecraft:oxeye_daisy":3,"minecraft:feather":10,"minecraft:cooked_beef":7,"minecraft:water_bucket":3,"minecraft:leather":1,"minecraft:potato":57,"minecraft:oak_log":27,"minecraft:waxed_copper_block":1,"minecraft:dirt":210,"minecraft:wooden_hoe":1,"minecraft:bone":13,"minecraft:acacia_planks":8,"minecraft:bow":3,"minecraft:wheat_seeds":525,"minecraft:cooked_chicken":1,"minecraft:iron_ingot":62,"minecraft:stone_pickaxe":4,"minecraft:bolt_armor_trim_smithing_template":1,"minecraft:stripped_oak_wood":2,"minecraft:glass_bottle":1,"minecraft:bamboo":3,"minecraft:iron_sword":2,"minecraft:oak_planks":40,"minecraft:oak_slab":1,"minecraft:cooked_porkchop":1,"minecraft:dandelion":26,"minecraft:gravel":2,"minecraft:polished_tuff":1,"minecraft:spider_eye":6,"minecraft:stone_axe":6,"minecraft:iron_helmet":3,"minecraft:breeze_rod":6,"minecraft:golden_apple":1,"minecraft:emerald":7,"minecraft:bread":26,"minecraft:baked_potato":5,"minecraft:coal":6}},"DataVersion":3953}