{"stats":{"minecraft:killed":{"minecraft:spider":1,"minecraft:horse":2,"minecraft:sheep":4,"minecraft:skeleton":3,"minecraft:cow":2},"minecraft:custom":{"minecraft:mob_kills":12,"minecraft:traded_with_villager":47,"minecraft:interact_with_crafting_table":23,"minecraft:bell_ring":1,"minecraft:interact_with_stonecutter":1,"minecraft:leave_game":3,"minecraft:time_since_death":80944,"minecraft:climb_one_cm":494,"minecraft:time_since_rest":80973,"minecraft:sprint_one_cm":379167,"minecraft:damage_taken":581,"minecraft:walk_one_cm":183509,"minecraft:damage_blocked_by_shield":80,"minecraft:drop":44,"minecraft:damage_dealt":1741,"minecraft:swim_one_cm":7815,"minecraft:talked_to_villager":50,"minecraft:fly_one_cm":291505,"minecraft:open_chest":55,"minecraft:crouch_one_cm":1582,"minecraft:play_time":82953,"minecraft:deaths":1,"minecraft:sneak_time":605,"minecraft:walk_under_water_one_cm":637,"minecraft:jump":1490,"minecraft:walk_on_water_one_cm":7537,"minecraft:total_world_time":82953,"minecraft:fall_one_cm":32268},"minecraft:killed_by":{"minecraft:player":1},"minecraft:crafted":{"minecraft:oak_planks":1064,"minecraft:emerald":43,"minecraft:iron_helmet":1,"minecraft:iron_sword":1,"minecraft:enchanted_book":4,"minecraft:book":4,"minecraft:iron_boots":1,"minecraft:iron_chestplate":1,"minecraft:paper":12,"minecraft:shield":1,"minecraft:stick":1940,"minecraft:iron_pickaxe":1,"minecraft:iron_shovel":1,"minecraft:iron_leggings":1,"minecraft:wheat":9},"minecraft:used":{"minecraft:oak_fence":1,"minecraft:oak_planks":35,"minecraft:shield":2,"minecraft:iron_sword":38,"minecraft:fletching_table":2,"minecraft:diamond_axe":713,"minecraft:iron_chestplate":1,"minecraft:white_wool":2,"minecraft:torch":6,"minecraft:dirt":10,"minecraft:bread":20,"minecraft:iron_pickaxe":33,"minecraft:lectern":12,"minecraft:iron_helmet":1,"minecraft:iron_boots":1,"minecraft:spruce_sapling":8,"minecraft:cobblestone":6,"minecraft:iron_leggings":1},"minecraft:mined":{"minecraft:glass_pane":3,"minecraft:mossy_cobblestone":1,"minecraft:oak_fence":1,"minecraft:torch":1,"minecraft:ladder":3,"minecraft:short_grass":53,"minecraft:lectern":11,"minecraft:cobblestone":27,"minecraft:tall_grass":13,"minecraft:spruce_leaves":57,"minecraft:oak_planks":96,"minecraft:sugar_cane":3,"minecraft:wall_torch":5,"minecraft:spruce_sapling":1,"minecraft:birch_log":2,"minecraft:spruce_log":102,"minecraft:stripped_oak_wood":4,"minecraft:oak_log":277,"minecraft:dirt_path":2,"minecraft:oak_stairs":16,"minecraft:dirt":7,"minecraft:stripped_oak_log":16,"minecraft:white_wool":2,"minecraft:oak_leaves":80},"minecraft:dropped":{"minecraft:sugar_cane":2,"minecraft:wheat_seeds":26,"minecraft:wheat":9,"minecraft:oak_fence":1,"minecraft:rotten_flesh":8,"minecraft:cobblestone":4,"minecraft:leather":3,"minecraft:coal":46,"minecraft:stick":64,"minecraft:poppy":2,"minecraft:dirt":2,"minecraft:gray_wool":4,"minecraft:torch":37,"minecraft:cornflower":2,"minecraft:oak_sapling":3,"minecraft:arrow":2,"minecraft:bow":1,"minecraft:iron_shovel":1,"minecraft:string":2,"minecraft:birch_log":4,"minecraft:white_wool":2,"minecraft:bone":6,"minecraft:dandelion":1},"minecraft:picked_up":{"minecraft:stripped_oak_log":16,"minecraft:birch_log":4,"minecraft:ladder":3,"minecraft:leather":7,"minecraft:oak_stairs":11,"minecraft:oak_log":271,"minecraft:cornflower":2,"minecraft:string":2,"minecraft:dirt":76,"minecraft:bone":6,"minecraft:bow":1,"minecraft:wheat_seeds":26,"minecraft:iron_ingot":34,"minecraft:stripped_oak_wood":2,"minecraft:poppy":2,"minecraft:fletching_table":1,"minecraft:lectern":12,"minecraft:sugar_cane":7,"minecraft:oak_planks":129,"minecraft:stick":73,"minecraft:oak_door":1,"minecraft:oak_fence":3,"minecraft:torch":43,"minecraft:dandelion":1,"minecraft:spruce_sapling":8,"minecraft:spruce_log":102,"minecraft:mossy_cobblestone":1,"minecraft:arrow":2,"minecraft:rotten_flesh":8,"minecraft:hay_block":1,"minecraft:diamond_axe":1,"minecraft:gray_wool":4,"minecraft:bread":18,"minecraft:oak_sapling":3,"minecraft:mutton":7,"minecraft:coal":46,"minecraft:white_wool":5,"minecraft:cobblestone":30}},"DataVersion":3953}