{"stats":{"minecraft:picked_up":{"minecraft:shulker_shell":14,"minecraft:iron_chestplate":5,"minecraft:flower_pot":5,"minecraft:smithing_table":1,"minecraft:diamond_sword":2,"minecraft:oak_stairs":198,"minecraft:enchanted_book":1,"minecraft:golden_sword":2,"minecraft:lapis_block":2,"minecraft:string":5304,"minecraft:raw_copper":113,"minecraft:iron_leggings":5,"minecraft:diamond_leggings":1,"minecraft:red_sand":11,"minecraft:gold_nugget":6,"minecraft:cobbled_deepslate":205,"minecraft:bucket":3,"minecraft:redstone_torch":2,"minecraft:cobblestone_slab":7,"minecraft:ender_eye":2,"minecraft:iron_pickaxe":3,"minecraft:furnace":3,"minecraft:iron_boots":5,"minecraft:stick":116,"minecraft:composter":1,"minecraft:oak_fence":55,"minecraft:torch":124,"minecraft:purpur_pillar":15,"minecraft:porkchop":3,"minecraft:diorite":159,"minecraft:stone_sword":1,"minecraft:cactus":1,"minecraft:rotten_flesh":34,"minecraft:armadillo_scute":1,"minecraft:glowstone":12,"minecraft:obsidian":104,"minecraft:cod":5,"minecraft:cobblestone":1613,"minecraft:birch_log":319,"minecraft:feather":3,"minecraft:water_bucket":5,"minecraft:andesite":86,"minecraft:potato":9,"minecraft:flint":5,"minecraft:lapis_lazuli":51,"minecraft:dirt":4585,"minecraft:bone":14,"minecraft:acacia_planks":19,"minecraft:bow":74,"minecraft:wheat_seeds":72,"minecraft:raw_gold":5,"minecraft:bell":1,"minecraft:grindstone":2,"minecraft:fletching_table":18,"minecraft:diamond_helmet":1,"minecraft:bamboo":268,"minecraft:oak_planks":700,"minecraft:cooked_porkchop":24,"minecraft:oak_pressure_plate":1,"minecraft:sand":119,"minecraft:ink_sac":5,"minecraft:grass_block":88,"minecraft:red_terracotta":61,"minecraft:barrel":13,"minecraft:mossy_cobblestone":14,"minecraft:yellow_carpet":3,"minecraft:diamond":52,"minecraft:deepslate":5,"minecraft:lever":1,"minecraft:crossbow":21,"minecraft:granite":100,"minecraft:bone_meal":1,"minecraft:emerald":54,"minecraft:bread":76,"minecraft:oak_sapling":47,"minecraft:oak_leaves":6,"minecraft:diamond_pickaxe":10,"minecraft:end_stone_bricks":14,"minecraft:crafting_table":16,"minecraft:azure_bluet":6,"minecraft:ladder":1,"minecraft:clay_ball":20,"minecraft:wooden_pickaxe":2,"minecraft:diorite_slab":4,"minecraft:purpur_block":20,"minecraft:shield":3,"minecraft:cornflower":4,"minecraft:oak_trapdoor":27,"minecraft:iron_axe":1,"minecraft:flint_and_steel":2,"minecraft:beef":15,"minecraft:oak_boat":3,"minecraft:poppy":15,"minecraft:light_gray_wool":1,"minecraft:lectern":2,"minecraft:chest":19,"minecraft:sugar_cane":609,"minecraft:egg":2,"minecraft:raw_iron":20,"minecraft:sandstone":7293,"minecraft:end_stone":329,"minecraft:stone":110,"minecraft:oak_door":5,"minecraft:cookie":356,"minecraft:redstone":104,"minecraft:stone_shovel":1,"minecraft:arrow":13,"minecraft:diamond_chestplate":1,"minecraft:pumpkin_pie":475,"minecraft:purpur_slab":2,"minecraft:diamond_boots":2,"minecraft:hay_block":10,"minecraft:mutton":7,"minecraft:white_wool":15,"minecraft:oxeye_daisy":3,"minecraft:stripped_oak_log":20,"minecraft:golden_carrot":264,"minecraft:salmon":36,"minecraft:leather":8,"minecraft:oak_log":1368,"minecraft:golden_boots":1,"minecraft:yellow_bed":2,"minecraft:gunpowder":1,"minecraft:cobblestone_stairs":1,"minecraft:orange_terracotta":13,"minecraft:cooked_mutton":110,"minecraft:apple":661,"minecraft:stone_bricks":14,"minecraft:iron_ingot":10,"minecraft:stone_pickaxe":3,"minecraft:cooked_chicken":1,"minecraft:stripped_oak_wood":7,"minecraft:iron_sword":1,"minecraft:book":36,"minecraft:scaffolding":4,"minecraft:oak_slab":27,"minecraft:milk_bucket":3,"minecraft:quartz":2,"minecraft:dandelion":41,"minecraft:gravel":40,"minecraft:blast_furnace":1,"minecraft:white_bed":14,"minecraft:spider_eye":2,"minecraft:dragon_egg":1,"minecraft:diamond_shovel":6,"minecraft:stone_axe":2,"minecraft:iron_helmet":6,"minecraft:diamond_axe":7,"minecraft:terracotta":7,"minecraft:coal":426,"minecraft:ender_pearl":28},"minecraft:used":{"minecraft:red_sand":4,"minecraft:iron_shovel":255,"minecraft:chest":26,"minecraft:stone":271,"minecraft:rotten_flesh":3,"minecraft:iron_chestplate":2,"minecraft:obsidian":88,"minecraft:milk_bucket":3,"minecraft:lava_bucket":2,"minecraft:iron_helmet":1,"minecraft:stone_bricks":299,"minecraft:bow":320,"minecraft:furnace":2,"minecraft:diorite":17,"minecraft:end_stone_bricks":14,"minecraft:stone_pickaxe":18,"minecraft:oak_planks":555,"minecraft:ender_pearl":28,"minecraft:wooden_pickaxe":18,"minecraft:sandstone":256,"minecraft:sugar_cane":516,"minecraft:diamond_axe":939,"minecraft:purpur_pillar":15,"minecraft:crossbow":17,"minecraft:end_stone":326,"minecraft:string":8,"minecraft:lectern":2,"minecraft:deepslate":5,"minecraft:diamond_sword":316,"minecraft:grindstone":1,"minecraft:andesite":4,"minecraft:oak_boat":5,"minecraft:diorite_slab":4,"minecraft:purpur_block":20,"minecraft:oak_fence":14,"minecraft:oak_trapdoor":1,"minecraft:flint_and_steel":36,"minecraft:redstone":4,"minecraft:cooked_chicken":1,"minecraft:torch":176,"minecraft:brewing_stand":1,"minecraft:dirt":3174,"minecraft:anvil":1,"minecraft:granite":15,"minecraft:wooden_axe":16,"minecraft:iron_axe":78,"minecraft:oak_stairs":49,"minecraft:iron_boots":2,"minecraft:barrel":14,"minecraft:golden_carrot":84,"minecraft:beef":1,"minecraft:cooked_beef":16,"minecraft:cobbled_deepslate":91,"minecraft:orange_terracotta":13,"minecraft:iron_leggings":1,"minecraft:cooked_mutton":9,"minecraft:water_bucket":28,"minecraft:fletching_table":17,"minecraft:cobblestone_slab":6,"minecraft:terracotta":2,"minecraft:oak_slab":16,"minecraft:crafting_table":11,"minecraft:white_bed":10,"minecraft:oak_log":206,"minecraft:flower_pot":8,"minecraft:ender_eye":8,"minecraft:diamond_pickaxe":6947,"minecraft:apple":13,"minecraft:diamond_shovel":7745,"minecraft:stone_axe":34,"minecraft:cobblestone":29,"minecraft:porkchop":2,"minecraft:bucket":30},"minecraft:custom":{"minecraft:animals_bred":3,"minecraft:interact_with_crafting_table":45,"minecraft:open_barrel":38,"minecraft:leave_game":23,"minecraft:time_since_death":331417,"minecraft:sprint_one_cm":1686552,"minecraft:drop":244,"minecraft:talked_to_villager":375,"minecraft:play_time":730563,"minecraft:deaths":5,"minecraft:jump":10939,"minecraft:walk_on_water_one_cm":125168,"minecraft:enchant_item":33,"minecraft:interact_with_furnace":152,"minecraft:traded_with_villager":793,"minecraft:sleep_in_bed":16,"minecraft:damage_dealt":32170,"minecraft:player_kills":12,"minecraft:crouch_one_cm":387110,"minecraft:horse_one_cm":154,"minecraft:interact_with_smithing_table":1,"minecraft:interact_with_anvil":14,"minecraft:mob_kills":163,"minecraft:inspect_hopper":7,"minecraft:climb_one_cm":56691,"minecraft:walk_one_cm":2554843,"minecraft:sneak_time":83856,"minecraft:walk_under_water_one_cm":145033,"minecraft:boat_one_cm":165432,"minecraft:interact_with_blast_furnace":18,"minecraft:total_world_time":730563,"minecraft:pot_flower":9,"minecraft:interact_with_stonecutter":4,"minecraft:interact_with_grindstone":32,"minecraft:time_since_rest":118330,"minecraft:damage_taken":9080,"minecraft:swim_one_cm":219773,"minecraft:fly_one_cm":2746497,"minecraft:open_chest":564,"minecraft:fall_one_cm":219602},"minecraft:mined":{"minecraft:white_bed":9,"minecraft:oak_sapling":1,"minecraft:cobblestone_stairs":1,"minecraft:obsidian":56,"minecraft:granite":61,"minecraft:red_sand":22,"minecraft:grass_block":2105,"minecraft:yellow_carpet":3,"minecraft:oak_pressure_plate":1,"minecraft:purpur_slab":2,"minecraft:composter":1,"minecraft:oxeye_daisy":1,"minecraft:tall_seagrass":2,"minecraft:cobbled_deepslate":15,"minecraft:fire":49,"minecraft:barrel":13,"minecraft:fletching_table":17,"minecraft:deepslate_lapis_ore":1,"minecraft:azure_bluet":3,"minecraft:potted_dandelion":3,"minecraft:dirt_path":1472,"minecraft:oak_stairs":84,"minecraft:end_stone_bricks":17,"minecraft:tripwire":146,"minecraft:deepslate_redstone_ore":10,"minecraft:orange_terracotta":13,"minecraft:purpur_stairs":2,"minecraft:clay":5,"minecraft:torch":42,"minecraft:blast_furnace":2,"minecraft:poppy":6,"minecraft:chest":19,"minecraft:dead_bush":17,"minecraft:nether_quartz_ore":3,"minecraft:cobblestone":190,"minecraft:grindstone":2,"minecraft:potted_oak_sapling":3,"minecraft:sugar_cane":31,"minecraft:oak_planks":247,"minecraft:wall_torch":21,"minecraft:deepslate_copper_ore":9,"minecraft:seagrass":5,"minecraft:birch_log":6,"minecraft:stripped_oak_wood":8,"minecraft:purpur_block":23,"minecraft:oak_log":319,"minecraft:sand":155,"minecraft:dirt":1918,"minecraft:oak_leaves":36,"minecraft:deepslate":182,"minecraft:crying_obsidian":1,"minecraft:mossy_cobblestone":12,"minecraft:deepslate_diamond_ore":9,"minecraft:oak_door":4,"minecraft:end_stone":332,"minecraft:redstone_wire":1,"minecraft:sandstone":4226,"minecraft:hay_block":10,"minecraft:diorite_slab":4,"minecraft:oak_trapdoor":27,"minecraft:furnace":1,"minecraft:andesite":87,"minecraft:bookshelf":9,"minecraft:deepslate_iron_ore":8,"minecraft:shroomlight":1,"minecraft:cobblestone_slab":4,"minecraft:stripped_oak_log":20,"minecraft:bamboo":1,"minecraft:stone":1273,"minecraft:white_wool":1,"minecraft:redstone_wall_torch":2,"minecraft:smithing_table":1,"minecraft:oak_slab":20,"minecraft:scaffolding":1,"minecraft:glass_pane":8,"minecraft:magenta_stained_glass":1,"minecraft:dandelion":20,"minecraft:oak_fence":59,"minecraft:crafting_table":12,"minecraft:cornflower":3,"minecraft:short_grass":209,"minecraft:lectern":2,"minecraft:copper_ore":10,"minecraft:purpur_pillar":17,"minecraft:tall_grass":30,"minecraft:lapis_ore":2,"minecraft:diorite":142,"minecraft:birch_leaves":2,"minecraft:coal_ore":135,"minecraft:gravel":36,"minecraft:terracotta":7,"minecraft:acacia_planks":5,"minecraft:stone_bricks":14},"minecraft:crafted":{"minecraft:brick":9,"minecraft:oak_planks":688,"minecraft:barrel":2,"minecraft:cobblestone_slab":6,"minecraft:blaze_powder":14,"minecraft:stone":523,"minecraft:diamond_shovel":2,"minecraft:cooked_mutton":6,"minecraft:diamond_helmet":1,"minecraft:bow":4,"minecraft:diamond_leggings":1,"minecraft:stone_pressure_plate":5,"minecraft:tipped_arrow":60,"minecraft:chest":4,"minecraft:ender_eye":18,"minecraft:stone_bricks":276,"minecraft:flower_pot":3,"minecraft:oak_slab":24,"minecraft:emerald":676,"minecraft:arrow":576,"minecraft:diamond_axe":2,"minecraft:crafting_table":5,"minecraft:wooden_pickaxe":1,"minecraft:brewing_stand":1,"minecraft:diamond_pickaxe":1,"minecraft:charcoal":19,"minecraft:shield":1,"minecraft:stick":566,"minecraft:iron_ingot":10,"minecraft:iron_block":4,"minecraft:redstone":24,"minecraft:furnace":1,"minecraft:flint_and_steel":1,"minecraft:iron_axe":1,"minecraft:ender_pearl":16,"minecraft:stone_pickaxe":1,"minecraft:cooked_beef":12,"minecraft:crossbow":1,"minecraft:diamond_sword":1,"minecraft:bucket":1,"minecraft:stone_axe":1,"minecraft:glowstone":10,"minecraft:enchanted_book":5,"minecraft:bread":12,"minecraft:air":0,"minecraft:oak_boat":4,"minecraft:wooden_axe":1,"minecraft:iron_shovel":1,"minecraft:anvil":1,"minecraft:diorite_slab":6,"minecraft:torch":88,"minecraft:lapis_lazuli":12,"minecraft:diamond_chestplate":1},"minecraft:dropped":{"minecraft:porkchop":1,"minecraft:diamond_axe":2,"minecraft:lapis_lazuli":68,"minecraft:oak_log":59,"minecraft:crossbow":4,"minecraft:cookie":240,"minecraft:leather":7,"minecraft:cod":3,"minecraft:flint":4,"minecraft:emerald":7,"minecraft:dirt":1270,"minecraft:pumpkin_pie":288,"minecraft:gold_nugget":5,"minecraft:sand":26,"minecraft:iron_pickaxe":1,"minecraft:birch_log":25,"minecraft:white_wool":2,"minecraft:bone":5,"minecraft:oak_door":2,"minecraft:gravel":30,"minecraft:stone_axe":2,"minecraft:sugar_cane":7,"minecraft:cobbled_deepslate":22,"minecraft:obsidian":1,"minecraft:rotten_flesh":13,"minecraft:oak_planks":24,"minecraft:azure_bluet":3,"minecraft:white_bed":1,"minecraft:salmon":1,"minecraft:poppy":3,"minecraft:gunpowder":1,"minecraft:glowstone":12,"minecraft:chest":1,"minecraft:arrow":18,"minecraft:scaffolding":3,"minecraft:oak_leaves":6,"minecraft:water_bucket":2,"minecraft:iron_ingot":3,"minecraft:bread":88,"minecraft:wheat_seeds":27,"minecraft:feather":2,"minecraft:cobblestone":182,"minecraft:apple":320,"minecraft:granite":1,"minecraft:yellow_carpet":3,"minecraft:coal":64,"minecraft:stick":76,"minecraft:wooden_axe":1,"minecraft:oak_stairs":2,"minecraft:armadillo_scute":1,"minecraft:cactus":1,"minecraft:string":686,"minecraft:lapis_block":2,"minecraft:dandelion":11,"minecraft:redstone":74,"minecraft:furnace":1,"minecraft:raw_iron":4,"minecraft:light_gray_wool":1,"minecraft:clay_ball":4,"minecraft:stripped_oak_log":1,"minecraft:red_terracotta":61,"minecraft:flint_and_steel":4,"minecraft:diamond_sword":1,"minecraft:potato":5,"minecraft:cobblestone_slab":1,"minecraft:stone":2,"minecraft:shield":1,"minecraft:dragon_egg":1,"minecraft:diamond_pickaxe":1,"minecraft:yellow_bed":1,"minecraft:oak_boat":1,"minecraft:oak_sapling":43,"minecraft:golden_sword":2,"minecraft:redstone_torch":1,"minecraft:spider_eye":1,"minecraft:sandstone":64,"minecraft:red_sand":4,"minecraft:bow":36,"minecraft:stone_pickaxe":2,"minecraft:wooden_pickaxe":3,"minecraft:terracotta":5},"minecraft:broken":{"minecraft:iron_shovel":1,"minecraft:diamond_shovel":3},"minecraft:killed":{"minecraft:zombified_piglin":1,"minecraft:spider":3,"minecraft:shulker":27,"minecraft:skeleton":7,"minecraft:chicken":2,"minecraft:silverfish":1,"minecraft:cat":1,"minecraft:salmon":39,"minecraft:iron_golem":1,"minecraft:creeper":2,"minecraft:sheep":1,"minecraft:donkey":2,"minecraft:zombie":17,"minecraft:cow":5,"minecraft:horse":1,"minecraft:squid":1,"minecraft:enderman":50},"minecraft:killed_by":{"minecraft:player":1}},"DataVersion":3953}