{"stats":{"minecraft:picked_up":{"minecraft:crafting_table":2,"minecraft:flower_pot":4,"minecraft:clay_ball":16,"minecraft:wooden_pickaxe":2,"minecraft:oak_stairs":65,"minecraft:string":1481,"minecraft:raw_copper":31,"minecraft:flint_and_steel":2,"minecraft:gold_nugget":2,"minecraft:cobbled_deepslate":52,"minecraft:beef":15,"minecraft:poppy":1,"minecraft:light_gray_wool":1,"minecraft:sugar_cane":2,"minecraft:chest":1,"minecraft:furnace":2,"minecraft:stick":10,"minecraft:stone":10,"minecraft:oak_door":2,"minecraft:torch":7,"minecraft:porkchop":3,"minecraft:diorite":124,"minecraft:hay_block":10,"minecraft:obsidian":51,"minecraft:mutton":6,"minecraft:white_wool":1,"minecraft:cobblestone":487,"minecraft:stripped_oak_log":18,"minecraft:andesite":12,"minecraft:leather":5,"minecraft:potato":5,"minecraft:oak_log":218,"minecraft:yellow_bed":1,"minecraft:lapis_lazuli":14,"minecraft:dirt":132,"minecraft:bone":2,"minecraft:acacia_planks":17,"minecraft:stone_bricks":7,"minecraft:wheat_seeds":3,"minecraft:iron_ingot":5,"minecraft:stone_pickaxe":1,"minecraft:oak_planks":18,"minecraft:oak_slab":18,"minecraft:dandelion":2,"minecraft:yellow_carpet":3,"minecraft:stone_axe":1,"minecraft:lever":1,"minecraft:granite":36,"minecraft:emerald":2,"minecraft:oak_sapling":3,"minecraft:coal":16,"minecraft:diamond_pickaxe":1},"minecraft:used":{"minecraft:stone":224,"minecraft:cooked_chicken":1,"minecraft:torch":7,"minecraft:dirt":12,"minecraft:obsidian":30,"minecraft:wooden_axe":16,"minecraft:lava_bucket":2,"minecraft:iron_axe":78,"minecraft:oak_stairs":26,"minecraft:stone_bricks":142,"minecraft:beef":1,"minecraft:furnace":2,"minecraft:cooked_beef":5,"minecraft:cooked_mutton":3,"minecraft:diorite":4,"minecraft:stone_pickaxe":18,"minecraft:oak_planks":211,"minecraft:wooden_pickaxe":18,"minecraft:diamond_axe":273,"minecraft:crafting_table":3,"minecraft:oak_log":127,"minecraft:flower_pot":7,"minecraft:diamond_pickaxe":798,"minecraft:apple":6,"minecraft:diamond_shovel":79,"minecraft:string":3,"minecraft:stone_axe":34,"minecraft:cobblestone":5,"minecraft:porkchop":2,"minecraft:bucket":2},"minecraft:custom":{"minecraft:interact_with_smithing_table":1,"minecraft:mob_kills":7,"minecraft:interact_with_crafting_table":13,"minecraft:open_barrel":6,"minecraft:leave_game":3,"minecraft:time_since_death":94720,"minecraft:climb_one_cm":806,"minecraft:sprint_one_cm":162047,"minecraft:walk_one_cm":308266,"minecraft:drop":39,"minecraft:talked_to_villager":48,"minecraft:play_time":116260,"minecraft:deaths":1,"minecraft:sneak_time":16852,"minecraft:walk_under_water_one_cm":19311,"minecraft:jump":1074,"minecraft:interact_with_blast_furnace":3,"minecraft:walk_on_water_one_cm":22449,"minecraft:total_world_time":116260,"minecraft:interact_with_furnace":123,"minecraft:traded_with_villager":43,"minecraft:pot_flower":7,"minecraft:sleep_in_bed":4,"minecraft:time_since_rest":1432,"minecraft:damage_taken":1000,"minecraft:damage_dealt":1739,"minecraft:swim_one_cm":19913,"minecraft:fly_one_cm":204691,"minecraft:player_kills":5,"minecraft:open_chest":74,"minecraft:crouch_one_cm":49362,"minecraft:fall_one_cm":18193},"minecraft:mined":{"minecraft:oak_door":2,"minecraft:obsidian":43,"minecraft:granite":39,"minecraft:grass_block":4,"minecraft:yellow_carpet":3,"minecraft:hay_block":10,"minecraft:furnace":1,"minecraft:andesite":12,"minecraft:potted_dandelion":1,"minecraft:dirt_path":3,"minecraft:oak_stairs":60,"minecraft:stripped_oak_log":18,"minecraft:stone":381,"minecraft:oak_slab":18,"minecraft:dandelion":1,"minecraft:crafting_table":2,"minecraft:oak_fence":1,"minecraft:clay":4,"minecraft:short_grass":10,"minecraft:poppy":1,"minecraft:chest":1,"minecraft:dead_bush":2,"minecraft:cobblestone":76,"minecraft:copper_ore":1,"minecraft:lapis_ore":2,"minecraft:potted_oak_sapling":3,"minecraft:sugar_cane":1,"minecraft:oak_planks":18,"minecraft:diorite":135,"minecraft:wall_torch":7,"minecraft:deepslate_copper_ore":9,"minecraft:oak_log":231,"minecraft:coal_ore":16,"minecraft:dirt":141,"minecraft:acacia_planks":5,"minecraft:stone_bricks":7,"minecraft:oak_leaves":18,"minecraft:deepslate":52},"minecraft:crafted":{"minecraft:brick":9,"minecraft:oak_planks":236,"minecraft:furnace":1,"minecraft:stone":353,"minecraft:diamond_shovel":1,"minecraft:cooked_mutton":6,"minecraft:iron_axe":1,"minecraft:stone_pickaxe":1,"minecraft:stone_bricks":144,"minecraft:flower_pot":3,"minecraft:cooked_beef":12,"minecraft:emerald":39,"minecraft:diamond_axe":1,"minecraft:crafting_table":1,"minecraft:wooden_pickaxe":1,"minecraft:bucket":1,"minecraft:stone_axe":1,"minecraft:air":0,"minecraft:diamond_pickaxe":1,"minecraft:charcoal":19,"minecraft:stick":28,"minecraft:wooden_axe":1},"minecraft:dropped":{"minecraft:porkchop":1,"minecraft:wheat_seeds":3,"minecraft:leather":5,"minecraft:granite":1,"minecraft:yellow_carpet":3,"minecraft:dirt":3,"minecraft:wooden_axe":1,"minecraft:oak_stairs":2,"minecraft:gold_nugget":2,"minecraft:string":231,"minecraft:white_wool":1,"minecraft:bone":2,"minecraft:redstone":74,"minecraft:oak_door":2,"minecraft:furnace":1,"minecraft:stone_axe":2,"minecraft:obsidian":1,"minecraft:light_gray_wool":1,"minecraft:stripped_oak_log":1,"minecraft:flint_and_steel":2,"minecraft:poppy":1,"minecraft:potato":5,"minecraft:diamond_pickaxe":1,"minecraft:yellow_bed":1,"minecraft:chest":1,"minecraft:stone_pickaxe":2,"minecraft:wooden_pickaxe":3},"minecraft:killed":{"minecraft:sheep":1,"minecraft:cow":5}},"DataVersion":3953}