{"stats":{"minecraft:picked_up":{"minecraft:stick":10,"minecraft:crafting_table":2,"minecraft:oak_door":2,"minecraft:leather":5,"minecraft:wooden_pickaxe":2,"minecraft:potato":5,"minecraft:porkchop":3,"minecraft:oak_log":6,"minecraft:yellow_bed":1,"minecraft:dirt":5,"minecraft:flint_and_steel":2,"minecraft:bone":2,"minecraft:acacia_planks":17,"minecraft:yellow_carpet":3,"minecraft:stone_axe":1,"minecraft:gold_nugget":2,"minecraft:wheat_seeds":2,"minecraft:hay_block":10,"minecraft:stone_pickaxe":1,"minecraft:beef":15,"minecraft:granite":1,"minecraft:light_gray_wool":1,"minecraft:obsidian":1,"minecraft:chest":1,"minecraft:mutton":6,"minecraft:white_wool":1,"minecraft:cobblestone":20,"minecraft:furnace":2},"minecraft:used":{"minecraft:wooden_axe":16,"minecraft:apple":6,"minecraft:stone_pickaxe":18,"minecraft:wooden_pickaxe":18,"minecraft:stone_axe":34,"minecraft:dirt":2,"minecraft:cobblestone":5,"minecraft:beef":1,"minecraft:crafting_table":3,"minecraft:furnace":2,"minecraft:porkchop":2},"minecraft:custom":{"minecraft:time_since_rest":3944,"minecraft:interact_with_furnace":2,"minecraft:sprint_one_cm":56500,"minecraft:damage_taken":323,"minecraft:walk_one_cm":29629,"minecraft:mob_kills":7,"minecraft:damage_dealt":1723,"minecraft:player_kills":5,"minecraft:interact_with_crafting_table":10,"minecraft:fly_one_cm":51944,"minecraft:open_chest":2,"minecraft:crouch_one_cm":1796,"minecraft:play_time":13215,"minecraft:sneak_time":943,"minecraft:jump":250,"minecraft:interact_with_blast_furnace":1,"minecraft:leave_game":1,"minecraft:walk_on_water_one_cm":3146,"minecraft:time_since_death":13215,"minecraft:sleep_in_bed":2,"minecraft:total_world_time":13215,"minecraft:fall_one_cm":4075},"minecraft:mined":{"minecraft:hay_block":10,"minecraft:furnace":1,"minecraft:oak_door":2,"minecraft:crafting_table":2,"minecraft:granite":1,"minecraft:short_grass":5,"minecraft:grass_block":1,"minecraft:oak_log":9,"minecraft:yellow_carpet":3,"minecraft:chest":1,"minecraft:dead_bush":2,"minecraft:dirt":4,"minecraft:cobblestone":5,"minecraft:acacia_planks":5,"minecraft:stone":17,"minecraft:oak_leaves":17},"minecraft:crafted":{"minecraft:cooked_beef":7,"minecraft:oak_planks":24,"minecraft:crafting_table":1,"minecraft:stick":28,"minecraft:wooden_pickaxe":1,"minecraft:stone_pickaxe":1,"minecraft:wooden_axe":1,"minecraft:furnace":1,"minecraft:stone_axe":1,"minecraft:air":0},"minecraft:killed":{"minecraft:sheep":1,"minecraft:cow":5}},"DataVersion":3953}