{"stats":{"minecraft:picked_up":{"minecraft:iron_chestplate":5,"minecraft:flower_pot":5,"minecraft:smithing_table":1,"minecraft:oak_stairs":198,"minecraft:enchanted_book":1,"minecraft:golden_sword":2,"minecraft:lapis_block":2,"minecraft:string":5283,"minecraft:raw_copper":113,"minecraft:iron_leggings":5,"minecraft:diamond_leggings":1,"minecraft:red_sand":11,"minecraft:gold_nugget":6,"minecraft:cobbled_deepslate":183,"minecraft:bucket":3,"minecraft:redstone_torch":1,"minecraft:cobblestone_slab":7,"minecraft:iron_pickaxe":3,"minecraft:furnace":3,"minecraft:iron_boots":5,"minecraft:stick":110,"minecraft:composter":1,"minecraft:oak_fence":55,"minecraft:torch":120,"minecraft:porkchop":3,"minecraft:diorite":159,"minecraft:stone_sword":1,"minecraft:cactus":1,"minecraft:rotten_flesh":27,"minecraft:armadillo_scute":1,"minecraft:glowstone":12,"minecraft:obsidian":104,"minecraft:cod":5,"minecraft:cobblestone":1574,"minecraft:birch_log":313,"minecraft:feather":1,"minecraft:water_bucket":5,"minecraft:andesite":86,"minecraft:potato":9,"minecraft:flint":5,"minecraft:lapis_lazuli":51,"minecraft:dirt":4552,"minecraft:bone":12,"minecraft:acacia_planks":19,"minecraft:bow":74,"minecraft:wheat_seeds":69,"minecraft:raw_gold":5,"minecraft:bell":1,"minecraft:grindstone":2,"minecraft:fletching_table":18,"minecraft:diamond_helmet":1,"minecraft:bamboo":268,"minecraft:oak_planks":700,"minecraft:cooked_porkchop":24,"minecraft:oak_pressure_plate":1,"minecraft:sand":119,"minecraft:ink_sac":5,"minecraft:grass_block":88,"minecraft:barrel":13,"minecraft:red_terracotta":61,"minecraft:mossy_cobblestone":14,"minecraft:yellow_carpet":3,"minecraft:diamond":48,"minecraft:deepslate":5,"minecraft:lever":1,"minecraft:crossbow":21,"minecraft:granite":100,"minecraft:bone_meal":1,"minecraft:bread":76,"minecraft:emerald":30,"minecraft:oak_sapling":47,"minecraft:diamond_pickaxe":10,"minecraft:crafting_table":16,"minecraft:azure_bluet":6,"minecraft:ladder":1,"minecraft:clay_ball":16,"minecraft:wooden_pickaxe":2,"minecraft:diorite_slab":4,"minecraft:shield":1,"minecraft:cornflower":4,"minecraft:oak_trapdoor":23,"minecraft:iron_axe":1,"minecraft:flint_and_steel":2,"minecraft:beef":15,"minecraft:oak_boat":1,"minecraft:lectern":2,"minecraft:poppy":15,"minecraft:light_gray_wool":1,"minecraft:chest":19,"minecraft:sugar_cane":95,"minecraft:egg":2,"minecraft:raw_iron":16,"minecraft:sandstone":7293,"minecraft:stone":108,"minecraft:oak_door":5,"minecraft:cookie":356,"minecraft:redstone":104,"minecraft:stone_shovel":1,"minecraft:arrow":13,"minecraft:diamond_chestplate":1,"minecraft:pumpkin_pie":475,"minecraft:diamond_boots":2,"minecraft:hay_block":10,"minecraft:mutton":7,"minecraft:white_wool":15,"minecraft:oxeye_daisy":3,"minecraft:stripped_oak_log":20,"minecraft:golden_carrot":264,"minecraft:salmon":36,"minecraft:leather":8,"minecraft:oak_log":1360,"minecraft:golden_boots":1,"minecraft:yellow_bed":2,"minecraft:gunpowder":1,"minecraft:cobblestone_stairs":1,"minecraft:orange_terracotta":13,"minecraft:cooked_mutton":110,"minecraft:apple":661,"minecraft:stone_bricks":14,"minecraft:stone_pickaxe":3,"minecraft:iron_ingot":10,"minecraft:cooked_chicken":1,"minecraft:stripped_oak_wood":7,"minecraft:iron_sword":1,"minecraft:book":27,"minecraft:scaffolding":4,"minecraft:oak_slab":27,"minecraft:milk_bucket":3,"minecraft:quartz":2,"minecraft:dandelion":41,"minecraft:gravel":34,"minecraft:blast_furnace":1,"minecraft:white_bed":14,"minecraft:spider_eye":2,"minecraft:diamond_shovel":6,"minecraft:stone_axe":2,"minecraft:iron_helmet":6,"minecraft:diamond_axe":7,"minecraft:terracotta":7,"minecraft:coal":386},"minecraft:used":{"minecraft:red_sand":4,"minecraft:iron_shovel":255,"minecraft:chest":26,"minecraft:stone":271,"minecraft:rotten_flesh":3,"minecraft:iron_chestplate":2,"minecraft:obsidian":88,"minecraft:milk_bucket":3,"minecraft:lava_bucket":2,"minecraft:iron_helmet":1,"minecraft:stone_bricks":299,"minecraft:bow":156,"minecraft:furnace":2,"minecraft:diorite":17,"minecraft:stone_pickaxe":18,"minecraft:oak_planks":499,"minecraft:wooden_pickaxe":18,"minecraft:sugar_cane":2,"minecraft:diamond_axe":906,"minecraft:crossbow":17,"minecraft:string":5,"minecraft:lectern":2,"minecraft:deepslate":5,"minecraft:diamond_sword":45,"minecraft:grindstone":1,"minecraft:andesite":4,"minecraft:oak_boat":2,"minecraft:diorite_slab":4,"minecraft:oak_trapdoor":1,"minecraft:oak_fence":14,"minecraft:flint_and_steel":4,"minecraft:redstone":4,"minecraft:cooked_chicken":1,"minecraft:torch":165,"minecraft:dirt":3172,"minecraft:anvil":1,"minecraft:granite":15,"minecraft:wooden_axe":16,"minecraft:iron_axe":78,"minecraft:oak_stairs":49,"minecraft:iron_boots":2,"minecraft:barrel":14,"minecraft:golden_carrot":45,"minecraft:beef":1,"minecraft:cooked_beef":16,"minecraft:cobbled_deepslate":91,"minecraft:orange_terracotta":13,"minecraft:iron_leggings":1,"minecraft:cooked_mutton":6,"minecraft:water_bucket":28,"minecraft:fletching_table":17,"minecraft:cobblestone_slab":6,"minecraft:terracotta":2,"minecraft:oak_slab":16,"minecraft:crafting_table":10,"minecraft:white_bed":10,"minecraft:oak_log":206,"minecraft:flower_pot":8,"minecraft:diamond_pickaxe":6459,"minecraft:apple":13,"minecraft:diamond_shovel":7697,"minecraft:stone_axe":34,"minecraft:cobblestone":22,"minecraft:porkchop":2,"minecraft:bucket":30},"minecraft:custom":{"minecraft:animals_bred":3,"minecraft:interact_with_crafting_table":40,"minecraft:open_barrel":32,"minecraft:leave_game":19,"minecraft:time_since_death":207357,"minecraft:sprint_one_cm":1311957,"minecraft:drop":203,"minecraft:talked_to_villager":306,"minecraft:play_time":606503,"minecraft:deaths":5,"minecraft:jump":7749,"minecraft:walk_on_water_one_cm":98156,"minecraft:enchant_item":30,"minecraft:interact_with_furnace":152,"minecraft:traded_with_villager":398,"minecraft:sleep_in_bed":15,"minecraft:damage_dealt":9432,"minecraft:player_kills":12,"minecraft:crouch_one_cm":297909,"minecraft:horse_one_cm":154,"minecraft:interact_with_smithing_table":1,"minecraft:mob_kills":68,"minecraft:interact_with_anvil":11,"minecraft:inspect_hopper":7,"minecraft:climb_one_cm":55815,"minecraft:walk_one_cm":2268715,"minecraft:sneak_time":65297,"minecraft:walk_under_water_one_cm":133007,"minecraft:boat_one_cm":35593,"minecraft:interact_with_blast_furnace":17,"minecraft:total_world_time":606503,"minecraft:pot_flower":9,"minecraft:interact_with_grindstone":30,"minecraft:interact_with_stonecutter":4,"minecraft:time_since_rest":11678,"minecraft:damage_taken":6023,"minecraft:swim_one_cm":181794,"minecraft:fly_one_cm":1900819,"minecraft:open_chest":482,"minecraft:fall_one_cm":117939},"minecraft:mined":{"minecraft:white_bed":9,"minecraft:oak_sapling":1,"minecraft:cobblestone_stairs":1,"minecraft:obsidian":56,"minecraft:granite":61,"minecraft:red_sand":22,"minecraft:grass_block":2090,"minecraft:yellow_carpet":3,"minecraft:oak_pressure_plate":1,"minecraft:composter":1,"minecraft:oxeye_daisy":1,"minecraft:tall_seagrass":2,"minecraft:barrel":13,"minecraft:cobbled_deepslate":15,"minecraft:fletching_table":17,"minecraft:deepslate_lapis_ore":1,"minecraft:azure_bluet":3,"minecraft:potted_dandelion":3,"minecraft:dirt_path":1472,"minecraft:oak_stairs":84,"minecraft:tripwire":142,"minecraft:deepslate_redstone_ore":10,"minecraft:orange_terracotta":13,"minecraft:clay":4,"minecraft:torch":37,"minecraft:blast_furnace":2,"minecraft:poppy":6,"minecraft:chest":19,"minecraft:dead_bush":3,"minecraft:nether_quartz_ore":3,"minecraft:cobblestone":184,"minecraft:grindstone":2,"minecraft:potted_oak_sapling":3,"minecraft:sugar_cane":24,"minecraft:oak_planks":247,"minecraft:wall_torch":18,"minecraft:deepslate_copper_ore":9,"minecraft:seagrass":5,"minecraft:stripped_oak_wood":8,"minecraft:oak_log":307,"minecraft:sand":155,"minecraft:dirt":1883,"minecraft:oak_leaves":24,"minecraft:deepslate":159,"minecraft:crying_obsidian":1,"minecraft:mossy_cobblestone":12,"minecraft:deepslate_diamond_ore":8,"minecraft:oak_door":4,"minecraft:redstone_wire":1,"minecraft:sandstone":4225,"minecraft:hay_block":10,"minecraft:diorite_slab":4,"minecraft:oak_trapdoor":23,"minecraft:furnace":1,"minecraft:andesite":87,"minecraft:bookshelf":9,"minecraft:deepslate_iron_ore":6,"minecraft:shroomlight":1,"minecraft:cobblestone_slab":4,"minecraft:stripped_oak_log":20,"minecraft:bamboo":1,"minecraft:stone":1242,"minecraft:white_wool":1,"minecraft:redstone_wall_torch":2,"minecraft:smithing_table":1,"minecraft:oak_slab":20,"minecraft:scaffolding":1,"minecraft:glass_pane":8,"minecraft:dandelion":20,"minecraft:oak_fence":59,"minecraft:crafting_table":12,"minecraft:cornflower":3,"minecraft:short_grass":184,"minecraft:lectern":2,"minecraft:tall_grass":19,"minecraft:copper_ore":10,"minecraft:lapis_ore":2,"minecraft:diorite":142,"minecraft:birch_leaves":2,"minecraft:coal_ore":115,"minecraft:gravel":36,"minecraft:terracotta":7,"minecraft:acacia_planks":5,"minecraft:stone_bricks":14},"minecraft:crafted":{"minecraft:brick":9,"minecraft:oak_planks":360,"minecraft:cobblestone_slab":6,"minecraft:barrel":2,"minecraft:stone":523,"minecraft:diamond_shovel":2,"minecraft:cooked_mutton":6,"minecraft:diamond_helmet":1,"minecraft:diamond_leggings":1,"minecraft:bow":4,"minecraft:stone_pressure_plate":5,"minecraft:tipped_arrow":60,"minecraft:chest":4,"minecraft:stone_bricks":276,"minecraft:flower_pot":3,"minecraft:oak_slab":24,"minecraft:emerald":331,"minecraft:arrow":576,"minecraft:diamond_axe":2,"minecraft:crafting_table":4,"minecraft:wooden_pickaxe":1,"minecraft:charcoal":19,"minecraft:diamond_pickaxe":1,"minecraft:stick":54,"minecraft:iron_ingot":10,"minecraft:iron_block":4,"minecraft:furnace":1,"minecraft:flint_and_steel":1,"minecraft:iron_axe":1,"minecraft:stone_pickaxe":1,"minecraft:cooked_beef":12,"minecraft:crossbow":1,"minecraft:diamond_sword":1,"minecraft:bucket":1,"minecraft:stone_axe":1,"minecraft:enchanted_book":5,"minecraft:bread":12,"minecraft:air":0,"minecraft:oak_boat":2,"minecraft:wooden_axe":1,"minecraft:iron_shovel":1,"minecraft:anvil":1,"minecraft:diorite_slab":6,"minecraft:torch":88,"minecraft:diamond_chestplate":1},"minecraft:dropped":{"minecraft:porkchop":1,"minecraft:diamond_axe":1,"minecraft:lapis_lazuli":68,"minecraft:oak_log":19,"minecraft:crossbow":4,"minecraft:cookie":240,"minecraft:leather":7,"minecraft:cod":3,"minecraft:flint":4,"minecraft:emerald":7,"minecraft:dirt":1240,"minecraft:pumpkin_pie":288,"minecraft:gold_nugget":5,"minecraft:sand":26,"minecraft:iron_pickaxe":1,"minecraft:birch_log":19,"minecraft:white_wool":2,"minecraft:bone":3,"minecraft:oak_door":2,"minecraft:gravel":24,"minecraft:stone_axe":2,"minecraft:sugar_cane":7,"minecraft:obsidian":1,"minecraft:rotten_flesh":6,"minecraft:oak_planks":10,"minecraft:azure_bluet":3,"minecraft:white_bed":1,"minecraft:salmon":1,"minecraft:poppy":3,"minecraft:gunpowder":1,"minecraft:chest":1,"minecraft:arrow":8,"minecraft:scaffolding":3,"minecraft:water_bucket":2,"minecraft:iron_ingot":3,"minecraft:bread":88,"minecraft:wheat_seeds":24,"minecraft:cobblestone":150,"minecraft:apple":320,"minecraft:granite":1,"minecraft:yellow_carpet":3,"minecraft:coal":64,"minecraft:stick":70,"minecraft:wooden_axe":1,"minecraft:oak_stairs":2,"minecraft:armadillo_scute":1,"minecraft:cactus":1,"minecraft:string":686,"minecraft:lapis_block":2,"minecraft:dandelion":11,"minecraft:redstone":74,"minecraft:furnace":1,"minecraft:light_gray_wool":1,"minecraft:stripped_oak_log":1,"minecraft:red_terracotta":61,"minecraft:flint_and_steel":3,"minecraft:cobblestone_slab":1,"minecraft:potato":5,"minecraft:diamond_pickaxe":1,"minecraft:yellow_bed":1,"minecraft:oak_boat":1,"minecraft:oak_sapling":43,"minecraft:golden_sword":2,"minecraft:spider_eye":1,"minecraft:red_sand":4,"minecraft:bow":35,"minecraft:stone_pickaxe":2,"minecraft:wooden_pickaxe":3,"minecraft:terracotta":5},"minecraft:killed":{"minecraft:spider":2,"minecraft:skeleton":6,"minecraft:cat":1,"minecraft:salmon":38,"minecraft:iron_golem":1,"minecraft:creeper":1,"minecraft:sheep":1,"minecraft:zombie":10,"minecraft:cow":5,"minecraft:squid":1},"minecraft:broken":{"minecraft:iron_shovel":1,"minecraft:diamond_shovel":3},"minecraft:killed_by":{"minecraft:player":1}},"DataVersion":3953}