{"stats":{"minecraft:picked_up":{"minecraft:iron_chestplate":5,"minecraft:crafting_table":13,"minecraft:azure_bluet":6,"minecraft:clay_ball":16,"minecraft:flower_pot":5,"minecraft:wooden_pickaxe":2,"minecraft:oak_stairs":198,"minecraft:diorite_slab":4,"minecraft:lapis_block":2,"minecraft:cornflower":4,"minecraft:oak_trapdoor":22,"minecraft:string":2589,"minecraft:raw_copper":31,"minecraft:iron_axe":1,"minecraft:flint_and_steel":2,"minecraft:iron_leggings":5,"minecraft:gold_nugget":4,"minecraft:cobbled_deepslate":183,"minecraft:bucket":3,"minecraft:beef":15,"minecraft:oak_boat":1,"minecraft:redstone_torch":1,"minecraft:cobblestone_slab":7,"minecraft:poppy":15,"minecraft:iron_pickaxe":3,"minecraft:light_gray_wool":1,"minecraft:sugar_cane":86,"minecraft:chest":14,"minecraft:furnace":3,"minecraft:iron_boots":5,"minecraft:egg":2,"minecraft:sandstone":2073,"minecraft:stick":94,"minecraft:raw_iron":16,"minecraft:stone":108,"minecraft:oak_door":5,"minecraft:oak_fence":55,"minecraft:torch":92,"minecraft:porkchop":3,"minecraft:diorite":159,"minecraft:redstone":104,"minecraft:stone_sword":1,"minecraft:arrow":12,"minecraft:stone_shovel":1,"minecraft:rotten_flesh":20,"minecraft:diamond_boots":1,"minecraft:hay_block":10,"minecraft:obsidian":104,"minecraft:mutton":7,"minecraft:cod":1,"minecraft:white_wool":14,"minecraft:cobblestone":847,"minecraft:oxeye_daisy":3,"minecraft:stripped_oak_log":18,"minecraft:golden_carrot":225,"minecraft:salmon":36,"minecraft:water_bucket":4,"minecraft:andesite":12,"minecraft:leather":8,"minecraft:potato":9,"minecraft:oak_log":253,"minecraft:gunpowder":1,"minecraft:golden_boots":1,"minecraft:yellow_bed":2,"minecraft:cobblestone_stairs":1,"minecraft:lapis_lazuli":20,"minecraft:dirt":4199,"minecraft:bone":12,"minecraft:acacia_planks":19,"minecraft:stone_bricks":11,"minecraft:bow":3,"minecraft:wheat_seeds":69,"minecraft:raw_gold":5,"minecraft:iron_ingot":10,"minecraft:stone_pickaxe":3,"minecraft:cooked_chicken":1,"minecraft:stripped_oak_wood":7,"minecraft:fletching_table":1,"minecraft:bamboo":268,"minecraft:iron_sword":1,"minecraft:oak_planks":142,"minecraft:scaffolding":4,"minecraft:oak_slab":24,"minecraft:milk_bucket":3,"minecraft:quartz":2,"minecraft:dandelion":41,"minecraft:oak_pressure_plate":1,"minecraft:gravel":17,"minecraft:sand":99,"minecraft:ink_sac":5,"minecraft:white_bed":3,"minecraft:spider_eye":1,"minecraft:mossy_cobblestone":14,"minecraft:diamond_shovel":6,"minecraft:yellow_carpet":3,"minecraft:diamond":48,"minecraft:deepslate":5,"minecraft:stone_axe":2,"minecraft:lever":1,"minecraft:iron_helmet":6,"minecraft:granite":100,"minecraft:diamond_axe":4,"minecraft:bone_meal":1,"minecraft:emerald":30,"minecraft:terracotta":3,"minecraft:oak_sapling":4,"minecraft:coal":338,"minecraft:diamond_pickaxe":8},"minecraft:used":{"minecraft:oak_fence":14,"minecraft:iron_shovel":255,"minecraft:flint_and_steel":4,"minecraft:redstone":4,"minecraft:chest":11,"minecraft:stone":235,"minecraft:cooked_chicken":1,"minecraft:rotten_flesh":3,"minecraft:iron_chestplate":2,"minecraft:torch":140,"minecraft:dirt":3112,"minecraft:obsidian":88,"minecraft:granite":15,"minecraft:milk_bucket":3,"minecraft:wooden_axe":16,"minecraft:lava_bucket":2,"minecraft:iron_axe":78,"minecraft:oak_stairs":49,"minecraft:iron_helmet":1,"minecraft:iron_boots":2,"minecraft:stone_bricks":143,"minecraft:golden_carrot":17,"minecraft:bow":21,"minecraft:beef":1,"minecraft:furnace":2,"minecraft:cooked_beef":16,"minecraft:cobbled_deepslate":91,"minecraft:iron_leggings":1,"minecraft:cooked_mutton":6,"minecraft:water_bucket":23,"minecraft:diorite":17,"minecraft:stone_pickaxe":18,"minecraft:oak_planks":266,"minecraft:wooden_pickaxe":18,"minecraft:diamond_axe":589,"minecraft:cobblestone_slab":6,"minecraft:crafting_table":6,"minecraft:oak_log":135,"minecraft:flower_pot":8,"minecraft:diamond_pickaxe":3716,"minecraft:apple":13,"minecraft:diamond_shovel":7381,"minecraft:string":5,"minecraft:deepslate":5,"minecraft:stone_axe":34,"minecraft:cobblestone":19,"minecraft:porkchop":2,"minecraft:bucket":25,"minecraft:oak_boat":1,"minecraft:diorite_slab":4},"minecraft:custom":{"minecraft:interact_with_smithing_table":1,"minecraft:interact_with_anvil":1,"minecraft:mob_kills":65,"minecraft:animals_bred":3,"minecraft:interact_with_crafting_table":21,"minecraft:open_barrel":11,"minecraft:leave_game":11,"minecraft:time_since_death":38899,"minecraft:climb_one_cm":53101,"minecraft:sprint_one_cm":850091,"minecraft:walk_one_cm":1691452,"minecraft:drop":97,"minecraft:talked_to_villager":79,"minecraft:play_time":438045,"minecraft:sneak_time":55178,"minecraft:deaths":5,"minecraft:walk_under_water_one_cm":88817,"minecraft:boat_one_cm":189,"minecraft:jump":4984,"minecraft:interact_with_blast_furnace":17,"minecraft:walk_on_water_one_cm":73590,"minecraft:total_world_time":438045,"minecraft:interact_with_furnace":138,"minecraft:traded_with_villager":44,"minecraft:pot_flower":8,"minecraft:interact_with_stonecutter":1,"minecraft:sleep_in_bed":10,"minecraft:time_since_rest":4924,"minecraft:damage_taken":4754,"minecraft:damage_dealt":7052,"minecraft:swim_one_cm":117126,"minecraft:fly_one_cm":1137186,"minecraft:player_kills":6,"minecraft:open_chest":238,"minecraft:crouch_one_cm":254858,"minecraft:fall_one_cm":80350},"minecraft:mined":{"minecraft:crying_obsidian":1,"minecraft:oak_sapling":1,"minecraft:mossy_cobblestone":12,"minecraft:deepslate_diamond_ore":8,"minecraft:oak_door":4,"minecraft:cobblestone_stairs":1,"minecraft:obsidian":56,"minecraft:granite":61,"minecraft:grass_block":2086,"minecraft:yellow_carpet":3,"minecraft:redstone_wire":1,"minecraft:oak_pressure_plate":1,"minecraft:sandstone":2258,"minecraft:oxeye_daisy":1,"minecraft:hay_block":10,"minecraft:tall_seagrass":1,"minecraft:diorite_slab":4,"minecraft:oak_trapdoor":22,"minecraft:furnace":1,"minecraft:cobbled_deepslate":15,"minecraft:andesite":12,"minecraft:deepslate_lapis_ore":1,"minecraft:azure_bluet":3,"minecraft:dirt_path":1471,"minecraft:potted_dandelion":2,"minecraft:cobblestone_slab":4,"minecraft:shroomlight":1,"minecraft:deepslate_iron_ore":6,"minecraft:oak_stairs":84,"minecraft:stripped_oak_log":18,"minecraft:bamboo":1,"minecraft:stone":609,"minecraft:redstone_wall_torch":2,"minecraft:white_wool":1,"minecraft:tripwire":140,"minecraft:deepslate_redstone_ore":10,"minecraft:oak_slab":18,"minecraft:scaffolding":1,"minecraft:glass_pane":8,"minecraft:dandelion":20,"minecraft:clay":4,"minecraft:oak_fence":59,"minecraft:cornflower":3,"minecraft:crafting_table":9,"minecraft:torch":36,"minecraft:short_grass":180,"minecraft:blast_furnace":1,"minecraft:poppy":6,"minecraft:chest":14,"minecraft:dead_bush":2,"minecraft:nether_quartz_ore":3,"minecraft:copper_ore":4,"minecraft:tall_grass":18,"minecraft:cobblestone":184,"minecraft:oak_planks":80,"minecraft:lapis_ore":2,"minecraft:potted_oak_sapling":3,"minecraft:sugar_cane":19,"minecraft:diorite":142,"minecraft:wall_torch":15,"minecraft:deepslate_copper_ore":9,"minecraft:seagrass":5,"minecraft:birch_leaves":1,"minecraft:stripped_oak_wood":8,"minecraft:coal_ore":95,"minecraft:oak_log":254,"minecraft:gravel":17,"minecraft:dirt":1636,"minecraft:sand":99,"minecraft:terracotta":3,"minecraft:acacia_planks":5,"minecraft:stone_bricks":11,"minecraft:oak_leaves":19,"minecraft:deepslate":159},"minecraft:crafted":{"minecraft:brick":9,"minecraft:oak_planks":332,"minecraft:cobblestone_slab":6,"minecraft:furnace":1,"minecraft:stone":353,"minecraft:diamond_shovel":2,"minecraft:cooked_mutton":6,"minecraft:flint_and_steel":1,"minecraft:iron_axe":1,"minecraft:stone_pickaxe":1,"minecraft:stone_pressure_plate":5,"minecraft:stone_bricks":144,"minecraft:flower_pot":3,"minecraft:cooked_beef":12,"minecraft:emerald":39,"minecraft:diamond_axe":1,"minecraft:crafting_table":2,"minecraft:wooden_pickaxe":1,"minecraft:bucket":1,"minecraft:stone_axe":1,"minecraft:air":0,"minecraft:diamond_pickaxe":1,"minecraft:charcoal":19,"minecraft:stick":54,"minecraft:iron_ingot":10,"minecraft:wooden_axe":1,"minecraft:iron_shovel":1,"minecraft:torch":56,"minecraft:diorite_slab":6},"minecraft:dropped":{"minecraft:water_bucket":1,"minecraft:iron_ingot":3,"minecraft:porkchop":1,"minecraft:wheat_seeds":24,"minecraft:lapis_lazuli":68,"minecraft:oak_log":17,"minecraft:cobblestone":123,"minecraft:leather":7,"minecraft:granite":1,"minecraft:coal":64,"minecraft:yellow_carpet":3,"minecraft:cod":1,"minecraft:stick":42,"minecraft:dirt":1179,"minecraft:wooden_axe":1,"minecraft:sand":6,"minecraft:oak_stairs":2,"minecraft:gold_nugget":3,"minecraft:iron_pickaxe":1,"minecraft:string":233,"minecraft:white_wool":1,"minecraft:lapis_block":2,"minecraft:redstone":74,"minecraft:dandelion":11,"minecraft:bone":3,"minecraft:oak_door":2,"minecraft:gravel":16,"minecraft:furnace":1,"minecraft:stone_axe":2,"minecraft:obsidian":1,"minecraft:light_gray_wool":1,"minecraft:oak_planks":10,"minecraft:stripped_oak_log":1,"minecraft:azure_bluet":3,"minecraft:salmon":1,"minecraft:flint_and_steel":3,"minecraft:poppy":3,"minecraft:cobblestone_slab":1,"minecraft:potato":5,"minecraft:gunpowder":1,"minecraft:diamond_pickaxe":1,"minecraft:yellow_bed":1,"minecraft:chest":1,"minecraft:arrow":5,"minecraft:stone_pickaxe":2,"minecraft:wooden_pickaxe":3,"minecraft:scaffolding":3,"minecraft:terracotta":3},"minecraft:killed":{"minecraft:spider":1,"minecraft:skeleton":6,"minecraft:salmon":38,"minecraft:iron_golem":1,"minecraft:creeper":1,"minecraft:squid":1,"minecraft:sheep":1,"minecraft:zombie":9,"minecraft:cow":5},"minecraft:broken":{"minecraft:iron_shovel":1,"minecraft:diamond_shovel":3},"minecraft:killed_by":{"minecraft:player":1}},"DataVersion":3953}