{"stats":{"minecraft:picked_up":{"minecraft:crafting_table":11,"minecraft:iron_chestplate":3,"minecraft:azure_bluet":6,"minecraft:flower_pot":5,"minecraft:clay_ball":16,"minecraft:wooden_pickaxe":2,"minecraft:oak_stairs":198,"minecraft:lapis_block":2,"minecraft:cornflower":4,"minecraft:string":2281,"minecraft:oak_trapdoor":22,"minecraft:raw_copper":31,"minecraft:iron_axe":1,"minecraft:flint_and_steel":2,"minecraft:iron_leggings":3,"minecraft:gold_nugget":4,"minecraft:cobbled_deepslate":52,"minecraft:beef":15,"minecraft:cobblestone_slab":1,"minecraft:poppy":15,"minecraft:iron_pickaxe":3,"minecraft:light_gray_wool":1,"minecraft:sugar_cane":86,"minecraft:chest":14,"minecraft:furnace":3,"minecraft:iron_boots":3,"minecraft:egg":2,"minecraft:stick":52,"minecraft:stone":108,"minecraft:oak_door":5,"minecraft:oak_fence":55,"minecraft:torch":87,"minecraft:porkchop":3,"minecraft:diorite":130,"minecraft:stone_sword":1,"minecraft:arrow":10,"minecraft:stone_shovel":1,"minecraft:rotten_flesh":20,"minecraft:hay_block":10,"minecraft:obsidian":104,"minecraft:mutton":6,"minecraft:white_wool":12,"minecraft:cobblestone":830,"minecraft:oxeye_daisy":3,"minecraft:stripped_oak_log":18,"minecraft:golden_carrot":119,"minecraft:andesite":12,"minecraft:water_bucket":2,"minecraft:salmon":36,"minecraft:leather":8,"minecraft:potato":9,"minecraft:oak_log":249,"minecraft:golden_boots":1,"minecraft:yellow_bed":2,"minecraft:cobblestone_stairs":1,"minecraft:lapis_lazuli":14,"minecraft:dirt":4196,"minecraft:bone":12,"minecraft:acacia_planks":19,"minecraft:stone_bricks":10,"minecraft:bow":1,"minecraft:wheat_seeds":68,"minecraft:raw_gold":5,"minecraft:stone_pickaxe":3,"minecraft:iron_ingot":8,"minecraft:cooked_chicken":1,"minecraft:stripped_oak_wood":7,"minecraft:fletching_table":1,"minecraft:bamboo":268,"minecraft:iron_sword":1,"minecraft:oak_planks":142,"minecraft:scaffolding":4,"minecraft:oak_slab":24,"minecraft:quartz":2,"minecraft:dandelion":41,"minecraft:oak_pressure_plate":1,"minecraft:gravel":17,"minecraft:sand":93,"minecraft:ink_sac":5,"minecraft:white_bed":3,"minecraft:spider_eye":1,"minecraft:mossy_cobblestone":14,"minecraft:diamond_shovel":4,"minecraft:yellow_carpet":3,"minecraft:stone_axe":2,"minecraft:lever":1,"minecraft:iron_helmet":4,"minecraft:granite":60,"minecraft:diamond_axe":2,"minecraft:bone_meal":1,"minecraft:emerald":30,"minecraft:oak_sapling":4,"minecraft:coal":278,"minecraft:diamond_pickaxe":6},"minecraft:used":{"minecraft:oak_fence":14,"minecraft:iron_shovel":255,"minecraft:flint_and_steel":4,"minecraft:chest":11,"minecraft:stone":235,"minecraft:cooked_chicken":1,"minecraft:rotten_flesh":3,"minecraft:iron_chestplate":1,"minecraft:torch":135,"minecraft:dirt":3109,"minecraft:obsidian":88,"minecraft:wooden_axe":16,"minecraft:lava_bucket":2,"minecraft:iron_axe":78,"minecraft:oak_stairs":49,"minecraft:iron_helmet":1,"minecraft:iron_boots":1,"minecraft:stone_bricks":143,"minecraft:golden_carrot":8,"minecraft:beef":1,"minecraft:furnace":2,"minecraft:cooked_beef":16,"minecraft:cooked_mutton":6,"minecraft:water_bucket":3,"minecraft:diorite":4,"minecraft:stone_pickaxe":18,"minecraft:oak_planks":266,"minecraft:wooden_pickaxe":18,"minecraft:diamond_axe":584,"minecraft:crafting_table":5,"minecraft:oak_log":134,"minecraft:flower_pot":8,"minecraft:diamond_pickaxe":1228,"minecraft:apple":13,"minecraft:diamond_shovel":7377,"minecraft:string":3,"minecraft:stone_axe":34,"minecraft:cobblestone":17,"minecraft:porkchop":2,"minecraft:bucket":6},"minecraft:custom":{"minecraft:interact_with_smithing_table":1,"minecraft:mob_kills":64,"minecraft:animals_bred":3,"minecraft:interact_with_crafting_table":18,"minecraft:open_barrel":7,"minecraft:leave_game":6,"minecraft:time_since_death":16618,"minecraft:climb_one_cm":42799,"minecraft:sprint_one_cm":734270,"minecraft:walk_one_cm":1508690,"minecraft:drop":90,"minecraft:talked_to_villager":75,"minecraft:play_time":356195,"minecraft:sneak_time":52257,"minecraft:deaths":3,"minecraft:walk_under_water_one_cm":79765,"minecraft:jump":3796,"minecraft:interact_with_blast_furnace":17,"minecraft:walk_on_water_one_cm":56701,"minecraft:total_world_time":356195,"minecraft:interact_with_furnace":136,"minecraft:traded_with_villager":44,"minecraft:pot_flower":8,"minecraft:sleep_in_bed":8,"minecraft:time_since_rest":16643,"minecraft:damage_taken":3945,"minecraft:damage_dealt":6759,"minecraft:swim_one_cm":83899,"minecraft:fly_one_cm":856888,"minecraft:player_kills":5,"minecraft:open_chest":185,"minecraft:crouch_one_cm":245963,"minecraft:fall_one_cm":62766},"minecraft:mined":{"minecraft:oak_sapling":1,"minecraft:mossy_cobblestone":12,"minecraft:oak_door":4,"minecraft:cobblestone_stairs":1,"minecraft:obsidian":56,"minecraft:granite":45,"minecraft:grass_block":2084,"minecraft:yellow_carpet":3,"minecraft:oak_pressure_plate":1,"minecraft:oxeye_daisy":1,"minecraft:hay_block":10,"minecraft:tall_seagrass":1,"minecraft:oak_trapdoor":22,"minecraft:furnace":1,"minecraft:andesite":12,"minecraft:azure_bluet":3,"minecraft:potted_dandelion":2,"minecraft:dirt_path":1470,"minecraft:cobblestone_slab":1,"minecraft:oak_stairs":84,"minecraft:stripped_oak_log":18,"minecraft:bamboo":1,"minecraft:stone":590,"minecraft:white_wool":1,"minecraft:tripwire":25,"minecraft:oak_slab":18,"minecraft:scaffolding":1,"minecraft:glass_pane":8,"minecraft:dandelion":20,"minecraft:clay":4,"minecraft:oak_fence":59,"minecraft:cornflower":3,"minecraft:crafting_table":8,"minecraft:torch":35,"minecraft:short_grass":179,"minecraft:blast_furnace":1,"minecraft:poppy":6,"minecraft:chest":14,"minecraft:dead_bush":2,"minecraft:nether_quartz_ore":3,"minecraft:copper_ore":4,"minecraft:tall_grass":18,"minecraft:cobblestone":183,"minecraft:oak_planks":80,"minecraft:lapis_ore":2,"minecraft:potted_oak_sapling":3,"minecraft:sugar_cane":19,"minecraft:diorite":135,"minecraft:wall_torch":15,"minecraft:deepslate_copper_ore":9,"minecraft:seagrass":5,"minecraft:birch_leaves":1,"minecraft:stripped_oak_wood":8,"minecraft:oak_log":254,"minecraft:coal_ore":69,"minecraft:gravel":17,"minecraft:dirt":1635,"minecraft:sand":99,"minecraft:acacia_planks":5,"minecraft:stone_bricks":9,"minecraft:oak_leaves":19,"minecraft:deepslate":52},"minecraft:crafted":{"minecraft:brick":9,"minecraft:oak_planks":328,"minecraft:furnace":1,"minecraft:stone":353,"minecraft:diamond_shovel":2,"minecraft:cooked_mutton":6,"minecraft:flint_and_steel":1,"minecraft:iron_axe":1,"minecraft:stone_pickaxe":1,"minecraft:stone_pressure_plate":5,"minecraft:stone_bricks":144,"minecraft:flower_pot":3,"minecraft:cooked_beef":12,"minecraft:emerald":39,"minecraft:diamond_axe":1,"minecraft:crafting_table":1,"minecraft:wooden_pickaxe":1,"minecraft:bucket":1,"minecraft:stone_axe":1,"minecraft:air":0,"minecraft:diamond_pickaxe":1,"minecraft:charcoal":19,"minecraft:stick":54,"minecraft:iron_ingot":10,"minecraft:wooden_axe":1,"minecraft:iron_shovel":1,"minecraft:torch":56},"minecraft:dropped":{"minecraft:water_bucket":1,"minecraft:iron_ingot":3,"minecraft:porkchop":1,"minecraft:wheat_seeds":24,"minecraft:lapis_lazuli":68,"minecraft:oak_log":17,"minecraft:cobblestone":123,"minecraft:leather":7,"minecraft:granite":1,"minecraft:coal":64,"minecraft:yellow_carpet":3,"minecraft:dirt":1179,"minecraft:wooden_axe":1,"minecraft:oak_stairs":2,"minecraft:gold_nugget":3,"minecraft:iron_pickaxe":1,"minecraft:string":231,"minecraft:white_wool":1,"minecraft:lapis_block":2,"minecraft:redstone":74,"minecraft:dandelion":11,"minecraft:bone":3,"minecraft:oak_door":2,"minecraft:gravel":16,"minecraft:furnace":1,"minecraft:stone_axe":2,"minecraft:obsidian":1,"minecraft:light_gray_wool":1,"minecraft:oak_planks":10,"minecraft:stripped_oak_log":1,"minecraft:azure_bluet":3,"minecraft:salmon":1,"minecraft:flint_and_steel":3,"minecraft:poppy":3,"minecraft:cobblestone_slab":1,"minecraft:potato":5,"minecraft:diamond_pickaxe":1,"minecraft:yellow_bed":1,"minecraft:chest":1,"minecraft:arrow":5,"minecraft:stone_pickaxe":2,"minecraft:wooden_pickaxe":3,"minecraft:scaffolding":3},"minecraft:killed":{"minecraft:spider":1,"minecraft:skeleton":6,"minecraft:salmon":38,"minecraft:iron_golem":1,"minecraft:squid":1,"minecraft:sheep":1,"minecraft:zombie":9,"minecraft:cow":5},"minecraft:broken":{"minecraft:iron_shovel":1,"minecraft:diamond_shovel":3}},"DataVersion":3953}