{"stats":{"minecraft:killed_by":{"minecraft:player":2},"minecraft:used":{"minecraft:diamond_boots":1,"minecraft:baked_potato":15,"minecraft:oak_planks":4,"minecraft:shield":2,"minecraft:chainmail_helmet":1,"minecraft:iron_chestplate":4,"minecraft:crafting_table":2,"minecraft:iron_axe":69,"minecraft:iron_pickaxe":50,"minecraft:iron_helmet":1,"minecraft:iron_boots":1,"minecraft:golden_leggings":1,"minecraft:stone_axe":10,"minecraft:cobblestone":6,"minecraft:beef":5,"minecraft:chainmail_boots":1,"minecraft:porkchop":1,"minecraft:oak_boat":1,"minecraft:iron_leggings":2,"minecraft:splash_potion":1},"minecraft:dropped":{"minecraft:wheat_seeds":2,"minecraft:rotten_flesh":1,"minecraft:chainmail_helmet":1,"minecraft:potato":2,"minecraft:iron_chestplate":1,"minecraft:oak_sapling":1},"minecraft:crafted":{"minecraft:oak_planks":28,"minecraft:crafting_table":1,"minecraft:baked_potato":24,"minecraft:iron_helmet":1,"minecraft:oak_boat":1,"minecraft:iron_boots":1,"minecraft:shield":1,"minecraft:iron_axe":2,"minecraft:stick":8,"minecraft:iron_pickaxe":1,"minecraft:iron_leggings":2},"minecraft:killed":{"minecraft:pig":14,"minecraft:sheep":2,"minecraft:skeleton":2,"minecraft:zombie":1,"minecraft:chicken":1,"minecraft:cow":6},"minecraft:mined":{"minecraft:oak_sapling":1,"minecraft:short_grass":165,"minecraft:poppy":1,"minecraft:tall_grass":1,"minecraft:cobblestone":6,"minecraft:birch_leaves":1,"minecraft:coal_ore":28,"minecraft:oak_log":7,"minecraft:vine":1,"minecraft:stone":16,"minecraft:oak_leaves":2,"minecraft:fern":26},"minecraft:custom":{"minecraft:interact_with_furnace":6,"minecraft:mob_kills":28,"minecraft:interact_with_crafting_table":10,"minecraft:open_barrel":4,"minecraft:leave_game":5,"minecraft:time_since_death":31866,"minecraft:sleep_in_bed":1,"minecraft:climb_one_cm":1109,"minecraft:time_since_rest":31900,"minecraft:sprint_one_cm":216433,"minecraft:walk_one_cm":86039,"minecraft:damage_taken":1056,"minecraft:damage_blocked_by_shield":150,"minecraft:drop":8,"minecraft:damage_dealt":3824,"minecraft:talked_to_villager":5,"minecraft:swim_one_cm":56113,"minecraft:fly_one_cm":205378,"minecraft:player_kills":1,"minecraft:open_chest":52,"minecraft:crouch_one_cm":7256,"minecraft:play_time":43452,"minecraft:deaths":2,"minecraft:sneak_time":1793,"minecraft:walk_under_water_one_cm":5617,"minecraft:boat_one_cm":46002,"minecraft:jump":1023,"minecraft:walk_on_water_one_cm":4854,"minecraft:total_world_time":43452,"minecraft:fall_one_cm":35900},"minecraft:picked_up":{"minecraft:iron_chestplate":4,"minecraft:crafting_table":1,"minecraft:feather":2,"minecraft:chicken":1,"minecraft:leather":7,"minecraft:potato":46,"minecraft:oak_log":7,"minecraft:shield":1,"minecraft:iron_axe":1,"minecraft:iron_leggings":2,"minecraft:bone":2,"minecraft:acacia_planks":18,"minecraft:wheat_seeds":23,"minecraft:iron_ingot":88,"minecraft:beef":11,"minecraft:poppy":1,"minecraft:iron_pickaxe":3,"minecraft:iron_boots":2,"minecraft:stick":8,"minecraft:porkchop":32,"minecraft:arrow":4,"minecraft:rotten_flesh":1,"minecraft:diamond_boots":1,"minecraft:iron_helmet":2,"minecraft:chainmail_helmet":1,"minecraft:baked_potato":1,"minecraft:oak_sapling":2,"minecraft:coal":28,"minecraft:mutton":3,"minecraft:white_wool":2,"minecraft:cobblestone":22}},"DataVersion":3953}