{"stats":{"minecraft:picked_up":{"minecraft:iron_chestplate":5,"minecraft:flower_pot":5,"minecraft:oak_stairs":198,"minecraft:golden_sword":2,"minecraft:lapis_block":2,"minecraft:string":2935,"minecraft:raw_copper":113,"minecraft:iron_leggings":5,"minecraft:red_sand":11,"minecraft:gold_nugget":6,"minecraft:cobbled_deepslate":183,"minecraft:bucket":3,"minecraft:redstone_torch":1,"minecraft:cobblestone_slab":7,"minecraft:iron_pickaxe":3,"minecraft:furnace":3,"minecraft:iron_boots":5,"minecraft:stick":94,"minecraft:oak_fence":55,"minecraft:torch":120,"minecraft:porkchop":3,"minecraft:diorite":159,"minecraft:stone_sword":1,"minecraft:cactus":1,"minecraft:rotten_flesh":21,"minecraft:armadillo_scute":1,"minecraft:obsidian":104,"minecraft:cod":5,"minecraft:cobblestone":1507,"minecraft:birch_log":313,"minecraft:water_bucket":5,"minecraft:andesite":80,"minecraft:potato":9,"minecraft:flint":4,"minecraft:lapis_lazuli":20,"minecraft:dirt":4409,"minecraft:bone":12,"minecraft:acacia_planks":19,"minecraft:bow":4,"minecraft:wheat_seeds":69,"minecraft:raw_gold":5,"minecraft:bell":1,"minecraft:fletching_table":1,"minecraft:bamboo":268,"minecraft:oak_planks":672,"minecraft:oak_pressure_plate":1,"minecraft:sand":118,"minecraft:ink_sac":5,"minecraft:red_terracotta":61,"minecraft:mossy_cobblestone":14,"minecraft:yellow_carpet":3,"minecraft:diamond":48,"minecraft:deepslate":5,"minecraft:lever":1,"minecraft:granite":100,"minecraft:bone_meal":1,"minecraft:bread":76,"minecraft:emerald":30,"minecraft:oak_sapling":46,"minecraft:diamond_pickaxe":9,"minecraft:crafting_table":16,"minecraft:azure_bluet":6,"minecraft:ladder":1,"minecraft:clay_ball":16,"minecraft:wooden_pickaxe":2,"minecraft:diorite_slab":4,"minecraft:shield":1,"minecraft:cornflower":4,"minecraft:oak_trapdoor":22,"minecraft:iron_axe":1,"minecraft:flint_and_steel":2,"minecraft:beef":15,"minecraft:oak_boat":1,"minecraft:poppy":15,"minecraft:chest":18,"minecraft:light_gray_wool":1,"minecraft:sugar_cane":86,"minecraft:egg":2,"minecraft:raw_iron":16,"minecraft:sandstone":7293,"minecraft:stone":108,"minecraft:oak_door":5,"minecraft:redstone":104,"minecraft:arrow":12,"minecraft:stone_shovel":1,"minecraft:diamond_boots":1,"minecraft:hay_block":10,"minecraft:mutton":7,"minecraft:white_wool":14,"minecraft:oxeye_daisy":3,"minecraft:stripped_oak_log":20,"minecraft:golden_carrot":257,"minecraft:salmon":36,"minecraft:leather":8,"minecraft:oak_log":1350,"minecraft:golden_boots":1,"minecraft:yellow_bed":2,"minecraft:gunpowder":1,"minecraft:cobblestone_stairs":1,"minecraft:orange_terracotta":13,"minecraft:cooked_mutton":55,"minecraft:stone_bricks":13,"minecraft:stone_pickaxe":3,"minecraft:iron_ingot":10,"minecraft:cooked_chicken":1,"minecraft:stripped_oak_wood":7,"minecraft:iron_sword":1,"minecraft:scaffolding":4,"minecraft:oak_slab":24,"minecraft:milk_bucket":3,"minecraft:quartz":2,"minecraft:dandelion":41,"minecraft:gravel":29,"minecraft:white_bed":4,"minecraft:spider_eye":2,"minecraft:diamond_shovel":6,"minecraft:stone_axe":2,"minecraft:iron_helmet":6,"minecraft:diamond_axe":5,"minecraft:terracotta":7,"minecraft:coal":386},"minecraft:used":{"minecraft:red_sand":4,"minecraft:iron_shovel":255,"minecraft:chest":23,"minecraft:stone":271,"minecraft:rotten_flesh":3,"minecraft:iron_chestplate":2,"minecraft:obsidian":88,"minecraft:milk_bucket":3,"minecraft:lava_bucket":2,"minecraft:iron_helmet":1,"minecraft:stone_bricks":291,"minecraft:bow":143,"minecraft:furnace":2,"minecraft:diorite":17,"minecraft:stone_pickaxe":18,"minecraft:oak_planks":475,"minecraft:wooden_pickaxe":18,"minecraft:diamond_axe":802,"minecraft:string":5,"minecraft:deepslate":5,"minecraft:diamond_sword":36,"minecraft:oak_boat":2,"minecraft:diorite_slab":4,"minecraft:oak_fence":14,"minecraft:flint_and_steel":4,"minecraft:redstone":4,"minecraft:cooked_chicken":1,"minecraft:torch":165,"minecraft:dirt":3141,"minecraft:granite":15,"minecraft:wooden_axe":16,"minecraft:iron_axe":78,"minecraft:oak_stairs":49,"minecraft:iron_boots":2,"minecraft:golden_carrot":37,"minecraft:beef":1,"minecraft:cooked_beef":16,"minecraft:cobbled_deepslate":91,"minecraft:orange_terracotta":13,"minecraft:iron_leggings":1,"minecraft:cooked_mutton":6,"minecraft:water_bucket":28,"minecraft:cobblestone_slab":6,"minecraft:terracotta":2,"minecraft:crafting_table":10,"minecraft:oak_log":206,"minecraft:flower_pot":8,"minecraft:diamond_pickaxe":6416,"minecraft:apple":13,"minecraft:diamond_shovel":7683,"minecraft:stone_axe":34,"minecraft:cobblestone":19,"minecraft:porkchop":2,"minecraft:bucket":30},"minecraft:custom":{"minecraft:animals_bred":3,"minecraft:interact_with_crafting_table":27,"minecraft:open_barrel":14,"minecraft:leave_game":16,"minecraft:time_since_death":138646,"minecraft:sprint_one_cm":1171498,"minecraft:drop":135,"minecraft:talked_to_villager":164,"minecraft:play_time":537792,"minecraft:deaths":5,"minecraft:jump":7034,"minecraft:walk_on_water_one_cm":88227,"minecraft:enchant_item":1,"minecraft:interact_with_furnace":152,"minecraft:traded_with_villager":247,"minecraft:sleep_in_bed":12,"minecraft:damage_dealt":8932,"minecraft:player_kills":12,"minecraft:crouch_one_cm":283241,"minecraft:interact_with_smithing_table":1,"minecraft:mob_kills":67,"minecraft:interact_with_anvil":5,"minecraft:inspect_hopper":4,"minecraft:climb_one_cm":55815,"minecraft:walk_one_cm":2027509,"minecraft:sneak_time":62361,"minecraft:walk_under_water_one_cm":111790,"minecraft:boat_one_cm":35593,"minecraft:interact_with_blast_furnace":17,"minecraft:total_world_time":537792,"minecraft:pot_flower":9,"minecraft:interact_with_grindstone":2,"minecraft:interact_with_stonecutter":3,"minecraft:time_since_rest":89826,"minecraft:damage_taken":5561,"minecraft:swim_one_cm":131933,"minecraft:fly_one_cm":1715651,"minecraft:open_chest":345,"minecraft:fall_one_cm":114742},"minecraft:mined":{"minecraft:oak_sapling":1,"minecraft:cobblestone_stairs":1,"minecraft:obsidian":56,"minecraft:granite":61,"minecraft:red_sand":22,"minecraft:grass_block":2089,"minecraft:yellow_carpet":3,"minecraft:oak_pressure_plate":1,"minecraft:oxeye_daisy":1,"minecraft:tall_seagrass":2,"minecraft:cobbled_deepslate":15,"minecraft:deepslate_lapis_ore":1,"minecraft:azure_bluet":3,"minecraft:potted_dandelion":2,"minecraft:dirt_path":1472,"minecraft:oak_stairs":84,"minecraft:tripwire":140,"minecraft:deepslate_redstone_ore":10,"minecraft:orange_terracotta":13,"minecraft:clay":4,"minecraft:torch":37,"minecraft:blast_furnace":1,"minecraft:poppy":6,"minecraft:chest":18,"minecraft:dead_bush":3,"minecraft:nether_quartz_ore":3,"minecraft:cobblestone":184,"minecraft:sugar_cane":19,"minecraft:potted_oak_sapling":3,"minecraft:oak_planks":219,"minecraft:wall_torch":17,"minecraft:deepslate_copper_ore":9,"minecraft:seagrass":5,"minecraft:stripped_oak_wood":8,"minecraft:oak_log":299,"minecraft:sand":154,"minecraft:dirt":1853,"minecraft:oak_leaves":24,"minecraft:deepslate":159,"minecraft:crying_obsidian":1,"minecraft:mossy_cobblestone":12,"minecraft:deepslate_diamond_ore":8,"minecraft:oak_door":4,"minecraft:redstone_wire":1,"minecraft:sandstone":4225,"minecraft:hay_block":10,"minecraft:diorite_slab":4,"minecraft:oak_trapdoor":22,"minecraft:furnace":1,"minecraft:andesite":80,"minecraft:deepslate_iron_ore":6,"minecraft:shroomlight":1,"minecraft:cobblestone_slab":4,"minecraft:stripped_oak_log":20,"minecraft:bamboo":1,"minecraft:stone":1220,"minecraft:white_wool":1,"minecraft:redstone_wall_torch":2,"minecraft:oak_slab":18,"minecraft:scaffolding":1,"minecraft:glass_pane":8,"minecraft:dandelion":20,"minecraft:oak_fence":59,"minecraft:crafting_table":12,"minecraft:cornflower":3,"minecraft:short_grass":184,"minecraft:tall_grass":19,"minecraft:copper_ore":10,"minecraft:lapis_ore":2,"minecraft:diorite":142,"minecraft:birch_leaves":2,"minecraft:coal_ore":115,"minecraft:gravel":32,"minecraft:terracotta":7,"minecraft:acacia_planks":5,"minecraft:stone_bricks":13},"minecraft:crafted":{"minecraft:brick":9,"minecraft:oak_planks":340,"minecraft:cobblestone_slab":6,"minecraft:stone":523,"minecraft:diamond_shovel":2,"minecraft:cooked_mutton":6,"minecraft:diamond_helmet":1,"minecraft:diamond_leggings":1,"minecraft:bow":2,"minecraft:stone_pressure_plate":5,"minecraft:tipped_arrow":60,"minecraft:chest":2,"minecraft:stone_bricks":276,"minecraft:flower_pot":3,"minecraft:emerald":200,"minecraft:arrow":384,"minecraft:diamond_axe":1,"minecraft:crafting_table":4,"minecraft:wooden_pickaxe":1,"minecraft:charcoal":19,"minecraft:diamond_pickaxe":1,"minecraft:stick":54,"minecraft:iron_ingot":10,"minecraft:furnace":1,"minecraft:flint_and_steel":1,"minecraft:iron_axe":1,"minecraft:stone_pickaxe":1,"minecraft:cooked_beef":12,"minecraft:diamond_sword":1,"minecraft:bucket":1,"minecraft:stone_axe":1,"minecraft:air":0,"minecraft:oak_boat":2,"minecraft:wooden_axe":1,"minecraft:iron_shovel":1,"minecraft:diorite_slab":6,"minecraft:torch":88,"minecraft:diamond_chestplate":1},"minecraft:dropped":{"minecraft:porkchop":1,"minecraft:diamond_axe":1,"minecraft:lapis_lazuli":68,"minecraft:oak_log":17,"minecraft:leather":7,"minecraft:cod":3,"minecraft:emerald":7,"minecraft:flint":4,"minecraft:dirt":1179,"minecraft:gold_nugget":5,"minecraft:sand":25,"minecraft:iron_pickaxe":1,"minecraft:birch_log":19,"minecraft:white_wool":1,"minecraft:bone":3,"minecraft:oak_door":2,"minecraft:gravel":24,"minecraft:stone_axe":2,"minecraft:obsidian":1,"minecraft:oak_planks":10,"minecraft:azure_bluet":3,"minecraft:white_bed":1,"minecraft:salmon":1,"minecraft:poppy":3,"minecraft:gunpowder":1,"minecraft:chest":1,"minecraft:arrow":8,"minecraft:scaffolding":3,"minecraft:water_bucket":2,"minecraft:iron_ingot":3,"minecraft:bread":76,"minecraft:wheat_seeds":24,"minecraft:cobblestone":150,"minecraft:granite":1,"minecraft:yellow_carpet":3,"minecraft:coal":64,"minecraft:stick":56,"minecraft:wooden_axe":1,"minecraft:oak_stairs":2,"minecraft:armadillo_scute":1,"minecraft:cactus":1,"minecraft:string":601,"minecraft:lapis_block":2,"minecraft:dandelion":11,"minecraft:redstone":74,"minecraft:furnace":1,"minecraft:light_gray_wool":1,"minecraft:stripped_oak_log":1,"minecraft:red_terracotta":61,"minecraft:flint_and_steel":3,"minecraft:cobblestone_slab":1,"minecraft:potato":5,"minecraft:diamond_pickaxe":1,"minecraft:yellow_bed":1,"minecraft:oak_boat":1,"minecraft:oak_sapling":42,"minecraft:golden_sword":2,"minecraft:spider_eye":1,"minecraft:red_sand":4,"minecraft:stone_pickaxe":2,"minecraft:wooden_pickaxe":3,"minecraft:terracotta":5},"minecraft:killed":{"minecraft:spider":2,"minecraft:skeleton":6,"minecraft:salmon":38,"minecraft:iron_golem":1,"minecraft:creeper":1,"minecraft:sheep":1,"minecraft:zombie":10,"minecraft:cow":5,"minecraft:squid":1},"minecraft:broken":{"minecraft:iron_shovel":1,"minecraft:diamond_shovel":3},"minecraft:killed_by":{"minecraft:player":1}},"DataVersion":3953}