{"stats":{"minecraft:killed_by":{"minecraft:player":2},"minecraft:used":{"minecraft:diamond_boots":1,"minecraft:baked_potato":18,"minecraft:oak_planks":4,"minecraft:shield":2,"minecraft:iron_sword":9,"minecraft:chainmail_helmet":1,"minecraft:iron_chestplate":4,"minecraft:dirt":14,"minecraft:tnt":1,"minecraft:crafting_table":5,"minecraft:iron_axe":106,"minecraft:iron_pickaxe":77,"minecraft:iron_helmet":1,"minecraft:iron_boots":1,"minecraft:golden_leggings":1,"minecraft:light_gray_wool":1,"minecraft:stone_axe":10,"minecraft:cobblestone":25,"minecraft:beef":5,"minecraft:cooked_porkchop":5,"minecraft:chainmail_boots":1,"minecraft:porkchop":1,"minecraft:yellow_bed":1,"minecraft:oak_boat":13,"minecraft:iron_leggings":2,"minecraft:splash_potion":1},"minecraft:crafted":{"minecraft:oak_planks":28,"minecraft:cooked_porkchop":31,"minecraft:crafting_table":2,"minecraft:spruce_planks":4,"minecraft:baked_potato":24,"minecraft:iron_helmet":1,"minecraft:oak_boat":4,"minecraft:iron_boots":1,"minecraft:shield":1,"minecraft:iron_axe":2,"minecraft:stick":8,"minecraft:iron_pickaxe":1,"minecraft:iron_leggings":2},"minecraft:dropped":{"minecraft:gravel":3,"minecraft:iron_ingot":8,"minecraft:iron_sword":1,"minecraft:wheat_seeds":2,"minecraft:crafting_table":1,"minecraft:cooked_porkchop":28,"minecraft:experience_bottle":1,"minecraft:cobblestone":6,"minecraft:rotten_flesh":1,"minecraft:book":15,"minecraft:oak_planks":10,"minecraft:chainmail_helmet":1,"minecraft:coal":24,"minecraft:filled_map":1,"minecraft:poppy":1,"minecraft:potato":2,"minecraft:iron_chestplate":1,"minecraft:yellow_bed":1,"minecraft:cooked_cod":7,"minecraft:oak_sapling":1,"minecraft:potion":1,"minecraft:sandstone":2,"minecraft:heart_of_the_sea":1,"minecraft:iron_pickaxe":1,"minecraft:gold_ingot":12,"minecraft:lectern":1},"minecraft:killed":{"minecraft:pig":14,"minecraft:spider":1,"minecraft:sheep":2,"minecraft:skeleton":5,"minecraft:zombie":1,"minecraft:chicken":1,"minecraft:cow":6},"minecraft:mined":{"minecraft:oak_sapling":1,"minecraft:smoker":1,"minecraft:crafting_table":3,"minecraft:short_grass":166,"minecraft:grass_block":3,"minecraft:poppy":1,"minecraft:lectern":2,"minecraft:tall_grass":1,"minecraft:cobblestone":6,"minecraft:sandstone":2,"minecraft:ice":11,"minecraft:spruce_log":1,"minecraft:birch_leaves":1,"minecraft:light_gray_wool":1,"minecraft:gold_block":1,"minecraft:yellow_bed":2,"minecraft:bookshelf":15,"minecraft:coal_ore":28,"minecraft:oak_log":7,"minecraft:vine":1,"minecraft:dirt":1,"minecraft:packed_ice":3,"minecraft:gravel":3,"minecraft:sand":15,"minecraft:stone":25,"minecraft:oak_leaves":3,"minecraft:fern":26},"minecraft:custom":{"minecraft:interact_with_furnace":6,"minecraft:mob_kills":32,"minecraft:interact_with_crafting_table":13,"minecraft:open_barrel":4,"minecraft:leave_game":6,"minecraft:time_since_death":72175,"minecraft:sleep_in_bed":3,"minecraft:climb_one_cm":1109,"minecraft:time_since_rest":7894,"minecraft:sprint_one_cm":367217,"minecraft:walk_one_cm":125434,"minecraft:damage_taken":1296,"minecraft:damage_blocked_by_shield":150,"minecraft:drop":28,"minecraft:damage_dealt":4760,"minecraft:talked_to_villager":6,"minecraft:swim_one_cm":70522,"minecraft:fly_one_cm":516738,"minecraft:player_kills":1,"minecraft:open_chest":59,"minecraft:crouch_one_cm":9246,"minecraft:play_time":83761,"minecraft:deaths":2,"minecraft:sneak_time":2370,"minecraft:walk_under_water_one_cm":10410,"minecraft:boat_one_cm":487654,"minecraft:jump":2019,"minecraft:walk_on_water_one_cm":14413,"minecraft:interact_with_smoker":3,"minecraft:total_world_time":83761,"minecraft:fall_one_cm":58534},"minecraft:picked_up":{"minecraft:iron_chestplate":4,"minecraft:crafting_table":5,"minecraft:feather":2,"minecraft:chicken":1,"minecraft:leather":7,"minecraft:smoker":1,"minecraft:potato":46,"minecraft:gold_block":1,"minecraft:potion":1,"minecraft:oak_log":7,"minecraft:yellow_bed":3,"minecraft:shield":1,"minecraft:dirt":16,"minecraft:iron_axe":1,"minecraft:iron_leggings":2,"minecraft:experience_bottle":1,"minecraft:bone":7,"minecraft:acacia_planks":18,"minecraft:wheat_seeds":26,"minecraft:heart_of_the_sea":1,"minecraft:iron_ingot":96,"minecraft:beef":11,"minecraft:oak_boat":10,"minecraft:poppy":1,"minecraft:iron_pickaxe":4,"minecraft:light_gray_wool":1,"minecraft:lectern":3,"minecraft:oak_planks":10,"minecraft:iron_sword":1,"minecraft:iron_boots":2,"minecraft:book":60,"minecraft:stick":8,"minecraft:sandstone":4,"minecraft:cooked_porkchop":28,"minecraft:gravel":6,"minecraft:sand":13,"minecraft:porkchop":32,"minecraft:spruce_log":1,"minecraft:cooked_cod":7,"minecraft:arrow":6,"minecraft:rotten_flesh":1,"minecraft:diamond_boots":1,"minecraft:iron_helmet":2,"minecraft:gold_ingot":12,"minecraft:chainmail_helmet":1,"minecraft:baked_potato":1,"minecraft:oak_sapling":2,"minecraft:coal":76,"minecraft:mutton":3,"minecraft:white_wool":2,"minecraft:cobblestone":37}},"DataVersion":3953}