{"stats":{"minecraft:killed_by":{"minecraft:player":2},"minecraft:used":{"minecraft:diamond_boots":1,"minecraft:baked_potato":12,"minecraft:oak_planks":4,"minecraft:shield":2,"minecraft:chainmail_helmet":1,"minecraft:iron_chestplate":4,"minecraft:crafting_table":1,"minecraft:iron_axe":38,"minecraft:iron_pickaxe":6,"minecraft:iron_helmet":1,"minecraft:iron_boots":1,"minecraft:golden_leggings":1,"minecraft:stone_axe":10,"minecraft:cobblestone":6,"minecraft:beef":4,"minecraft:chainmail_boots":1,"minecraft:iron_leggings":2,"minecraft:splash_potion":1},"minecraft:dropped":{"minecraft:wheat_seeds":2,"minecraft:rotten_flesh":1,"minecraft:chainmail_helmet":1,"minecraft:potato":2,"minecraft:iron_chestplate":1,"minecraft:oak_sapling":1},"minecraft:crafted":{"minecraft:oak_planks":4,"minecraft:baked_potato":24,"minecraft:iron_helmet":1,"minecraft:iron_boots":1,"minecraft:shield":1,"minecraft:iron_axe":2,"minecraft:stick":8,"minecraft:iron_pickaxe":1,"minecraft:iron_leggings":2},"minecraft:killed":{"minecraft:skeleton":2,"minecraft:zombie":1,"minecraft:chicken":1,"minecraft:cow":4},"minecraft:mined":{"minecraft:oak_sapling":1,"minecraft:short_grass":164,"minecraft:poppy":1,"minecraft:cobblestone":6,"minecraft:birch_leaves":1,"minecraft:oak_log":1,"minecraft:vine":1,"minecraft:oak_leaves":2,"minecraft:fern":26},"minecraft:custom":{"minecraft:interact_with_furnace":6,"minecraft:mob_kills":10,"minecraft:interact_with_crafting_table":9,"minecraft:open_barrel":4,"minecraft:leave_game":5,"minecraft:time_since_death":19866,"minecraft:sleep_in_bed":1,"minecraft:climb_one_cm":1109,"minecraft:time_since_rest":19900,"minecraft:sprint_one_cm":167392,"minecraft:walk_one_cm":77842,"minecraft:damage_taken":976,"minecraft:damage_blocked_by_shield":150,"minecraft:drop":8,"minecraft:damage_dealt":2064,"minecraft:talked_to_villager":5,"minecraft:swim_one_cm":769,"minecraft:fly_one_cm":137087,"minecraft:player_kills":1,"minecraft:open_chest":47,"minecraft:crouch_one_cm":3477,"minecraft:play_time":31452,"minecraft:deaths":2,"minecraft:sneak_time":745,"minecraft:walk_under_water_one_cm":213,"minecraft:jump":716,"minecraft:walk_on_water_one_cm":615,"minecraft:total_world_time":31452,"minecraft:fall_one_cm":28326},"minecraft:picked_up":{"minecraft:iron_chestplate":4,"minecraft:crafting_table":1,"minecraft:feather":2,"minecraft:chicken":1,"minecraft:leather":6,"minecraft:potato":46,"minecraft:oak_log":1,"minecraft:shield":1,"minecraft:iron_axe":1,"minecraft:iron_leggings":2,"minecraft:bone":2,"minecraft:acacia_planks":18,"minecraft:wheat_seeds":23,"minecraft:iron_ingot":88,"minecraft:beef":5,"minecraft:poppy":1,"minecraft:iron_pickaxe":3,"minecraft:iron_boots":2,"minecraft:stick":8,"minecraft:arrow":4,"minecraft:rotten_flesh":1,"minecraft:diamond_boots":1,"minecraft:iron_helmet":2,"minecraft:chainmail_helmet":1,"minecraft:baked_potato":1,"minecraft:oak_sapling":2,"minecraft:cobblestone":6}},"DataVersion":3953}