{"stats":{"minecraft:picked_up":{"minecraft:crafting_table":11,"minecraft:iron_chestplate":1,"minecraft:azure_bluet":4,"minecraft:clay_ball":16,"minecraft:flower_pot":5,"minecraft:wooden_pickaxe":2,"minecraft:oak_stairs":198,"minecraft:cornflower":4,"minecraft:oak_trapdoor":14,"minecraft:string":2211,"minecraft:raw_copper":31,"minecraft:iron_axe":1,"minecraft:flint_and_steel":2,"minecraft:iron_leggings":1,"minecraft:gold_nugget":2,"minecraft:cobbled_deepslate":52,"minecraft:beef":15,"minecraft:poppy":14,"minecraft:iron_pickaxe":3,"minecraft:light_gray_wool":1,"minecraft:sugar_cane":86,"minecraft:chest":14,"minecraft:furnace":3,"minecraft:iron_boots":1,"minecraft:egg":2,"minecraft:stick":52,"minecraft:stone":12,"minecraft:oak_door":5,"minecraft:oak_fence":28,"minecraft:torch":46,"minecraft:porkchop":3,"minecraft:diorite":130,"minecraft:arrow":5,"minecraft:stone_sword":1,"minecraft:rotten_flesh":7,"minecraft:stone_shovel":1,"minecraft:hay_block":10,"minecraft:obsidian":104,"minecraft:mutton":6,"minecraft:white_wool":12,"minecraft:cobblestone":705,"minecraft:oxeye_daisy":2,"minecraft:stripped_oak_log":18,"minecraft:salmon":1,"minecraft:andesite":12,"minecraft:leather":8,"minecraft:potato":5,"minecraft:oak_log":240,"minecraft:golden_boots":1,"minecraft:yellow_bed":2,"minecraft:cobblestone_stairs":1,"minecraft:lapis_lazuli":14,"minecraft:dirt":1859,"minecraft:bone":9,"minecraft:acacia_planks":19,"minecraft:stone_bricks":10,"minecraft:bow":1,"minecraft:wheat_seeds":29,"minecraft:raw_gold":5,"minecraft:stone_pickaxe":3,"minecraft:iron_ingot":8,"minecraft:cooked_chicken":1,"minecraft:stripped_oak_wood":2,"minecraft:fletching_table":1,"minecraft:iron_sword":1,"minecraft:oak_planks":135,"minecraft:scaffolding":4,"minecraft:oak_slab":24,"minecraft:dandelion":30,"minecraft:oak_pressure_plate":1,"minecraft:gravel":1,"minecraft:sand":16,"minecraft:white_bed":3,"minecraft:spider_eye":1,"minecraft:mossy_cobblestone":14,"minecraft:diamond_shovel":1,"minecraft:yellow_carpet":3,"minecraft:stone_axe":2,"minecraft:lever":1,"minecraft:iron_helmet":2,"minecraft:granite":60,"minecraft:emerald":30,"minecraft:oak_sapling":3,"minecraft:coal":16,"minecraft:diamond_pickaxe":2},"minecraft:used":{"minecraft:flint_and_steel":4,"minecraft:chest":11,"minecraft:stone":235,"minecraft:cooked_chicken":1,"minecraft:torch":44,"minecraft:dirt":1921,"minecraft:obsidian":88,"minecraft:wooden_axe":16,"minecraft:lava_bucket":2,"minecraft:iron_axe":78,"minecraft:oak_stairs":49,"minecraft:stone_bricks":143,"minecraft:beef":1,"minecraft:furnace":2,"minecraft:cooked_beef":13,"minecraft:cooked_mutton":4,"minecraft:water_bucket":3,"minecraft:diorite":4,"minecraft:stone_pickaxe":18,"minecraft:oak_planks":258,"minecraft:wooden_pickaxe":18,"minecraft:diamond_axe":469,"minecraft:crafting_table":5,"minecraft:oak_log":134,"minecraft:flower_pot":8,"minecraft:diamond_pickaxe":982,"minecraft:apple":6,"minecraft:diamond_shovel":3390,"minecraft:string":3,"minecraft:stone_axe":34,"minecraft:cobblestone":9,"minecraft:porkchop":2,"minecraft:bucket":5},"minecraft:custom":{"minecraft:interact_with_smithing_table":1,"minecraft:mob_kills":17,"minecraft:interact_with_crafting_table":14,"minecraft:open_barrel":6,"minecraft:leave_game":4,"minecraft:time_since_death":225187,"minecraft:climb_one_cm":806,"minecraft:sprint_one_cm":391416,"minecraft:walk_one_cm":1060820,"minecraft:drop":52,"minecraft:talked_to_villager":71,"minecraft:play_time":246727,"minecraft:deaths":1,"minecraft:sneak_time":36763,"minecraft:walk_under_water_one_cm":36349,"minecraft:jump":2217,"minecraft:interact_with_blast_furnace":4,"minecraft:walk_on_water_one_cm":40960,"minecraft:total_world_time":246727,"minecraft:interact_with_furnace":125,"minecraft:traded_with_villager":44,"minecraft:pot_flower":8,"minecraft:sleep_in_bed":7,"minecraft:time_since_rest":11716,"minecraft:damage_taken":1192,"minecraft:damage_dealt":3548,"minecraft:swim_one_cm":24540,"minecraft:fly_one_cm":448994,"minecraft:player_kills":5,"minecraft:open_chest":164,"minecraft:crouch_one_cm":159402,"minecraft:fall_one_cm":26348},"minecraft:mined":{"minecraft:mossy_cobblestone":12,"minecraft:oak_door":4,"minecraft:cobblestone_stairs":1,"minecraft:obsidian":56,"minecraft:granite":45,"minecraft:grass_block":343,"minecraft:yellow_carpet":3,"minecraft:oak_pressure_plate":1,"minecraft:oxeye_daisy":1,"minecraft:hay_block":10,"minecraft:oak_trapdoor":14,"minecraft:furnace":1,"minecraft:andesite":12,"minecraft:azure_bluet":2,"minecraft:potted_dandelion":2,"minecraft:dirt_path":941,"minecraft:oak_stairs":84,"minecraft:stripped_oak_log":18,"minecraft:stone":416,"minecraft:tripwire":1,"minecraft:oak_slab":18,"minecraft:scaffolding":1,"minecraft:glass_pane":8,"minecraft:dandelion":19,"minecraft:oak_fence":31,"minecraft:clay":4,"minecraft:crafting_table":8,"minecraft:cornflower":3,"minecraft:torch":22,"minecraft:short_grass":118,"minecraft:poppy":6,"minecraft:chest":14,"minecraft:dead_bush":2,"minecraft:tall_grass":7,"minecraft:copper_ore":1,"minecraft:cobblestone":181,"minecraft:lapis_ore":2,"minecraft:potted_oak_sapling":3,"minecraft:sugar_cane":19,"minecraft:oak_planks":74,"minecraft:diorite":135,"minecraft:wall_torch":10,"minecraft:deepslate_copper_ore":9,"minecraft:seagrass":5,"minecraft:stripped_oak_wood":3,"minecraft:oak_log":254,"minecraft:coal_ore":16,"minecraft:gravel":1,"minecraft:sand":19,"minecraft:dirt":571,"minecraft:acacia_planks":5,"minecraft:stone_bricks":9,"minecraft:oak_leaves":19,"minecraft:deepslate":52},"minecraft:crafted":{"minecraft:brick":9,"minecraft:oak_planks":308,"minecraft:furnace":1,"minecraft:stone":353,"minecraft:diamond_shovel":2,"minecraft:cooked_mutton":6,"minecraft:flint_and_steel":1,"minecraft:iron_axe":1,"minecraft:stone_pickaxe":1,"minecraft:stone_pressure_plate":5,"minecraft:stone_bricks":144,"minecraft:flower_pot":3,"minecraft:cooked_beef":12,"minecraft:emerald":39,"minecraft:diamond_axe":1,"minecraft:crafting_table":1,"minecraft:wooden_pickaxe":1,"minecraft:bucket":1,"minecraft:stone_axe":1,"minecraft:air":0,"minecraft:charcoal":19,"minecraft:diamond_pickaxe":1,"minecraft:stick":28,"minecraft:wooden_axe":1},"minecraft:dropped":{"minecraft:iron_ingot":3,"minecraft:porkchop":1,"minecraft:wheat_seeds":3,"minecraft:lapis_lazuli":68,"minecraft:cobblestone":84,"minecraft:leather":7,"minecraft:granite":1,"minecraft:yellow_carpet":3,"minecraft:dirt":3,"minecraft:wooden_axe":1,"minecraft:oak_stairs":2,"minecraft:gold_nugget":2,"minecraft:iron_pickaxe":1,"minecraft:string":231,"minecraft:white_wool":1,"minecraft:redstone":74,"minecraft:bone":2,"minecraft:oak_door":2,"minecraft:furnace":1,"minecraft:stone_axe":2,"minecraft:obsidian":1,"minecraft:light_gray_wool":1,"minecraft:stripped_oak_log":1,"minecraft:salmon":1,"minecraft:flint_and_steel":3,"minecraft:poppy":3,"minecraft:potato":5,"minecraft:diamond_pickaxe":1,"minecraft:yellow_bed":1,"minecraft:chest":1,"minecraft:wooden_pickaxe":3,"minecraft:stone_pickaxe":2,"minecraft:scaffolding":3},"minecraft:broken":{"minecraft:diamond_shovel":2},"minecraft:killed":{"minecraft:skeleton":4,"minecraft:salmon":3,"minecraft:iron_golem":1,"minecraft:sheep":1,"minecraft:zombie":1,"minecraft:cow":5}},"DataVersion":3953}